split,class,patient,relative_path,sha256,shape,dtype
train,Benign,BreaDM-Be-1801,train/Benign/BreaDM-Be-1801/p-032.npy,a36cc94d8acc827374cd6985d51d4befa0d77fe0ed21f2501e89a751fa0d8d05,"(26, 36, 9)",uint8
train,Benign,BreaDM-Be-1801,train/Benign/BreaDM-Be-1801/p-033.npy,d04f34e485518968134c1b57c43a625e181d2e070ccb9e4c0eae6966a41d3897,"(26, 36, 9)",uint8
train,Benign,BreaDM-Be-1801,train/Benign/BreaDM-Be-1801/p-034.npy,4eb6ba9122f3e38b0ab78891184d84d60dd2deccf7b8c55873a4d76008d5f153,"(26, 36, 9)",uint8
train,Benign,BreaDM-Be-1801,train/Benign/BreaDM-Be-1801/p-035.npy,d02c1f56e7e8a51b9ab59be235344a9bd7675cc1c6f8b9e95fc7397ebba8fb71,"(26, 36, 9)",uint8
train,Benign,BreaDM-Be-1801,train/Benign/BreaDM-Be-1801/p-036.npy,f3b4849d690649f02c0b02c735fb57fc69bb5e69abac0a12a21bc0bc6171a0a6,"(26, 36, 9)",uint8
train,Benign,BreaDM-Be-1801,train/Benign/BreaDM-Be-1801/p-037.npy,eeddd609be302a9e4be5a6dcc7c22fe9d4e4ef26acd8be1f391e449e3fbf2a23,"(26, 36, 9)",uint8
train,Benign,BreaDM-Be-1801,train/Benign/BreaDM-Be-1801/p-038.npy,5565598a85f2f429d1185fe1de1bde74c14b6707ea6793dcfc242a4b1d841bcf,"(26, 36, 9)",uint8
train,Benign,BreaDM-Be-1803,train/Benign/BreaDM-Be-1803/p-035.npy,162a686b9994094db8bc033ff62b98fd9890ecfabf64fd3504d5497cfa7924d3,"(11, 20, 9)",uint8
train,Benign,BreaDM-Be-1803,train/Benign/BreaDM-Be-1803/p-036.npy,d29e47230e65ed38f97a0b6392afae60a73b58a74582fb1720142f5d5b2a7b39,"(11, 20, 9)",uint8
train,Benign,BreaDM-Be-1803,train/Benign/BreaDM-Be-1803/p-037.npy,8344b82eda6ee0d3c18ec2c9701252b90263f6b23ac08f9b2bd3a235b6a97ff7,"(11, 20, 9)",uint8
train,Benign,BreaDM-Be-1804,train/Benign/BreaDM-Be-1804/p-023.npy,e6c49ec646ea0cef8497a0dcb7ff409b5f96f975071be4f5813dcaf6615fe5d1,"(37, 26, 9)",uint8
train,Benign,BreaDM-Be-1804,train/Benign/BreaDM-Be-1804/p-024.npy,7b2966451da63f52b7534686579481b74b43d99b663ee378bfe648d60794f2a3,"(37, 26, 9)",uint8
train,Benign,BreaDM-Be-1804,train/Benign/BreaDM-Be-1804/p-025.npy,4eedfa26890e565f4f35289ca48439d72bf5245af10d7b2ee37708b4929714ed,"(37, 26, 9)",uint8
train,Benign,BreaDM-Be-1804,train/Benign/BreaDM-Be-1804/p-026.npy,de6329a80f988bbfdc25312ffe41a3804ced30ba8df380daaaf90b0257bae34f,"(37, 26, 9)",uint8
train,Benign,BreaDM-Be-1805,train/Benign/BreaDM-Be-1805/p-025.npy,cb419571fe36b0427312a820b9139fd15e121fcb7742874b6c611febb285cc9e,"(27, 34, 9)",uint8
train,Benign,BreaDM-Be-1805,train/Benign/BreaDM-Be-1805/p-026.npy,511f88d2bd29ebeaa046796769c5f609f4c10dc79888c6906297613945ab5bed,"(27, 34, 9)",uint8
train,Benign,BreaDM-Be-1805,train/Benign/BreaDM-Be-1805/p-027.npy,956ee0f6f6c274ef15c7b20fe3f7482df98794faf67f12babdf9cbba2dfa2076,"(27, 34, 9)",uint8
train,Benign,BreaDM-Be-1805,train/Benign/BreaDM-Be-1805/p-028.npy,7f92b78521aaccf9c437d0bca8ed3076d793d164a954363b353db84d5c9f00dc,"(27, 34, 9)",uint8
train,Benign,BreaDM-Be-1805,train/Benign/BreaDM-Be-1805/p-029.npy,ff15d8c03953dda00bfb21a048125ab4ef7323a616d2df9630d2da005979ac24,"(27, 34, 9)",uint8
train,Benign,BreaDM-Be-1805,train/Benign/BreaDM-Be-1805/p-030.npy,a240d0d2de888a889bcc6ec1b4575c0e04c09e6b700fa211c4fd77cab20853fe,"(27, 34, 9)",uint8
train,Benign,BreaDM-Be-1805,train/Benign/BreaDM-Be-1805/p-031.npy,9c19d00351eeeff990c4567dea12500afeee1967418f470d203de5aae2fdbfc0,"(27, 34, 9)",uint8
train,Benign,BreaDM-Be-1805,train/Benign/BreaDM-Be-1805/p-032.npy,f8849a689fdce800d74d0f77a2474528e1a9d16e6d8d02563ad0c7af2199bc9c,"(27, 34, 9)",uint8
train,Benign,BreaDM-Be-1805,train/Benign/BreaDM-Be-1805/p-033.npy,396774e73a28b189f3a2e0a0f9889a239189eb097e744b3b83a405003bd2d1e9,"(27, 34, 9)",uint8
train,Benign,BreaDM-Be-1806,train/Benign/BreaDM-Be-1806/p-024.npy,0859c0112570c5d7b456aa11229c3c96b69347d14c46c9ebe8ad9200b1aa5287,"(34, 32, 9)",uint8
train,Benign,BreaDM-Be-1806,train/Benign/BreaDM-Be-1806/p-025.npy,2049378295636ca8cc9fba43c641a8ef713d788720f8ccbc842400dc77e1317d,"(34, 32, 9)",uint8
train,Benign,BreaDM-Be-1806,train/Benign/BreaDM-Be-1806/p-026.npy,45917398824c66c32f9dcd7ad2acb4b41d778aff865aff7f578d33260b185eb5,"(34, 32, 9)",uint8
train,Benign,BreaDM-Be-1806,train/Benign/BreaDM-Be-1806/p-027.npy,90b1c344a822670dcfb15c2524bb3581bf50f84a672d3de75e3a12927b47af86,"(34, 32, 9)",uint8
train,Benign,BreaDM-Be-1806,train/Benign/BreaDM-Be-1806/p-028.npy,169f45f72c7c26ef90a46a61442e8455f818b824299d75f6be7629ec4d2497a4,"(34, 32, 9)",uint8
train,Benign,BreaDM-Be-1806,train/Benign/BreaDM-Be-1806/p-029.npy,48f3539a81430029ed560b7594ba6ec5516d06439491d9b311f8ddd6f95f9f76,"(34, 32, 9)",uint8
train,Benign,BreaDM-Be-1807,train/Benign/BreaDM-Be-1807/p-025.npy,81a6177eb4518108be15dc4e73261ddda044c9b36fa9b9455d615b1541010996,"(23, 20, 9)",uint8
train,Benign,BreaDM-Be-1807,train/Benign/BreaDM-Be-1807/p-026.npy,e6145dc4b24167e73f9fca417a53893608bf0e88cb6ce6769e039a6e30728afe,"(23, 20, 9)",uint8
train,Benign,BreaDM-Be-1807,train/Benign/BreaDM-Be-1807/p-027.npy,2c3afaf0fb1ee4cc95ed7d9679c6cd3b723cfe433ed745bbe9048e3f39ecc8d8,"(23, 20, 9)",uint8
train,Benign,BreaDM-Be-1807,train/Benign/BreaDM-Be-1807/p-028.npy,beffbd3c6b35061a3ac8af5c415d5abe6ab72f8366a5119f92d00c80ead86286,"(23, 20, 9)",uint8
train,Benign,BreaDM-Be-1808,train/Benign/BreaDM-Be-1808/p-031.npy,f97e39419d433e82a0becae38e5de08fe19842ba01a8cbb6d9dd1e687d8be127,"(38, 32, 9)",uint8
train,Benign,BreaDM-Be-1808,train/Benign/BreaDM-Be-1808/p-032.npy,116c36ad3f7344180d03a51aab2eb896c3deb4b4ed668dd9213c242317d67159,"(38, 32, 9)",uint8
train,Benign,BreaDM-Be-1808,train/Benign/BreaDM-Be-1808/p-033.npy,19eb4bd0f3fd0deb28c38c08d96aba022b92a2ed8f4837baa3c1d782171236d0,"(38, 32, 9)",uint8
train,Benign,BreaDM-Be-1808,train/Benign/BreaDM-Be-1808/p-034.npy,ea2a90b101cebb3ec7bb26dbc90c36d9a9e7730dba63dbf2627ea11235718846,"(38, 32, 9)",uint8
train,Benign,BreaDM-Be-1808,train/Benign/BreaDM-Be-1808/p-035.npy,719cec1640bb6cad7bd88531dba55cc64c47596bb1f18f116bc8e31317d63cfc,"(38, 32, 9)",uint8
train,Benign,BreaDM-Be-1808,train/Benign/BreaDM-Be-1808/p-036.npy,626ea9f883ec5ccacc32906e19ecd45f0d71c134a7a0676476f88f4453026720,"(38, 32, 9)",uint8
train,Benign,BreaDM-Be-1808,train/Benign/BreaDM-Be-1808/p-037.npy,98e52dee0ff9bf72bb5b800622d46c2c34315ae0beaff6acbbda812736de8b5b,"(38, 32, 9)",uint8
train,Benign,BreaDM-Be-1808,train/Benign/BreaDM-Be-1808/p-038.npy,67b76220fd442baddfe633d34e1358493bef4b5b5cde51f5bbd048f426b16bae,"(38, 32, 9)",uint8
train,Benign,BreaDM-Be-1808,train/Benign/BreaDM-Be-1808/p-039.npy,3432a13feed1c6d97c0305a8e5e942f679ded921cdd92fdb6161f3a4715673d5,"(38, 32, 9)",uint8
train,Benign,BreaDM-Be-1808,train/Benign/BreaDM-Be-1808/p-040.npy,ce51bba398e9f5a3522b78d9fcecda49046ec5a5a8ead30c41d0a4ba7605419f,"(38, 32, 9)",uint8
train,Benign,BreaDM-Be-1808,train/Benign/BreaDM-Be-1808/p-041.npy,a81a69c086ba5da206922f4d30987af021cc107250d6d308c1ae120fb2c3c1ac,"(38, 32, 9)",uint8
train,Benign,BreaDM-Be-1809,train/Benign/BreaDM-Be-1809/p-031.npy,e01d0a39bc418c69eec4b08a409dde1b7ee32c25f9c3ec056098523cb17aa992,"(19, 18, 9)",uint8
train,Benign,BreaDM-Be-1809,train/Benign/BreaDM-Be-1809/p-032.npy,f53b69ae37bc673a19b8e2d6ab02052ce1c4f904af1ba0509bb0ee0ce39e1f0d,"(19, 18, 9)",uint8
train,Benign,BreaDM-Be-1809,train/Benign/BreaDM-Be-1809/p-033.npy,56180eb81dc2492d08737332c9647de33fda497a88d453bd1ff2fb7b719927a0,"(19, 18, 9)",uint8
train,Benign,BreaDM-Be-1811,train/Benign/BreaDM-Be-1811/p-028.npy,305c3a6ab753286d42bc3dca7e3fe57f035c4a111b3a59f2d5c9a4ba896e3679,"(13, 11, 9)",uint8
train,Benign,BreaDM-Be-1811,train/Benign/BreaDM-Be-1811/p-029.npy,47f41a128454b9ff9c8692156cf74b9650d53a99255ddda36eabdbbb0311a48c,"(13, 11, 9)",uint8
train,Benign,BreaDM-Be-1811,train/Benign/BreaDM-Be-1811/p-030.npy,828be3725fb1d46ecdf948798ddbf1c41387560ac3f5f04c509574142260a052,"(13, 11, 9)",uint8
train,Benign,BreaDM-Be-1812,train/Benign/BreaDM-Be-1812/p-025.npy,814331bc963e67c5223636e1fb382c35be515095bae39adf2dd67dddb5796e32,"(17, 22, 9)",uint8
train,Benign,BreaDM-Be-1812,train/Benign/BreaDM-Be-1812/p-026.npy,8d1eff7d192c366a6a0f6f5617318874815b5a36e167eade35d50ba407f3cd32,"(17, 22, 9)",uint8
train,Benign,BreaDM-Be-1812,train/Benign/BreaDM-Be-1812/p-027.npy,e221ea503607e100b15741c4d54719cf283ca956546938028d059e5fdca3c816,"(17, 22, 9)",uint8
train,Benign,BreaDM-Be-1812,train/Benign/BreaDM-Be-1812/p-028.npy,1fcbed29068d2f09731482e6bfbdf853c3c81bc047e4869bb11de85e4fcbaea7,"(17, 22, 9)",uint8
train,Benign,BreaDM-Be-1812,train/Benign/BreaDM-Be-1812/p-029.npy,1c267eeab5de178753002d2f672b448ab5f9630a4e25e73f5208d01429c0f5d1,"(17, 22, 9)",uint8
train,Benign,BreaDM-Be-1814,train/Benign/BreaDM-Be-1814/p-037.npy,3aca4fcdd0e25f1e636824fb682108c1b3780402b2a89e8e1c5ce76c6a0a4d14,"(28, 30, 9)",uint8
train,Benign,BreaDM-Be-1814,train/Benign/BreaDM-Be-1814/p-038.npy,b563a7a871b1fb5d4c8edf382f4e57146ac47155e55e593f151d81eb2ca50eb3,"(28, 30, 9)",uint8
train,Benign,BreaDM-Be-1814,train/Benign/BreaDM-Be-1814/p-039.npy,8ca5fc486bbb38963b97e5f38d825d7cf5554de1bafc70bb504b2df92126b408,"(28, 30, 9)",uint8
train,Benign,BreaDM-Be-1814,train/Benign/BreaDM-Be-1814/p-040.npy,4bede05389cc1cbfdd58d7d1b8e86783de6227e37c6af4fc3c1ad8b443c0af7b,"(28, 30, 9)",uint8
train,Benign,BreaDM-Be-1814,train/Benign/BreaDM-Be-1814/p-041.npy,6546c79a2c1abc50e22a98a5f4c9c745925c02ff1c213049d021744821dbf4c4,"(28, 30, 9)",uint8
train,Benign,BreaDM-Be-1816,train/Benign/BreaDM-Be-1816/p-025.npy,f1e2218429070f4747794a36cc68afd28cb2a80dd1aea6ef328f64a719b0f8e7,"(13, 13, 9)",uint8
train,Benign,BreaDM-Be-1816,train/Benign/BreaDM-Be-1816/p-026.npy,753654a26e7c8ff8d44697ada74feaee0eb2c05aca14f1a0bff62095780a20d3,"(13, 13, 9)",uint8
train,Benign,BreaDM-Be-1816,train/Benign/BreaDM-Be-1816/p-027.npy,cdecd1398e06877f49feac747cb7f89a14a82e6e7ecfd93b2f9ac0994bb16706,"(13, 13, 9)",uint8
train,Benign,BreaDM-Be-1817,train/Benign/BreaDM-Be-1817/p-037.npy,31cd76d866a7ae871d93b5a0a71dab2d74348db0c7b5b4de9528f489882a88fd,"(28, 23, 9)",uint8
train,Benign,BreaDM-Be-1817,train/Benign/BreaDM-Be-1817/p-038.npy,3c5f0892bcc37dc67ba1c237d3a64182f6218273142880dfcfc41ca0adeaa5fb,"(28, 23, 9)",uint8
train,Benign,BreaDM-Be-1817,train/Benign/BreaDM-Be-1817/p-039.npy,d6b26c0c3031e63af1a5cc09c826680b1d093b81d968ee550afb78fe6c402b69,"(28, 23, 9)",uint8
train,Benign,BreaDM-Be-1817,train/Benign/BreaDM-Be-1817/p-040.npy,c219aa15732c87ca2ae6132668e65b849ecf47655a8dde6bd4a1caf6d012f6ac,"(28, 23, 9)",uint8
train,Benign,BreaDM-Be-1817,train/Benign/BreaDM-Be-1817/p-041.npy,637b073f71abd333f3be622be4c8f0e3c26f8c6bd2120dbf037c6d20ab2672f8,"(28, 23, 9)",uint8
train,Benign,BreaDM-Be-1817,train/Benign/BreaDM-Be-1817/p-042.npy,ebe6458d1114488f7800a74c4087afa758ec123897fe53f7826d9487e948adbe,"(28, 23, 9)",uint8
train,Benign,BreaDM-Be-1817,train/Benign/BreaDM-Be-1817/p-043.npy,ddf216ecc6e70e9bdfb72eb771fe02c7c6caf67e2a92108229d9e76a3013997e,"(28, 23, 9)",uint8
train,Benign,BreaDM-Be-1817,train/Benign/BreaDM-Be-1817/p-044.npy,2e88b986ff20f0d50d584ad1e218fc9587112501d8e17fd01a32d13f44a1f376,"(28, 23, 9)",uint8
train,Benign,BreaDM-Be-1818,train/Benign/BreaDM-Be-1818/p-025.npy,2ee6b2c27198fa08a2cde4aa734e3ecf60d166a42fc3c91ef92358de0ac5bed4,"(11, 16, 9)",uint8
train,Benign,BreaDM-Be-1818,train/Benign/BreaDM-Be-1818/p-026.npy,929cb817d875b3c71b6826afcdd40cc4bf5e1df34f0cb7ceb095571fd79f440e,"(11, 16, 9)",uint8
train,Benign,BreaDM-Be-1818,train/Benign/BreaDM-Be-1818/p-027.npy,bc2a86a0719ffbe361685610425c552303a76f0cf7856bfa6c6d87cc0cbc8fcb,"(11, 16, 9)",uint8
train,Benign,BreaDM-Be-1819,train/Benign/BreaDM-Be-1819/p-040.npy,b8a0733ccfe291024759ed7d9dd3c02e9e5b840212a26de97684f13a1eead36a,"(37, 46, 9)",uint8
train,Benign,BreaDM-Be-1819,train/Benign/BreaDM-Be-1819/p-041.npy,5f25308823153c2ef6cb690c3ce5bdf1ecd61b5c4925f96a55dcb0da8bbd67a1,"(37, 46, 9)",uint8
train,Benign,BreaDM-Be-1819,train/Benign/BreaDM-Be-1819/p-042.npy,b9f4d5c1191f3da3e8cce190a350529dbaebdcd4d980db689cb31d62c3f97428,"(37, 46, 9)",uint8
train,Benign,BreaDM-Be-1819,train/Benign/BreaDM-Be-1819/p-043.npy,f9a06a443e148b1642d56f030f17708386b31b38c84cda61ff2348f4cf6beee9,"(37, 46, 9)",uint8
train,Benign,BreaDM-Be-1819,train/Benign/BreaDM-Be-1819/p-044.npy,f383ea0727d6d3b46fd5d2d543c9c8c83e105b33d4e6c399214139c3d7adc81a,"(37, 46, 9)",uint8
train,Benign,BreaDM-Be-1819,train/Benign/BreaDM-Be-1819/p-045.npy,fc404b3a96844daf8c44b7a864de611be818ed9a4f30db78c27b6ccf3362dfc3,"(37, 46, 9)",uint8
train,Benign,BreaDM-Be-1819,train/Benign/BreaDM-Be-1819/p-046.npy,e07dcfe0cfdd0f0ae47f7301aac57bce9491da354d1d9bd94e15256c59621ff4,"(37, 46, 9)",uint8
train,Benign,BreaDM-Be-1819,train/Benign/BreaDM-Be-1819/p-047.npy,8acdf3bcaa203baf4d0a343f227db2c5dcda3529e20ce03d5da93fda0fe708d8,"(37, 46, 9)",uint8
train,Benign,BreaDM-Be-1819,train/Benign/BreaDM-Be-1819/p-048.npy,82fa8ac340901eb68920c11badd6e2e769d93001a2285926a800dd98dc38462c,"(37, 46, 9)",uint8
train,Benign,BreaDM-Be-1819,train/Benign/BreaDM-Be-1819/p-049.npy,3b9b48eab43fd23d793352e7715f2d28908da1e77d931260526b59a89de9a8f8,"(37, 46, 9)",uint8
train,Benign,BreaDM-Be-1819,train/Benign/BreaDM-Be-1819/p-050.npy,5ec1c427272bae26f0878aff7144c1d83dbedcda83add51a61825b36eb691882,"(37, 46, 9)",uint8
train,Benign,BreaDM-Be-1819,train/Benign/BreaDM-Be-1819/p-051.npy,de32ffbb4f0ce4cd1e598146c42d5699e0c79ec86605ea0b0a0ee75bf26e0ef5,"(37, 46, 9)",uint8
train,Benign,BreaDM-Be-1819,train/Benign/BreaDM-Be-1819/p-052.npy,db745da15efa384258daba765993d9c6c9ace5e894b3b7279ccde20fcf927903,"(37, 46, 9)",uint8
train,Benign,BreaDM-Be-1819,train/Benign/BreaDM-Be-1819/p-053.npy,e5785f2560f50b9f8e6855e387656be6a2e78a95ab0364eca9d5ad055bdb256c,"(37, 46, 9)",uint8
train,Benign,BreaDM-Be-1819,train/Benign/BreaDM-Be-1819/p-054.npy,5327f2417e70967a9ac9b9ec5b398bcd191e90b25614ed7847736a23c32783ab,"(37, 46, 9)",uint8
train,Benign,BreaDM-Be-1819,train/Benign/BreaDM-Be-1819/p-055.npy,396a94b0a3e14bfab0a6a44fb1ee4112b6903bb590b2d3acca57d6507c30ae87,"(37, 46, 9)",uint8
train,Benign,BreaDM-Be-1819,train/Benign/BreaDM-Be-1819/p-056.npy,445f33ecc0844be26c0f68185d53217a99890c4bd92c85d2c2b1059b18925eb1,"(37, 46, 9)",uint8
train,Benign,BreaDM-Be-1819,train/Benign/BreaDM-Be-1819/p-057.npy,9df945d34d12d7a1e13d355f2d03acedee0da60428a82aedece92d2ec37533d1,"(37, 46, 9)",uint8
train,Benign,BreaDM-Be-1819,train/Benign/BreaDM-Be-1819/p-058.npy,d58f1ebd7be063848af376f41df94439ccdd2b4eb6d1b3732c7d60f05adbbe73,"(37, 46, 9)",uint8
train,Benign,BreaDM-Be-1820,train/Benign/BreaDM-Be-1820/p-029.npy,68c2536b2f48629aef2c0a5205922cf200008ce6173e02b9bf2bc058c40e1498,"(52, 56, 9)",uint8
train,Benign,BreaDM-Be-1820,train/Benign/BreaDM-Be-1820/p-030.npy,40c7cdfd3ec4a2cb7d00d161c11db7bb41426dbe4aadd87ec4d93d59711005f9,"(52, 56, 9)",uint8
train,Benign,BreaDM-Be-1820,train/Benign/BreaDM-Be-1820/p-031.npy,7dd541dc0debec3a16e836616625e80af62bc8f6552e7c97c227911840df8390,"(52, 56, 9)",uint8
train,Benign,BreaDM-Be-1820,train/Benign/BreaDM-Be-1820/p-032.npy,195b66d25c2d75a95adb790b2df7166b9c3bcac7479d8b52f050c84437ec591b,"(52, 56, 9)",uint8
train,Benign,BreaDM-Be-1820,train/Benign/BreaDM-Be-1820/p-033.npy,b53c7982046cd0875f102e351fe706eb574119651e3d105775d766d5a59561f2,"(52, 56, 9)",uint8
train,Benign,BreaDM-Be-1820,train/Benign/BreaDM-Be-1820/p-034.npy,477828b984d828f0d1b03a6c3dbc0aa7adefb9f2fd8d1ff096f71d12fce28e82,"(52, 56, 9)",uint8
train,Benign,BreaDM-Be-1820,train/Benign/BreaDM-Be-1820/p-035.npy,4a5b76b8005320d285eb3dbed5a35a070cd86d98d6dd9b9185c02b3e8e77eb62,"(52, 56, 9)",uint8
train,Benign,BreaDM-Be-1820,train/Benign/BreaDM-Be-1820/p-036.npy,19eb61146c7ce59fd503ee5c6564399f49805da90ade3d8f39abf76a62b152e0,"(52, 56, 9)",uint8
train,Benign,BreaDM-Be-1820,train/Benign/BreaDM-Be-1820/p-037.npy,46f21417fe370e92579503108a3df2d70595c1dc8006ef0ee367679edf928188,"(52, 56, 9)",uint8
train,Benign,BreaDM-Be-1820,train/Benign/BreaDM-Be-1820/p-038.npy,1c70ba2d8fde65b22dcd6a7ff7171578c2e6d2a33c209b6ade32857101feb943,"(52, 56, 9)",uint8
train,Benign,BreaDM-Be-1820,train/Benign/BreaDM-Be-1820/p-039.npy,406494239c9d6cfb56dc4ddd02c34480308fe3db1c6c2ee7854bec2d63237745,"(52, 56, 9)",uint8
train,Benign,BreaDM-Be-1820,train/Benign/BreaDM-Be-1820/p-040.npy,8ae86c4b0d1981f05ed2319c3dc3f69a83e2ee7892bbba26d40e8a8327b9294e,"(52, 56, 9)",uint8
train,Benign,BreaDM-Be-1820,train/Benign/BreaDM-Be-1820/p-041.npy,f100d345af26e81f57b7dc2bc65a4834cc2ea1712c48a446a65c7eaa2ef56c50,"(52, 56, 9)",uint8
train,Benign,BreaDM-Be-1820,train/Benign/BreaDM-Be-1820/p-042.npy,d07d2fcf186192281e70505065ad5fdc1dc2e9a539128035cb9ecba26bd744ba,"(52, 56, 9)",uint8
train,Benign,BreaDM-Be-1821,train/Benign/BreaDM-Be-1821/p-039.npy,78aaeedcc9efcc3265ebc3f4610fefac41e12973219735228fcb2b9886524395,"(15, 14, 9)",uint8
train,Benign,BreaDM-Be-1821,train/Benign/BreaDM-Be-1821/p-040.npy,c2ba58faa832b4defb506bbeecb4ef7861117624113fe04749f6315875bd2e5c,"(15, 14, 9)",uint8
train,Benign,BreaDM-Be-1821,train/Benign/BreaDM-Be-1821/p-041.npy,a2970b9aee1ef28513b5bd862456d933000fbeada4dcd20710e3ce28637e4aca,"(15, 14, 9)",uint8
train,Benign,BreaDM-Be-1821,train/Benign/BreaDM-Be-1821/p-042.npy,fadfa87cfdad906b1774eb9a9077250073bb7d8c5695ea4abbd7a206aebd7f5e,"(15, 14, 9)",uint8
train,Benign,BreaDM-Be-1823,train/Benign/BreaDM-Be-1823/p-044.npy,ea0baee5cac7d70b54d857452ae7bb1e50f09f532bb9ca233dfab81f1ce33005,"(16, 16, 9)",uint8
train,Benign,BreaDM-Be-1823,train/Benign/BreaDM-Be-1823/p-045.npy,bf61d7c5c63825507e277dc21715390d8f7d19e7d4451d618f85ba8f32bc5458,"(16, 16, 9)",uint8
train,Benign,BreaDM-Be-1824,train/Benign/BreaDM-Be-1824/p-022.npy,dd925b4ee32bc930565676e8d7927a479d84449f0741df0df5c71d3ee073572b,"(16, 13, 9)",uint8
train,Benign,BreaDM-Be-1824,train/Benign/BreaDM-Be-1824/p-023.npy,cb0647fc0d7ec94cf7af2522dd9936eb603f25317ac3d702c79ea27ecef6d038,"(16, 13, 9)",uint8
train,Benign,BreaDM-Be-1824,train/Benign/BreaDM-Be-1824/p-024.npy,63429fbd94d11acc99699652d5a47ce4ba39a8af8191aca912355346468acf57,"(16, 13, 9)",uint8
train,Benign,BreaDM-Be-1824,train/Benign/BreaDM-Be-1824/p-025.npy,8149f80f25775207d720c7df0f4e5f5df029aff51dd71f594964b6507b46c4d2,"(16, 13, 9)",uint8
train,Benign,BreaDM-Be-1825,train/Benign/BreaDM-Be-1825/p-041.npy,b07594fe7ab57ff496c93e98b0ecbbe2c50eb428818b30f0a1abeb9c7d8aa845,"(41, 24, 9)",uint8
train,Benign,BreaDM-Be-1825,train/Benign/BreaDM-Be-1825/p-042.npy,819db7b634f5ab4816b8ca9a50964e18a7979069f3ed2ecb20d8c3527d5d9fa7,"(41, 24, 9)",uint8
train,Benign,BreaDM-Be-1827,train/Benign/BreaDM-Be-1827/p-031.npy,508ff74fbebbaaa29587d271d8034dab421da2d880daa0a8b532c0a7ae432cf0,"(12, 14, 9)",uint8
train,Benign,BreaDM-Be-1827,train/Benign/BreaDM-Be-1827/p-032.npy,8af18d994fa59c5f5667ae733962ac44ad160f9a1b3489895e05f7f80d2dbba8,"(12, 14, 9)",uint8
train,Benign,BreaDM-Be-1827,train/Benign/BreaDM-Be-1827/p-033.npy,cdfcd61e79a0e96323a81854c57076ccac2d96931393a87edb4618dad3f62d6e,"(12, 14, 9)",uint8
train,Benign,BreaDM-Be-1827,train/Benign/BreaDM-Be-1827/p-034.npy,a570c270705e971a7f89083407f92809710df9acdd5369ef949b5ba739e9d3e2,"(12, 14, 9)",uint8
train,Benign,BreaDM-Be-1828,train/Benign/BreaDM-Be-1828/p-018.npy,14d70088cffa7e2b745041f7f7dbf401687fe9819dc4874930fb0fc94137338b,"(14, 19, 9)",uint8
train,Benign,BreaDM-Be-1828,train/Benign/BreaDM-Be-1828/p-019.npy,25cec6f70b22260d4d3f11f043ef2b8d71789bb0dc85af0b1433935b4de410b1,"(14, 19, 9)",uint8
train,Benign,BreaDM-Be-1829,train/Benign/BreaDM-Be-1829/p-026.npy,0576e27d64524f45ec9151f5e7bbdb05dcbf537edaf8a1fc03d6765301bcd573,"(14, 16, 9)",uint8
train,Benign,BreaDM-Be-1829,train/Benign/BreaDM-Be-1829/p-027.npy,d1b56a3cbeba84c2b4c60192a56952c5370f7a5bf8cb624ebc400fcbe02ea084,"(14, 16, 9)",uint8
train,Benign,BreaDM-Be-1829,train/Benign/BreaDM-Be-1829/p-028.npy,9ca541434e57b78aa448b0c3684662447f3d65c3b3e65ff9a317500968b84cde,"(14, 16, 9)",uint8
train,Benign,BreaDM-Be-1829,train/Benign/BreaDM-Be-1829/p-029.npy,51e6926d12243efb1527a3f6226344ce4cd384b1f45815f964783b7cb5c86da3,"(14, 16, 9)",uint8
train,Benign,BreaDM-Be-1830,train/Benign/BreaDM-Be-1830/p-033.npy,95a6b032deee824f7c850457f603b399f27ad8c504acbf3951867f1d5b0d97d5,"(11, 13, 9)",uint8
train,Benign,BreaDM-Be-1830,train/Benign/BreaDM-Be-1830/p-034.npy,bbcd8b321bce412ba8847b93af831d12850e30ead661e780cc93300e064803f5,"(11, 13, 9)",uint8
train,Benign,BreaDM-Be-1831,train/Benign/BreaDM-Be-1831/p-035.npy,26e565cb4e389a3e79097226b705b02a24502df400e47bd7f7fb95f157f6df03,"(18, 16, 9)",uint8
train,Benign,BreaDM-Be-1831,train/Benign/BreaDM-Be-1831/p-036.npy,fa5b393dc77b028e14d335a3a5810cb9d17cd4a9d68fc5ec1416e2eeec2ad8f3,"(18, 16, 9)",uint8
train,Benign,BreaDM-Be-1831,train/Benign/BreaDM-Be-1831/p-037.npy,aa861fd06bb6e175d0c77c413f12919eb9062cf3c41e477adf0c973b9b87c216,"(18, 16, 9)",uint8
train,Benign,BreaDM-Be-1831,train/Benign/BreaDM-Be-1831/p-038.npy,b205fdf579c4ad99a6a125df58cb1258b6137794d032fe7b1e26fc0a549d4901,"(18, 16, 9)",uint8
train,Benign,BreaDM-Be-1901,train/Benign/BreaDM-Be-1901/p-048.npy,f46bbf7adcc372f84054a14c0820d371047db0d397ea8ccbf2a9eea00bf42115,"(13, 13, 9)",uint8
train,Benign,BreaDM-Be-1901,train/Benign/BreaDM-Be-1901/p-049.npy,a53a090d2122f990433b8a7ca94c5f7dbb59c356bcd96050591b67cc58604ab2,"(13, 13, 9)",uint8
train,Benign,BreaDM-Be-1901,train/Benign/BreaDM-Be-1901/p-050.npy,c5de52839f2d802ebbd36c084a3c627907de5d9b3abf5badb3abab15a98c2456,"(13, 13, 9)",uint8
train,Benign,BreaDM-Be-1902,train/Benign/BreaDM-Be-1902/p-026.npy,e92e2b5d54c6888c1f6178c994c569aca094d10c74cdf427bf064b9b1660efc3,"(14, 14, 9)",uint8
train,Benign,BreaDM-Be-1902,train/Benign/BreaDM-Be-1902/p-027.npy,29c9e1979fc6724213f3cced6df7095d9fa9eaa9787a7b977574ee355773d3f4,"(14, 14, 9)",uint8
train,Benign,BreaDM-Be-1903,train/Benign/BreaDM-Be-1903/p-025.npy,7dc3efc180ef78a7baa287372dcc7494fbd28057a9902a70949713d1f50a0324,"(11, 11, 9)",uint8
train,Benign,BreaDM-Be-1903,train/Benign/BreaDM-Be-1903/p-026.npy,1095fe3a55d23b27604792ec063da9ba38388e30b218e7914d73fae633609636,"(11, 11, 9)",uint8
train,Benign,BreaDM-Be-1903,train/Benign/BreaDM-Be-1903/p-027.npy,d7140ed4e49a5b9822a910c0c4018d1c83b9355f1d67e7f10a40a92b18276fec,"(11, 11, 9)",uint8
train,Benign,BreaDM-Be-1904,train/Benign/BreaDM-Be-1904/p-033.npy,c131c34cc5b6ad8fd6d75b87d30c418a88fae5825fd28c3ef7b73cb1b015ad5d,"(19, 16, 9)",uint8
train,Benign,BreaDM-Be-1904,train/Benign/BreaDM-Be-1904/p-034.npy,4896c2ce83ca1e02f13f0bf2899eba80aff9bfc76520685f3269d2fbe0e0921e,"(19, 16, 9)",uint8
train,Benign,BreaDM-Be-1904,train/Benign/BreaDM-Be-1904/p-035.npy,a78563c8eb04f7bba002aa37cf68db6e193f77f440e9ae93f257c72c64e956d1,"(19, 16, 9)",uint8
train,Benign,BreaDM-Be-1908,train/Benign/BreaDM-Be-1908/p-031.npy,cad413bdadd944cc0684f5f859a97c0ff86d281b0cf5d15e814cd4e86e129df2,"(15, 15, 9)",uint8
train,Benign,BreaDM-Be-1908,train/Benign/BreaDM-Be-1908/p-032.npy,f05086a215722e4582f3a9f45c15b5e53fc4dc81ef630b7f5afd41446e0567f3,"(15, 15, 9)",uint8
train,Benign,BreaDM-Be-1908,train/Benign/BreaDM-Be-1908/p-033.npy,b5304bc9f6e6038d584068e96d3836f3cc734bcb4ee7003df09ab8cd7cb7f13e,"(15, 15, 9)",uint8
train,Benign,BreaDM-Be-1908,train/Benign/BreaDM-Be-1908/p-034.npy,902adf2c91a387dded3ae01e726df296c6fbf3266532929a87b3153a732cf91d,"(15, 15, 9)",uint8
train,Benign,BreaDM-Be-1910,train/Benign/BreaDM-Be-1910/p-018.npy,8a958ce32d23cc7156829c3e652b90ff7b71f962708b725c846f7f155a6d0b9e,"(26, 24, 9)",uint8
train,Benign,BreaDM-Be-1910,train/Benign/BreaDM-Be-1910/p-019.npy,b56f97a59b0c3aeb4c023e71cc71456f343ceb2da4e80deeba9c285ff795c82e,"(26, 24, 9)",uint8
train,Benign,BreaDM-Be-1910,train/Benign/BreaDM-Be-1910/p-020.npy,08c479c81cc982d2f7346bf0444d38c4c5836c4c31f8383128d2339aa08d5875,"(26, 24, 9)",uint8
train,Benign,BreaDM-Be-1910,train/Benign/BreaDM-Be-1910/p-021.npy,ad7f28bfb08481971258d723745348bd74196c68e1b6a7238056121e062a8456,"(26, 24, 9)",uint8
train,Benign,BreaDM-Be-1910,train/Benign/BreaDM-Be-1910/p-022.npy,56be41abe0e9915b4571ba00d7a81b55f643aaac4401eaa39f7d688385b7e8bf,"(26, 24, 9)",uint8
train,Benign,BreaDM-Be-1910,train/Benign/BreaDM-Be-1910/p-023.npy,ea9cb055e45fac4521fcca5323a3f97093810a0e39c971d30061dfa5287b2c73,"(26, 24, 9)",uint8
train,Benign,BreaDM-Be-1910,train/Benign/BreaDM-Be-1910/p-024.npy,92cfa167686b9869662b75fd726f424b59411080c7268e317d11d1c5682d7f08,"(26, 24, 9)",uint8
train,Benign,BreaDM-Be-1910,train/Benign/BreaDM-Be-1910/p-025.npy,cf52963b6e60ad22803480f03b9c7badd50b0ebbe59d1bb1efd08e89c6dd01c6,"(26, 24, 9)",uint8
train,Benign,BreaDM-Be-1910,train/Benign/BreaDM-Be-1910/p-026.npy,2cd3364398fd6522bf1fc07ba18def1fed93bd5d5fe7bac878593529d8c1e51f,"(26, 24, 9)",uint8
train,Benign,BreaDM-Be-1910,train/Benign/BreaDM-Be-1910/p-027.npy,7348c9ace24161cc2568330bcc698810d848d133a6e47acf7bc87b139c07153c,"(26, 24, 9)",uint8
train,Benign,BreaDM-Be-1910,train/Benign/BreaDM-Be-1910/p-028.npy,8a097182e26d7cd89898db005f22af1ae659b1efef8c231a63ec5000e85adb46,"(26, 24, 9)",uint8
train,Benign,BreaDM-Be-1910,train/Benign/BreaDM-Be-1910/p-029.npy,4838d3ef5d7a893094c699a51e38a00b963e37e673a607d89a0c402c6f1d1a69,"(26, 24, 9)",uint8
train,Benign,BreaDM-Be-1911,train/Benign/BreaDM-Be-1911/p-018.npy,8b8c38694bf7ea634028110cc3700e1a3bcab30355027ce5bce50911433f6391,"(15, 13, 9)",uint8
train,Benign,BreaDM-Be-1911,train/Benign/BreaDM-Be-1911/p-019.npy,4f2fb934205de534dfcfe7d09d50136c5829b58a1707860d777500110c33059d,"(15, 13, 9)",uint8
train,Benign,BreaDM-Be-1911,train/Benign/BreaDM-Be-1911/p-020.npy,5b1faa3527ee5b2c08cb5a7b60ff2ba0425f5d6c3723c2d25d4eb97fb611c5db,"(15, 13, 9)",uint8
train,Benign,BreaDM-Be-1911,train/Benign/BreaDM-Be-1911/p-021.npy,dd739a390819ac55c28a724e1bcde36e6dce190bf2a9c0d60de766c330f0334a,"(15, 13, 9)",uint8
train,Benign,BreaDM-Be-1912,train/Benign/BreaDM-Be-1912/p-033.npy,a930512a1a4d79ec79fd425f1997e7f202e4380d2c3aa189b3a989344f6497c9,"(24, 21, 9)",uint8
train,Benign,BreaDM-Be-1912,train/Benign/BreaDM-Be-1912/p-034.npy,cf6ef2b5f9a15652c70f8bddcc99746eedf36f61a607d08cb5849b1f59b1594e,"(24, 21, 9)",uint8
train,Benign,BreaDM-Be-1912,train/Benign/BreaDM-Be-1912/p-035.npy,cf60e0cfb56780e75ca09bb6c06fa2dd122a4c69787dfcbf2baf85351d77a58c,"(24, 21, 9)",uint8
train,Benign,BreaDM-Be-1912,train/Benign/BreaDM-Be-1912/p-036.npy,214c9600b576dcb4ac2c9ce8df6b67f661c235698bfb1a8d485928f97b72b689,"(24, 21, 9)",uint8
train,Benign,BreaDM-Be-1912,train/Benign/BreaDM-Be-1912/p-037.npy,1c1bef9e9f3a0c11b1f33183ee2cac344a9539d321ad2e30ff42900669fcba7f,"(24, 21, 9)",uint8
train,Benign,BreaDM-Be-1912,train/Benign/BreaDM-Be-1912/p-038.npy,baee51d05fbe26f018d12ba46851b74b63a2b4b49076e0fd56ccb29a058a2aae,"(24, 21, 9)",uint8
train,Benign,BreaDM-Be-1913,train/Benign/BreaDM-Be-1913/p-040.npy,09ed392eb1a50a7e6d99f515986a02c3efa5c900d492c012651136d46531aad5,"(22, 19, 9)",uint8
train,Benign,BreaDM-Be-1913,train/Benign/BreaDM-Be-1913/p-041.npy,cb441c5788450f77ecec969aa99afff0fed9b732360d52c1038026fc579c03f5,"(22, 19, 9)",uint8
train,Benign,BreaDM-Be-1913,train/Benign/BreaDM-Be-1913/p-042.npy,eb8fb8ad3393e543cad07f55a3f24a5390684ac402b70799c359c3a21e926267,"(22, 19, 9)",uint8
train,Benign,BreaDM-Be-1913,train/Benign/BreaDM-Be-1913/p-043.npy,70d19d491ee6f7df324dca110180871600d4c97edbf208ac455d0a5149e414c2,"(22, 19, 9)",uint8
train,Benign,BreaDM-Be-1913,train/Benign/BreaDM-Be-1913/p-044.npy,f3005875f41518f383faa218794173b5bde818687852c5a5fe8ac5469efc5f68,"(22, 19, 9)",uint8
train,Benign,BreaDM-Be-1915,train/Benign/BreaDM-Be-1915/p-022.npy,503d26bfb79356770b6e6215dfd5e3e786876154dc98b7a846a854c9cbae19e3,"(14, 15, 9)",uint8
train,Benign,BreaDM-Be-1915,train/Benign/BreaDM-Be-1915/p-023.npy,3badd6f7b55aba5c247c6bf6d752cbeb881a2b85fe08c99afa560f0126b4c33c,"(14, 15, 9)",uint8
train,Benign,BreaDM-Be-1915,train/Benign/BreaDM-Be-1915/p-024.npy,8c1a24c9172ff1429c5529254392c631e4f9402dd9b2172e8f1c245046b0b80f,"(14, 15, 9)",uint8
train,Benign,BreaDM-Be-2003,train/Benign/BreaDM-Be-2003/p-029.npy,318dcf5eff7a474659a27b748fc355e335be634e7c0b551c00aebcdcddf5fac6,"(11, 13, 9)",uint8
train,Benign,BreaDM-Be-2003,train/Benign/BreaDM-Be-2003/p-030.npy,9a1a1153a96594aed7a51227f532bc665d034d7e7527d8d3035ded5bc7d0f584,"(11, 13, 9)",uint8
train,Benign,BreaDM-Be-2003,train/Benign/BreaDM-Be-2003/p-031.npy,5aba120080b6f6bd3257879293511ca55ddc527d261b900f3cdf540700fb6908,"(11, 13, 9)",uint8
train,Benign,BreaDM-Be-2004,train/Benign/BreaDM-Be-2004/p-038.npy,8cc79e31fbeb659b8fc876ded0320ac36a6a4feb7fe4f69d3ac8b4f0f516607e,"(29, 29, 9)",uint8
train,Benign,BreaDM-Be-2004,train/Benign/BreaDM-Be-2004/p-039.npy,777a3a4475f80bc3a82fd9ef516026ef76733e9006b60f241fc8232f3b7ed9ad,"(29, 29, 9)",uint8
train,Benign,BreaDM-Be-2004,train/Benign/BreaDM-Be-2004/p-040.npy,a6de6875463e5904636a0e80dfae56a1dacde2827a4058000507217935312749,"(29, 29, 9)",uint8
train,Benign,BreaDM-Be-2004,train/Benign/BreaDM-Be-2004/p-041.npy,40f962f81f461c9cda80acbe4a1f607b4aa31bbd632397c36955d88b5842ba3e,"(29, 29, 9)",uint8
train,Benign,BreaDM-Be-2004,train/Benign/BreaDM-Be-2004/p-042.npy,e17aa154adb0cbaec86e55ff2951a1869a09d642d65debd6b1dc2cc44dd565b0,"(29, 29, 9)",uint8
train,Benign,BreaDM-Be-2004,train/Benign/BreaDM-Be-2004/p-043.npy,2e06e0ac9028e0a3a5476185788442f058c2e4ab17f09b3ecf1a9f51aa9913f6,"(29, 29, 9)",uint8
train,Benign,BreaDM-Be-2006,train/Benign/BreaDM-Be-2006/p-054.npy,5e75e7fedbb87352abe4679d59d4416f8a04d05db89fec3fedd0e7b5575829f8,"(32, 24, 9)",uint8
train,Benign,BreaDM-Be-2006,train/Benign/BreaDM-Be-2006/p-055.npy,dbee50975b0d95c6d0b52d5381d3e33b1e948340df476b66ce2f52078deeab27,"(32, 24, 9)",uint8
train,Benign,BreaDM-Be-2006,train/Benign/BreaDM-Be-2006/p-056.npy,28d55321d0d3270f14bda613c905344cdabcbe835c50df44f4d0373d96192cd4,"(32, 24, 9)",uint8
train,Benign,BreaDM-Be-2006,train/Benign/BreaDM-Be-2006/p-057.npy,d70b056cc70dcc3ded88b81b2c950d10cc6317e857d2977cb92dab982002f61e,"(32, 24, 9)",uint8
train,Benign,BreaDM-Be-2006,train/Benign/BreaDM-Be-2006/p-058.npy,af3692a1aeb849e66af4560febdbab44bac13b940d4f2cbac25e7f40dc1f2498,"(32, 24, 9)",uint8
train,Benign,BreaDM-Be-2006,train/Benign/BreaDM-Be-2006/p-059.npy,38fa78f991297d6afbbe755b978b4efa6795409ff389a96a8170d1deb16e7bcc,"(32, 24, 9)",uint8
train,Benign,BreaDM-Be-2006,train/Benign/BreaDM-Be-2006/p-060.npy,bc0c3359b6cde14d9be19e96c08ac93d6f65314bca6cef1b2be76439fdf0b6a7,"(32, 24, 9)",uint8
train,Benign,BreaDM-Be-2006,train/Benign/BreaDM-Be-2006/p-061.npy,929d50fa61ec6c6d1716b9de4e316283b4b37d077569c20275ed90fc8847198e,"(32, 24, 9)",uint8
train,Benign,BreaDM-Be-2006,train/Benign/BreaDM-Be-2006/p-062.npy,bb01a50d4491f214ae9a5a0d68a3fc40aa6519ad5789394d7b06a5f5a70054f6,"(32, 24, 9)",uint8
train,Benign,BreaDM-Be-2006,train/Benign/BreaDM-Be-2006/p-063.npy,7b9969ae79484c8d8c6556119af29530745ebc7f951a41e31015024f74d4d360,"(32, 24, 9)",uint8
train,Benign,BreaDM-Be-2006,train/Benign/BreaDM-Be-2006/p-064.npy,18fb69fff9e57a21288aea8c3502889095317be45f0db652309e282a323b2d59,"(32, 24, 9)",uint8
train,Benign,BreaDM-Be-2006,train/Benign/BreaDM-Be-2006/p-065.npy,7ceddb81787b11e66d88fe279ffaa884ad647b01d30306a338b41f4ca20fcebf,"(32, 24, 9)",uint8
train,Benign,BreaDM-Be-2006,train/Benign/BreaDM-Be-2006/p-066.npy,fb2e26c0748dab541f7d2ca77718d051df83ef5e353aeb35a5b9d874bc58edd9,"(32, 24, 9)",uint8
train,Benign,BreaDM-Be-2006,train/Benign/BreaDM-Be-2006/p-067.npy,3176a5f8f8addaf0eb8ff2925cd1f6aa11d609dfe02c9c9d85b6f40e3d087e0b,"(32, 24, 9)",uint8
train,Benign,BreaDM-Be-2006,train/Benign/BreaDM-Be-2006/p-068.npy,77eacc5f4161175da0dba0cff0daf5d477a1db5aa99a23f6c8ff0914450c3d5a,"(32, 24, 9)",uint8
train,Benign,BreaDM-Be-2006,train/Benign/BreaDM-Be-2006/p-069.npy,03abadb5d6cbafe350e562c099f0f8072e2bc1c171242b36a89763e6b4e7ca88,"(32, 24, 9)",uint8
train,Benign,BreaDM-Be-2007,train/Benign/BreaDM-Be-2007/p-086.npy,8145dcc74941d9a016c606da301ca7d030e50178cdecf05459b265c26f17deb1,"(14, 17, 9)",uint8
train,Benign,BreaDM-Be-2007,train/Benign/BreaDM-Be-2007/p-087.npy,807c7d1562adae71eb0b6437422d20de59b839f3eab4f4b88beda86ca9986b11,"(14, 17, 9)",uint8
train,Benign,BreaDM-Be-2007,train/Benign/BreaDM-Be-2007/p-088.npy,5b3bcd303f79a743a71dbc601f7dc96e18c6c83c329fdf6e0db6c957be3d6e3f,"(14, 17, 9)",uint8
train,Benign,BreaDM-Be-2007,train/Benign/BreaDM-Be-2007/p-089.npy,e387d16e9d304084a730ec3cc689fd538ae23d0a7d46c7ed7ea775cbdc261023,"(14, 17, 9)",uint8
train,Benign,BreaDM-Be-2007,train/Benign/BreaDM-Be-2007/p-090.npy,6b0e60a369dd62b98e573b98f85ca7a0565c7034e2e1c81f0bdf7b9f88f367bc,"(14, 17, 9)",uint8
train,Benign,BreaDM-Be-2007,train/Benign/BreaDM-Be-2007/p-091.npy,db35a21b464fcfa27e31953752d75c193c8ff567545e76c4fa4b0e70fbcaf2a7,"(14, 17, 9)",uint8
train,Benign,BreaDM-Be-2008,train/Benign/BreaDM-Be-2008/p-069.npy,f0bcdad440566b13140a23d6492a116b2adf0d0faead9e455910577652ac230d,"(13, 16, 9)",uint8
train,Benign,BreaDM-Be-2008,train/Benign/BreaDM-Be-2008/p-070.npy,86cc26d1c2d3f348b0d4e1ddba0e4d9de43fdb7dfa38d854a551c5d3823cf699,"(13, 16, 9)",uint8
train,Benign,BreaDM-Be-2008,train/Benign/BreaDM-Be-2008/p-071.npy,21e11ac85b6a5012aaa4b863e37e4c2b434a863f0434f4ea74ce689d90b65852,"(13, 16, 9)",uint8
train,Benign,BreaDM-Be-2008,train/Benign/BreaDM-Be-2008/p-072.npy,7ff416cc008ccc2c632c7450e67f0d73e937562b232d46f2fe8214f13154d4e7,"(13, 16, 9)",uint8
train,Benign,BreaDM-Be-2008,train/Benign/BreaDM-Be-2008/p-073.npy,3206d5eb15debaeedb2451686d01a8bfa6272a83cb865f8467ec4c8ff91c4918,"(13, 16, 9)",uint8
train,Benign,BreaDM-Be-2008,train/Benign/BreaDM-Be-2008/p-074.npy,0b53eeb8b2ff4223fcfa1efa9a9eb16abcf8912cb18621737b7524ffd96cbdb9,"(13, 16, 9)",uint8
train,Benign,BreaDM-Be-2008,train/Benign/BreaDM-Be-2008/p-075.npy,1712143b380de8b3ed0024853e252b5df65283eaca0f3f82e73e3857b8427ea2,"(13, 16, 9)",uint8
train,Benign,BreaDM-Be-2009,train/Benign/BreaDM-Be-2009/p-025.npy,cc1f7c4aa0a9ddd2fb869e44f274130f8352b5e5af37451aec9de72fd3d003ff,"(11, 13, 9)",uint8
train,Benign,BreaDM-Be-2009,train/Benign/BreaDM-Be-2009/p-026.npy,6bd488932a9227cbb1125bf4332cddfc5319dabce242bc7de2d1ed778f2af494,"(11, 13, 9)",uint8
train,Benign,BreaDM-Be-2010,train/Benign/BreaDM-Be-2010/p-051.npy,ea62ca3221935037dcbe2524a11da55418b2cf7f3579b67d66beba781a82f841,"(15, 17, 9)",uint8
train,Benign,BreaDM-Be-2010,train/Benign/BreaDM-Be-2010/p-052.npy,35979e2b42693fde3dc718f561ec7f898a7c2e36c1ed9f1f87e85e500202ed3f,"(15, 17, 9)",uint8
train,Benign,BreaDM-Be-2010,train/Benign/BreaDM-Be-2010/p-053.npy,dd7fd814319d4eaeabcd2eb9ee73fc976c210643482435eb530cf79d7d62190a,"(15, 17, 9)",uint8
train,Benign,BreaDM-Be-2010,train/Benign/BreaDM-Be-2010/p-054.npy,97a30b2d209fdf2feefdf91e9e35955577bc207d4d21a54465078e6d136328bf,"(15, 17, 9)",uint8
train,Benign,BreaDM-Be-2010,train/Benign/BreaDM-Be-2010/p-055.npy,2434cc32818fe6336f28837839f614e748677e81052e9fc3e2fbebbdb29d54ea,"(15, 17, 9)",uint8
train,Benign,BreaDM-Be-2010,train/Benign/BreaDM-Be-2010/p-056.npy,60e450a957aba8033f5de46db4d41e981c62a549aaa20b3f7ddb997ddbe466e8,"(15, 17, 9)",uint8
train,Benign,BreaDM-Be-2011,train/Benign/BreaDM-Be-2011/p-033.npy,c0263d96ab9aaef3ca102312981cbc0f4a2db3a5a410c25fbf7294853be607a1,"(19, 19, 9)",uint8
train,Benign,BreaDM-Be-2011,train/Benign/BreaDM-Be-2011/p-034.npy,1d0fc22a831b57c3582ab0b8cc1708dd350b4d078b5eaf52c4119dbf998302bc,"(19, 19, 9)",uint8
train,Benign,BreaDM-Be-2011,train/Benign/BreaDM-Be-2011/p-035.npy,70e4afb9005f8010beff5e1a4e6609fd6a80e640186001da4c3977fea91e7095,"(19, 19, 9)",uint8
train,Benign,BreaDM-Be-2011,train/Benign/BreaDM-Be-2011/p-036.npy,5be9743b9c9c66e3152c1a6c415393a10e0595822f87702cc85edf6b731ffc98,"(19, 19, 9)",uint8
train,Benign,BreaDM-Be-2011,train/Benign/BreaDM-Be-2011/p-037.npy,f86a93fbcfbbf62c8c877c2ee058b3d9fd8e82d422d26a33709c802d857f0f2f,"(19, 19, 9)",uint8
train,Benign,BreaDM-Be-2011,train/Benign/BreaDM-Be-2011/p-038.npy,71f2bdea387c82485488b3cf0274def06f20499dc8ce4a43df8a5c41c81f4c3e,"(19, 19, 9)",uint8
train,Benign,BreaDM-Be-2012,train/Benign/BreaDM-Be-2012/p-037.npy,e159af48e67b11353589cc8e2cb81e2f18985596ccf17afb7e7bc1e196258e94,"(14, 15, 9)",uint8
train,Benign,BreaDM-Be-2012,train/Benign/BreaDM-Be-2012/p-038.npy,9c2136fb5c8a907fd2c4764777fa106b6c34da2995374b9178b14d42487625c0,"(14, 15, 9)",uint8
train,Benign,BreaDM-Be-2012,train/Benign/BreaDM-Be-2012/p-039.npy,f53a1408c5e586bdc25522ad2d54751952653271f3db5154aaa3d1f77f843710,"(14, 15, 9)",uint8
train,Benign,BreaDM-Be-2012,train/Benign/BreaDM-Be-2012/p-040.npy,7f23c3a04cd13142edba74e66998d03d497bae1fd9abd3d44c2ebafb3a9d279c,"(14, 15, 9)",uint8
train,Benign,BreaDM-Be-2012,train/Benign/BreaDM-Be-2012/p-041.npy,ae10ee7192b461bb95a80b7fde77a631d66842ae650689002b204ee8292b1e68,"(14, 15, 9)",uint8
train,Benign,BreaDM-Be-2014,train/Benign/BreaDM-Be-2014/p-065.npy,3b278b1228ee405a9295f4bee6e0daf56d58f1a828940ff57653b08e984e721b,"(13, 10, 9)",uint8
train,Benign,BreaDM-Be-2014,train/Benign/BreaDM-Be-2014/p-066.npy,6234580bffce26cca2412e1816c0e63da56fbab3937c2162679cbeae06b7d6e1,"(13, 10, 9)",uint8
train,Benign,BreaDM-Be-2014,train/Benign/BreaDM-Be-2014/p-067.npy,c31bc8a1ac3baf5a11771f35b5f95181c7026b334fa79c57a9ba8dcf7ed5cc2c,"(13, 10, 9)",uint8
train,Benign,BreaDM-Be-2014,train/Benign/BreaDM-Be-2014/p-068.npy,eb5412cd0220b852a3dc4d2428b57a9fd3375cf22f38b82f1bc021e4cfdb9adc,"(13, 10, 9)",uint8
train,Benign,BreaDM-Be-2014,train/Benign/BreaDM-Be-2014/p-069.npy,fa9ec92893da9d0b8a53ecd8693f78d26c5de288bea61ced05326bfff6d98c33,"(13, 10, 9)",uint8
train,Benign,BreaDM-Be-2015,train/Benign/BreaDM-Be-2015/p-050.npy,a0e6fda5759fa7345f64129b3574a43905dd8a36af1df55f4ff3122e04d52f33,"(15, 15, 9)",uint8
train,Benign,BreaDM-Be-2015,train/Benign/BreaDM-Be-2015/p-051.npy,fa991eaa2cbd9e82ea2ee48720270655706d44eb691c1b111b60ac2bdfba02ce,"(15, 15, 9)",uint8
train,Benign,BreaDM-Be-2015,train/Benign/BreaDM-Be-2015/p-052.npy,2aef3921564afdd53f56be9c5db836723ce94db517448019f8076172a627e3b3,"(15, 15, 9)",uint8
train,Benign,BreaDM-Be-2016,train/Benign/BreaDM-Be-2016/p-077.npy,599edcea9d9ee6844f5a9fd879dcb4abecc85d994070342201e13a9073f4a1b5,"(12, 13, 9)",uint8
train,Benign,BreaDM-Be-2016,train/Benign/BreaDM-Be-2016/p-078.npy,ca8a02d17140580babb9a847c05a7d1722acbdfe16de43f302f6e5fbc2e5ecae,"(12, 13, 9)",uint8
train,Benign,BreaDM-Be-2016,train/Benign/BreaDM-Be-2016/p-079.npy,971853def498210250d7fdff2bdadc8a50bbeb410b19bc1f26774a75c8d7e6cc,"(12, 13, 9)",uint8
train,Benign,BreaDM-Be-2016,train/Benign/BreaDM-Be-2016/p-080.npy,49853b2e5c3cfe8756f424ab1e6eb0b8ceea20b27e852320ca7d7cc8c60b03be,"(12, 13, 9)",uint8
train,Benign,BreaDM-Be-2016,train/Benign/BreaDM-Be-2016/p-081.npy,6bfe08d95e35f6ec90ba064dd17a6f6726f0c050afea0412a0e8b2c67722fe66,"(12, 13, 9)",uint8
train,Benign,BreaDM-Be-2017,train/Benign/BreaDM-Be-2017/p-030.npy,28ff44939ff33a3a5a2221a81f426e826f0f354ee47a4def9cd09a1840f225a7,"(19, 15, 9)",uint8
train,Benign,BreaDM-Be-2017,train/Benign/BreaDM-Be-2017/p-031.npy,a1b0cb5e745f5306539c609881f21c52afc40257cb593d7ca3b40e3796398af9,"(19, 15, 9)",uint8
train,Benign,BreaDM-Be-2017,train/Benign/BreaDM-Be-2017/p-032.npy,7c6db0f22e717d3ca51e546acf69f48c5916af76654735dcb5878885feefb3cc,"(19, 15, 9)",uint8
train,Benign,BreaDM-Be-2017,train/Benign/BreaDM-Be-2017/p-033.npy,08d8395f182b8f71300521a58f2d6c66046829eb8ac48717a974231eeffcb150,"(19, 15, 9)",uint8
train,Benign,BreaDM-Be-2018,train/Benign/BreaDM-Be-2018/p-053.npy,abe95d0e428b33760054d0b5279d65a4c958800f238eeb4474e3095c2ecb5af0,"(12, 13, 9)",uint8
train,Benign,BreaDM-Be-2018,train/Benign/BreaDM-Be-2018/p-054.npy,ad696c335cee5663eb8f2d3ea07bfa9427e03f9296a8355fa10dc564d34bdb3d,"(12, 13, 9)",uint8
train,Benign,BreaDM-Be-2018,train/Benign/BreaDM-Be-2018/p-055.npy,d3777888e6b1ec406caa85eccbba37b7922c0e2b8e1a7015755c969bb6e23f73,"(12, 13, 9)",uint8
train,Benign,BreaDM-Be-2018,train/Benign/BreaDM-Be-2018/p-056.npy,14e71d67667bd922c56f8898f152ff1c822bd41292580019c163e5f8cf40b2df,"(12, 13, 9)",uint8
train,Benign,BreaDM-Be-2021,train/Benign/BreaDM-Be-2021/p-075.npy,d9d3516c607e4e0e61e5b63480bb8d35e5b8992ecba497b9992363acd0eb1247,"(7, 9, 9)",uint8
train,Benign,BreaDM-Be-2021,train/Benign/BreaDM-Be-2021/p-076.npy,758b6fa0eae470aabb0b9b2d31ebf208228b7ef0abcafacab0aefec13d20e93c,"(7, 9, 9)",uint8
train,Benign,BreaDM-Be-2021,train/Benign/BreaDM-Be-2021/p-077.npy,25062b6c2aa872546c74bdf9d020d87bef5b9502040238ce763d5ae27ffb28da,"(7, 9, 9)",uint8
train,Benign,BreaDM-Be-2023,train/Benign/BreaDM-Be-2023/p-065.npy,ba5e22f0b7f5d97a7a7c024a128c6105cdaa78779385a4de774d50c4f1f6eb9d,"(12, 14, 9)",uint8
train,Benign,BreaDM-Be-2023,train/Benign/BreaDM-Be-2023/p-066.npy,e5fd8e4e665b17e195d2dfcb560d0d1a5435c7f3a25a8a99e90bd411e998cbae,"(12, 14, 9)",uint8
train,Benign,BreaDM-Be-2023,train/Benign/BreaDM-Be-2023/p-067.npy,47368301bdb82908dad05475e51fd974a18e06c936ff2425ce2b1a661ee3eb1c,"(12, 14, 9)",uint8
train,Benign,BreaDM-Be-2023,train/Benign/BreaDM-Be-2023/p-068.npy,694329884f967e4d3c6d07b6011c0c0034e13afeb2e04e68a949aaab00eb1e67,"(12, 14, 9)",uint8
train,Benign,BreaDM-Be-2023,train/Benign/BreaDM-Be-2023/p-069.npy,7600f334189b48aadec53c5de078bdf1c7d45c1b8b0b42a0e1b0edf8ee3e38a2,"(12, 14, 9)",uint8
train,Benign,BreaDM-Be-2101,train/Benign/BreaDM-Be-2101/p-035.npy,e8e49fdef72666ffcda188489e2ea84405773cff9bd992f285cb132ccc1dbe1d,"(15, 17, 9)",uint8
train,Benign,BreaDM-Be-2101,train/Benign/BreaDM-Be-2101/p-036.npy,e3174ea84127de2e5b88f074c4be7c842d2bcf19972fdc125a1fa1c7a2dfcf7c,"(15, 17, 9)",uint8
train,Benign,BreaDM-Be-2101,train/Benign/BreaDM-Be-2101/p-037.npy,03757af65acb317705a20d55deef4a0143c02f3c5916946883be0c1be26ac750,"(15, 17, 9)",uint8
train,Benign,BreaDM-Be-2101,train/Benign/BreaDM-Be-2101/p-038.npy,dbae500cf0bd8da78313e857015b756f1f68dd1c84fba66edd4351037fa50393,"(15, 17, 9)",uint8
train,Benign,BreaDM-Be-2103,train/Benign/BreaDM-Be-2103/p-043.npy,bf047b64f6bee52c1a88113f8606dfe1c2ad13baa6a3fc628db888ecfb9cff7b,"(12, 12, 9)",uint8
train,Benign,BreaDM-Be-2103,train/Benign/BreaDM-Be-2103/p-044.npy,d2dfa3a82d9aa763297e4ba1bc37abb9d0e406071d715a0f8bba95313f0f17fb,"(12, 12, 9)",uint8
train,Benign,BreaDM-Be-2103,train/Benign/BreaDM-Be-2103/p-045.npy,ddab6201f02f27cf745e351f2a8c4d79bb379b0b1586e92dad048efae4151355,"(12, 12, 9)",uint8
train,Benign,BreaDM-Be-2104,train/Benign/BreaDM-Be-2104/p-038.npy,99d6bbbef0c997cbe28720e04d43f78b3b97dd561ff6d3be55db468a3e5d521d,"(43, 43, 9)",uint8
train,Benign,BreaDM-Be-2104,train/Benign/BreaDM-Be-2104/p-039.npy,939bde16325200eac54c0f80d9cccb26c85170d23efc835ec6e98586468d72b6,"(43, 43, 9)",uint8
train,Benign,BreaDM-Be-2104,train/Benign/BreaDM-Be-2104/p-040.npy,a85c976df0d0b2f321fcb078d0e6cca69db6849bd400a440fe4a791247eba869,"(43, 43, 9)",uint8
train,Benign,BreaDM-Be-2104,train/Benign/BreaDM-Be-2104/p-041.npy,c38c77a2d5b11919e95f581dd6038373c2edf929e04e9c402c9a895a5ab13071,"(43, 43, 9)",uint8
train,Benign,BreaDM-Be-2104,train/Benign/BreaDM-Be-2104/p-042.npy,ffc04602c7e2b32900f9422517c6d5afb5e34ee6a4e998301c5a45bcb3b99e84,"(43, 43, 9)",uint8
train,Benign,BreaDM-Be-2104,train/Benign/BreaDM-Be-2104/p-043.npy,3fa7bbeb31c3e82bda2f87adf6731839b3501abed58de960ba2521540f97439d,"(43, 43, 9)",uint8
train,Benign,BreaDM-Be-2104,train/Benign/BreaDM-Be-2104/p-044.npy,6df00dfef46eec44c46fb4ea13d04ea58bc067d6aaced23c5f66fb71ae7b1755,"(43, 43, 9)",uint8
train,Benign,BreaDM-Be-2104,train/Benign/BreaDM-Be-2104/p-045.npy,c5faa884de9f9f4135090838ec6545fcbe1add9702ea15a8ec0e7f8e41416ff2,"(43, 43, 9)",uint8
train,Benign,BreaDM-Be-2104,train/Benign/BreaDM-Be-2104/p-046.npy,e37083aad60be9bc3b697ffed88ff6e8ba6525f81574b31771af8d83db0b4798,"(43, 43, 9)",uint8
train,Benign,BreaDM-Be-2104,train/Benign/BreaDM-Be-2104/p-047.npy,63a8d19cb59f9a8051b68dee631fba4c33cd6f3a2f65e703508da6ccf3c2e2f4,"(43, 43, 9)",uint8
train,Benign,BreaDM-Be-2104,train/Benign/BreaDM-Be-2104/p-048.npy,0f11d909f36dc477ac0d851b12ea0ba887134b763595b18cadbdf449ea22aa1b,"(43, 43, 9)",uint8
train,Benign,BreaDM-Be-2104,train/Benign/BreaDM-Be-2104/p-049.npy,7b4e6a6437aa478a53822a3e68e9a072963842d540ed26cdaa4eb9ee5649e190,"(43, 43, 9)",uint8
train,Benign,BreaDM-Be-2104,train/Benign/BreaDM-Be-2104/p-050.npy,850cfbc78511a9a36e37967aa8e61ac29344028a4462441606d86afc021e71f7,"(43, 43, 9)",uint8
train,Benign,BreaDM-Be-2104,train/Benign/BreaDM-Be-2104/p-051.npy,25086d86af21e84b57d5c87fd18a008a77909e68bb71f1a1f9f8b76669d89a76,"(43, 43, 9)",uint8
train,Benign,BreaDM-Be-2104,train/Benign/BreaDM-Be-2104/p-052.npy,ab73ec5e2f6ca470762fcd39b33aae0b9301ea5ca18cd23dd86ad4e0c8b01cf7,"(43, 43, 9)",uint8
train,Benign,BreaDM-Be-2104,train/Benign/BreaDM-Be-2104/p-053.npy,5b664aa08fc57395d29b2da4890415d486278316c75ec756992167eabd9f8179,"(43, 43, 9)",uint8
train,Benign,BreaDM-Be-2104,train/Benign/BreaDM-Be-2104/p-054.npy,0e4ea0cfe24ea226c46616abe5db793f455588bd150d70c7c7f8d99492f3dc82,"(43, 43, 9)",uint8
train,Benign,BreaDM-Be-2104,train/Benign/BreaDM-Be-2104/p-055.npy,9f3520b1347b0dc9dac2adcf138fe1398e7ca3b255518f4642644f2679704d67,"(43, 43, 9)",uint8
train,Benign,BreaDM-Be-2104,train/Benign/BreaDM-Be-2104/p-056.npy,100ec012fe3c99e6c68bba0f3eb45a34a9ccb1ff801e8f4d1e80c230b8874f49,"(43, 43, 9)",uint8
train,Benign,BreaDM-Be-2104,train/Benign/BreaDM-Be-2104/p-057.npy,ff3f2b81b17f847a924463817b5cd2cba6895f97354dd569b2dc28083470cef7,"(43, 43, 9)",uint8
train,Benign,BreaDM-Be-2106,train/Benign/BreaDM-Be-2106/p-057.npy,6f9ec7cee422af0215ae20f904cdaac8b563af804d298a8759bd583d9d25bb14,"(20, 31, 9)",uint8
train,Benign,BreaDM-Be-2106,train/Benign/BreaDM-Be-2106/p-058.npy,8f5a4fa982d237837ff11085e520263d31bc62272c24d07b3eb3b7539f5f0909,"(20, 31, 9)",uint8
train,Benign,BreaDM-Be-2106,train/Benign/BreaDM-Be-2106/p-059.npy,a5d64a82ece4f9c0d117832b3071bd966ca64a3d6bf4034cbbee176361b1baeb,"(20, 31, 9)",uint8
train,Benign,BreaDM-Be-2106,train/Benign/BreaDM-Be-2106/p-060.npy,6e32dfe26c58ae1e1ed3bb37daa17064f1bbdffe1ee3c785fc241ecfe3e11193,"(20, 31, 9)",uint8
train,Benign,BreaDM-Be-2106,train/Benign/BreaDM-Be-2106/p-061.npy,edfd55855e1f4aa663e343b9f94eb84a3db59ef6a52948c4a2b5a011511b32e0,"(20, 31, 9)",uint8
train,Benign,BreaDM-Be-2106,train/Benign/BreaDM-Be-2106/p-062.npy,4c08ae6d12c3cbe6a3a704038f99f6b9ff2b9ac537423d6e2fe2fc35b5d98193,"(20, 31, 9)",uint8
train,Benign,BreaDM-Be-2106,train/Benign/BreaDM-Be-2106/p-063.npy,ce5d205be1a8d2aec36849af63985c8d63e57689bfdbfe358bd43058a4cb5e81,"(20, 31, 9)",uint8
train,Benign,BreaDM-Be-2106,train/Benign/BreaDM-Be-2106/p-064.npy,826333b0c2900776a24081fa898efe1997d69d44431501cf8ad133d2594a2ee1,"(20, 31, 9)",uint8
train,Benign,BreaDM-Be-2107,train/Benign/BreaDM-Be-2107/p-039.npy,faccefd2d4af056409313dd6bdc0d3781760ca99ec44bb673b5ee523c1f76ed6,"(20, 15, 9)",uint8
train,Benign,BreaDM-Be-2107,train/Benign/BreaDM-Be-2107/p-040.npy,2faf03ac71c8f3acdfe0cd100fa3d7973bea839cd2841be37bcb0674d58f1ccc,"(20, 15, 9)",uint8
train,Benign,BreaDM-Be-2107,train/Benign/BreaDM-Be-2107/p-041.npy,296d2f0b0998031bfff4896962ad920ab0fcb0e4c28e5c0e32a3b617fc8f2cde,"(20, 15, 9)",uint8
train,Benign,BreaDM-Be-2108,train/Benign/BreaDM-Be-2108/p-021.npy,928493c49505c9ffb7ffa00ec5973aabc7db7019fe7a225cb2a8febeb47e1a63,"(30, 21, 9)",uint8
train,Benign,BreaDM-Be-2108,train/Benign/BreaDM-Be-2108/p-022.npy,0eae67a9eacc846f5903c4d5e82e982fa35edbc76a0f254fc95e099b9a99139c,"(30, 21, 9)",uint8
train,Benign,BreaDM-Be-2108,train/Benign/BreaDM-Be-2108/p-023.npy,17fbfb3f8e55b90490d517661ad03ea1e4e7f129cb1e1bdbbb5e13b4acfe7306,"(30, 21, 9)",uint8
train,Benign,BreaDM-Be-2108,train/Benign/BreaDM-Be-2108/p-024.npy,f0d91757d40d07b3a16ccc36cbd420f75a97d84af4a9c835fcba7ea640cd4b18,"(30, 21, 9)",uint8
train,Benign,BreaDM-Be-2109,train/Benign/BreaDM-Be-2109/p-035.npy,78d0047793795d75db4a979414d25125a8e4ee8313cdb2d1aae11b7bd1caa081,"(32, 27, 9)",uint8
train,Benign,BreaDM-Be-2109,train/Benign/BreaDM-Be-2109/p-036.npy,783ed8f963d08ba2cc182cc982cf0283c76d25224a225caf49a259b3a12a8c79,"(32, 27, 9)",uint8
train,Benign,BreaDM-Be-2109,train/Benign/BreaDM-Be-2109/p-037.npy,08ea7953a079a6ca8bdfb51453cb251d90621519c30352661566b108899a25ef,"(32, 27, 9)",uint8
train,Benign,BreaDM-Be-2109,train/Benign/BreaDM-Be-2109/p-038.npy,660f5d68d2c91d5f1bdb2f5dcb975ae58279301df7d8c5a0ca5c26bc7fe8b65b,"(32, 27, 9)",uint8
train,Benign,BreaDM-Be-2109,train/Benign/BreaDM-Be-2109/p-039.npy,45671374b5a20f4f86b74fa0c125fdbf76987e50a9b74d6fdeec7941fa19511a,"(32, 27, 9)",uint8
train,Benign,BreaDM-Be-2114,train/Benign/BreaDM-Be-2114/p-013.npy,38d44f10463f8981781f1805f603fb518c5460f320c335091a084ed578b691cb,"(18, 23, 9)",uint8
train,Benign,BreaDM-Be-2114,train/Benign/BreaDM-Be-2114/p-014.npy,eed434b2d278e39d5eb69e0e74a881b734c7bdf558807ee23062da8f363bbc45,"(18, 23, 9)",uint8
train,Benign,BreaDM-Be-2114,train/Benign/BreaDM-Be-2114/p-015.npy,2c37f0ab193b973572dbf78a788393f2b4b1a0d8907a565e35d015ef346249c0,"(18, 23, 9)",uint8
train,Benign,BreaDM-Be-2114,train/Benign/BreaDM-Be-2114/p-016.npy,e626404bd131d569e061f1216297e2fffdbd8a5524b60d79367b62acc32e4049,"(18, 23, 9)",uint8
train,Benign,BreaDM-Be-2114,train/Benign/BreaDM-Be-2114/p-017.npy,db5eb23e85baa71f2bb69ec5fb25eb070b7df39df9e273a0d16026fcc26bc635,"(18, 23, 9)",uint8
train,Benign,BreaDM-Be-2115,train/Benign/BreaDM-Be-2115/p-066.npy,330f56fdcbde2f6523dd0a042bdc42409dd28f773a7dc01d1be9042f964a1b16,"(13, 16, 9)",uint8
train,Benign,BreaDM-Be-2115,train/Benign/BreaDM-Be-2115/p-067.npy,e1357487765e78894ccf7b53777d0df4f53618a12989af1eb6b976881ad01f5b,"(13, 16, 9)",uint8
train,Benign,BreaDM-Be-2115,train/Benign/BreaDM-Be-2115/p-068.npy,e2c68b4d3aeff8e381e96f20814d85e61e4bb590ce58cb1805926cdd00265164,"(13, 16, 9)",uint8
train,Benign,BreaDM-Be-2115,train/Benign/BreaDM-Be-2115/p-069.npy,f3af5d2e8e240e5877ed8439681a173611c0046772c434e9218506d18cafcaa7,"(13, 16, 9)",uint8
train,Benign,BreaDM-Be-2115,train/Benign/BreaDM-Be-2115/p-070.npy,b405cb638ceca3c81f9d14a9b32fa75859480836e2a26dda914fe66d874dc501,"(13, 16, 9)",uint8
train,Benign,BreaDM-Be-2115,train/Benign/BreaDM-Be-2115/p-071.npy,f92ec5c2f57ef2e1b3113c7c6b47219e208939ba5e5b1cd3a3fbf35f0306c155,"(13, 16, 9)",uint8
train,Benign,BreaDM-Be-2116,train/Benign/BreaDM-Be-2116/p-031.npy,f2061b8485d33aa2b56b6860e55277ccaa9cc77fb5d140827f4a51ba032c7b29,"(13, 15, 9)",uint8
train,Benign,BreaDM-Be-2116,train/Benign/BreaDM-Be-2116/p-032.npy,f13cff6f25696ed8689e8e16255ab2d6729bf6221e91aa7b1dce702ebdf9e358,"(13, 15, 9)",uint8
train,Benign,BreaDM-Be-2116,train/Benign/BreaDM-Be-2116/p-033.npy,e5e2ffff43c271245578a4210c27a9b30dbdde057f94ff4c9b7f919ead342e3f,"(13, 15, 9)",uint8
train,Malignant,BreaDM-Ma-1802,train/Malignant/BreaDM-Ma-1802/p-035.npy,0c5f5afc5409437a2bc22dcd66bfaa107b26c0907c288a9dbd7826ffbe54ecad,"(39, 42, 9)",uint8
train,Malignant,BreaDM-Ma-1802,train/Malignant/BreaDM-Ma-1802/p-036.npy,fe5ee3916c31327d6a793a8c28418e9f5e4ce46c4fcc05345155e15ae4e5c5df,"(39, 42, 9)",uint8
train,Malignant,BreaDM-Ma-1802,train/Malignant/BreaDM-Ma-1802/p-037.npy,cf80bdad8c55c4ca50bb52980ea9f1f65bc96273c0328527cff625176fdb3290,"(39, 42, 9)",uint8
train,Malignant,BreaDM-Ma-1802,train/Malignant/BreaDM-Ma-1802/p-038.npy,1e5ec78c2b2cf0586c5be074f50aff2dcdb33664993dd8e7c011b0e6c817d5fc,"(39, 42, 9)",uint8
train,Malignant,BreaDM-Ma-1802,train/Malignant/BreaDM-Ma-1802/p-039.npy,10385dc95b8274afc2f6cf4d7367b4a71d092074a2955cbc695cd1ab8a590994,"(39, 42, 9)",uint8
train,Malignant,BreaDM-Ma-1802,train/Malignant/BreaDM-Ma-1802/p-040.npy,4d2d33a8b1b3e6bfb98c8f1fe6c8fb2e37263214d184ebfc19197e42623ae1f5,"(39, 42, 9)",uint8
train,Malignant,BreaDM-Ma-1802,train/Malignant/BreaDM-Ma-1802/p-041.npy,0f7c388b6173fc67aebff61958b22dc4b938191a42bafbca8a422ff98ce48aa5,"(39, 42, 9)",uint8
train,Malignant,BreaDM-Ma-1802,train/Malignant/BreaDM-Ma-1802/p-042.npy,34113470c0a107765819238d2b53cc07a3bf49a969b865673101f44bc36b4ae0,"(39, 42, 9)",uint8
train,Malignant,BreaDM-Ma-1802,train/Malignant/BreaDM-Ma-1802/p-043.npy,60b70e4322db176d41cb569cc3d5af885236d2d486f4259280fb7abfd6f475d7,"(39, 42, 9)",uint8
train,Malignant,BreaDM-Ma-1802,train/Malignant/BreaDM-Ma-1802/p-044.npy,b9c9446e946a7343e5843bb45abbe41fb8050dd93ceb07d33de752b2ce5b4a71,"(39, 42, 9)",uint8
train,Malignant,BreaDM-Ma-1802,train/Malignant/BreaDM-Ma-1802/p-045.npy,867d19963e3a354c78c00f7c88e1737822952d5ce724bfa1d95494341d1df345,"(39, 42, 9)",uint8
train,Malignant,BreaDM-Ma-1802,train/Malignant/BreaDM-Ma-1802/p-046.npy,1115a0b8f36c6b7823144c2c78da4096d0ed8d83a4d6da20bab3a7db3a519f11,"(39, 42, 9)",uint8
train,Malignant,BreaDM-Ma-1802,train/Malignant/BreaDM-Ma-1802/p-047.npy,d22ad11d0bb966830cc4f3963d09c85f68fe079e5475a8bfd94c7473c2a71749,"(39, 42, 9)",uint8
train,Malignant,BreaDM-Ma-1803,train/Malignant/BreaDM-Ma-1803/p-038.npy,15711344222c5c44e972b008344bc30b04e8439f0fafec289522d460e509c416,"(24, 27, 9)",uint8
train,Malignant,BreaDM-Ma-1803,train/Malignant/BreaDM-Ma-1803/p-039.npy,64e296fde80086703e69a0f0bb54033b7145997135719e8374877efcf8b8ea4c,"(24, 27, 9)",uint8
train,Malignant,BreaDM-Ma-1803,train/Malignant/BreaDM-Ma-1803/p-040.npy,3e85ba2a24d4f94a5004a894402144726e054364012c7f1ac4336102b9a547c0,"(24, 27, 9)",uint8
train,Malignant,BreaDM-Ma-1803,train/Malignant/BreaDM-Ma-1803/p-041.npy,ec812871f6da9ce4078972d03b2d234c28ff014a45c70ef5c8fcb106537ba66d,"(24, 27, 9)",uint8
train,Malignant,BreaDM-Ma-1803,train/Malignant/BreaDM-Ma-1803/p-042.npy,4c7c8b0b9e299fdb64e5d61a2d59a129a094c312a67d51170f9bac1fa60cba51,"(24, 27, 9)",uint8
train,Malignant,BreaDM-Ma-1803,train/Malignant/BreaDM-Ma-1803/p-043.npy,b62d934ccc5e886242c0ea8781091d7162145761c88a9acd18d7ac6b39d73342,"(24, 27, 9)",uint8
train,Malignant,BreaDM-Ma-1803,train/Malignant/BreaDM-Ma-1803/p-044.npy,c86b4ff5351e7b8f6f3761f0d6b0fb4e5aee9f45262898a2940af8f8adc45dc1,"(24, 27, 9)",uint8
train,Malignant,BreaDM-Ma-1803,train/Malignant/BreaDM-Ma-1803/p-045.npy,d6c3892044b9db72de5cec684de05d8f00c17deef9d3207d8f1183ab3326294e,"(24, 27, 9)",uint8
train,Malignant,BreaDM-Ma-1803,train/Malignant/BreaDM-Ma-1803/p-046.npy,3fe828dbf373091d644053228cf6626df530835e49f7fcf8dbb17fe0a8a11334,"(24, 27, 9)",uint8
train,Malignant,BreaDM-Ma-1804,train/Malignant/BreaDM-Ma-1804/p-040.npy,f56e926a2f90918bdce880da01987c4f39d2af0a26d501685d50ba85ff91ac27,"(15, 15, 9)",uint8
train,Malignant,BreaDM-Ma-1804,train/Malignant/BreaDM-Ma-1804/p-041.npy,6e85dc3ea1cc5a1361cc42b26e2e691007c55a1460587f2bfab7ea79e1b53066,"(15, 15, 9)",uint8
train,Malignant,BreaDM-Ma-1804,train/Malignant/BreaDM-Ma-1804/p-042.npy,690933f7bed785245d473ee818e376cbdcddcd112a6c503ecf17ad7dce79bcc8,"(15, 15, 9)",uint8
train,Malignant,BreaDM-Ma-1804,train/Malignant/BreaDM-Ma-1804/p-043.npy,4e944486a5b09697d51f122028db90c36a2a32ebb03f7721889e7fa6a2c328e0,"(15, 15, 9)",uint8
train,Malignant,BreaDM-Ma-1806,train/Malignant/BreaDM-Ma-1806/p-029.npy,b50dd42533a585477fc8f51c2323b354cf9dd23529b318547488c6763b9857a1,"(21, 19, 9)",uint8
train,Malignant,BreaDM-Ma-1806,train/Malignant/BreaDM-Ma-1806/p-030.npy,aba69875b2fa0237eec7a87ec05b6b2c0c25cf63a9dc86a9790669465fd9b05f,"(21, 19, 9)",uint8
train,Malignant,BreaDM-Ma-1806,train/Malignant/BreaDM-Ma-1806/p-031.npy,e45c4d4b4a4e4922386c674dfee09d047a8a1c22a6f127ff3afdecc17b0f8fbe,"(21, 19, 9)",uint8
train,Malignant,BreaDM-Ma-1806,train/Malignant/BreaDM-Ma-1806/p-032.npy,709c67e7768bc0a78f0b6bdee9b823e9a9dbf18dfdee14591357c300312366c9,"(21, 19, 9)",uint8
train,Malignant,BreaDM-Ma-1806,train/Malignant/BreaDM-Ma-1806/p-033.npy,8ab4542c645f4f25ef5577cfa2a4c0cb777acd8ecf734fb25d63d0c727eeaf39,"(21, 19, 9)",uint8
train,Malignant,BreaDM-Ma-1807,train/Malignant/BreaDM-Ma-1807/p-057.npy,e586380c6a8f37eea56a99cc7474856d29abd36f8db15a1d95d4cbf5bc1d4b7f,"(18, 25, 9)",uint8
train,Malignant,BreaDM-Ma-1807,train/Malignant/BreaDM-Ma-1807/p-058.npy,94400ddc592def744eaa595d69e15dea994f1b6e84c2de82468eaacd7d1777b5,"(18, 25, 9)",uint8
train,Malignant,BreaDM-Ma-1807,train/Malignant/BreaDM-Ma-1807/p-059.npy,cf70d03296a80b010fce6d6efd05991452bee6c3dce5642359e421105e6f1ad7,"(18, 25, 9)",uint8
train,Malignant,BreaDM-Ma-1807,train/Malignant/BreaDM-Ma-1807/p-060.npy,62f715945784e59b7900ac0f774787bcf89b5e409f4d9af5f9e99c3469d66374,"(18, 25, 9)",uint8
train,Malignant,BreaDM-Ma-1807,train/Malignant/BreaDM-Ma-1807/p-061.npy,8d898d5df5b638d3ff50d3eab93792f3801e7ae9c8cdb9f4b71996fd2022f534,"(18, 25, 9)",uint8
train,Malignant,BreaDM-Ma-1807,train/Malignant/BreaDM-Ma-1807/p-062.npy,4fedcdc0706a9340c2eaa1ada2243ce85678bbec753dad1d5cd5c3f2b0845a31,"(18, 25, 9)",uint8
train,Malignant,BreaDM-Ma-1807,train/Malignant/BreaDM-Ma-1807/p-063.npy,b80ec837a5f9947f4a54c634034dab94dce0215b2e3f8bacf6bba0c6fb5cbfde,"(18, 25, 9)",uint8
train,Malignant,BreaDM-Ma-1807,train/Malignant/BreaDM-Ma-1807/p-064.npy,26160f0eb246078b5ad9d42df8b922c29762d1e2d2c057dbdbb57a503d3f515a,"(18, 25, 9)",uint8
train,Malignant,BreaDM-Ma-1808,train/Malignant/BreaDM-Ma-1808/p-032.npy,2c463757cbb836c0cc97b76e9541e5cd38faf6b7148cfb0ac472ce7fdabb3370,"(21, 23, 9)",uint8
train,Malignant,BreaDM-Ma-1808,train/Malignant/BreaDM-Ma-1808/p-033.npy,db9b067d16326a6fc9fc7decf67062d7f330b9dd314cac4ed7f0303a997f9962,"(21, 23, 9)",uint8
train,Malignant,BreaDM-Ma-1808,train/Malignant/BreaDM-Ma-1808/p-034.npy,e963beec7e7403e1dda306fbe14d6ce00622fa624b9fc7db71fa7fac78cc146d,"(21, 23, 9)",uint8
train,Malignant,BreaDM-Ma-1808,train/Malignant/BreaDM-Ma-1808/p-035.npy,63566461bb028e27d3e849f6db0936c675ba0b1ee41ab6366ff42eed4c97b9db,"(21, 23, 9)",uint8
train,Malignant,BreaDM-Ma-1811,train/Malignant/BreaDM-Ma-1811/p-022.npy,fa7babd105c2d86fcdd848b64878e52b66fb32840fe753b23cf5ff0b6ee1ff06,"(22, 20, 9)",uint8
train,Malignant,BreaDM-Ma-1811,train/Malignant/BreaDM-Ma-1811/p-023.npy,ddfa97487d615a0335b3bcfeee5da8ad2243c061367607bf546010f660357d37,"(22, 20, 9)",uint8
train,Malignant,BreaDM-Ma-1811,train/Malignant/BreaDM-Ma-1811/p-024.npy,77864b8c1e6caea46e2ea748027e7762ad01a2a0312c191f7b4e1ea23879ce08,"(22, 20, 9)",uint8
train,Malignant,BreaDM-Ma-1811,train/Malignant/BreaDM-Ma-1811/p-025.npy,507fa04935feb22f6d1605b2d0ec7a08a41427c9ad6a95ddb19529b091ceefa4,"(22, 20, 9)",uint8
train,Malignant,BreaDM-Ma-1811,train/Malignant/BreaDM-Ma-1811/p-026.npy,6904444b899cacf6efce8627b9522211995682daaf21463756f01488dc8cae98,"(22, 20, 9)",uint8
train,Malignant,BreaDM-Ma-1811,train/Malignant/BreaDM-Ma-1811/p-027.npy,a1a82dffdf04850cec89c38909e332362c84e20072236beb82d4b6b498d63035,"(22, 20, 9)",uint8
train,Malignant,BreaDM-Ma-1811,train/Malignant/BreaDM-Ma-1811/p-028.npy,dba082183acafe6317d84062da740619afda9d40b20feedf51137a7ec21c2300,"(22, 20, 9)",uint8
train,Malignant,BreaDM-Ma-1813,train/Malignant/BreaDM-Ma-1813/p-042.npy,01c5a889f3efcb039afba78d14999bf10808eaddbfb4e7444462dcfe1555979a,"(34, 24, 9)",uint8
train,Malignant,BreaDM-Ma-1813,train/Malignant/BreaDM-Ma-1813/p-043.npy,df09b7cff2d191387ceadd95de162990ee1bcfe0a209d14101fd5869fe32b5ad,"(34, 24, 9)",uint8
train,Malignant,BreaDM-Ma-1813,train/Malignant/BreaDM-Ma-1813/p-044.npy,39816229a30b126f6f0191c84b9e8f5f5199060110a7372dac1b5a48f49353e7,"(34, 24, 9)",uint8
train,Malignant,BreaDM-Ma-1813,train/Malignant/BreaDM-Ma-1813/p-045.npy,f501acfccbcd6b451c50fe306d09914dd90d1afc3d9b1504c1fc8ff72aa20d63,"(34, 24, 9)",uint8
train,Malignant,BreaDM-Ma-1813,train/Malignant/BreaDM-Ma-1813/p-046.npy,a9ebaa53208b8d68ada6f9c6336befabf01478184ac09623b9167d2780962ae5,"(34, 24, 9)",uint8
train,Malignant,BreaDM-Ma-1813,train/Malignant/BreaDM-Ma-1813/p-047.npy,314c1ca7ce9edbd57ce5273bfa2d849ad5924292052cdf4a4cd458d8b714466f,"(34, 24, 9)",uint8
train,Malignant,BreaDM-Ma-1813,train/Malignant/BreaDM-Ma-1813/p-048.npy,5da5818389f411fe893f91be7dcef1876f5363f430ba2ece336a8f2f52f658d1,"(34, 24, 9)",uint8
train,Malignant,BreaDM-Ma-1813,train/Malignant/BreaDM-Ma-1813/p-049.npy,a5e92ee6ddfa3c3f1c51ae7eeb7811925ee7a762257aa1a5a5bad2fd6c9d963e,"(34, 24, 9)",uint8
train,Malignant,BreaDM-Ma-1814,train/Malignant/BreaDM-Ma-1814/p-019.npy,83d133c312c397f4fe5d41c4b2cd1e3a8e2d3b7daab1e856084ddceeb59d5185,"(24, 21, 9)",uint8
train,Malignant,BreaDM-Ma-1814,train/Malignant/BreaDM-Ma-1814/p-020.npy,8755b6e7074d683695ca8acd5343ece815712e78b1dc8a94d0ad5009869b3a03,"(24, 21, 9)",uint8
train,Malignant,BreaDM-Ma-1814,train/Malignant/BreaDM-Ma-1814/p-021.npy,75f482782c6c5894448ca04f09046d9baa1bff67ee049fe0f7cf19398570f0b7,"(24, 21, 9)",uint8
train,Malignant,BreaDM-Ma-1814,train/Malignant/BreaDM-Ma-1814/p-022.npy,441783b70448b303879387fd8b4499f2c1ba42de0823992c1753a33dd1757267,"(24, 21, 9)",uint8
train,Malignant,BreaDM-Ma-1814,train/Malignant/BreaDM-Ma-1814/p-023.npy,5b6fd874e57d45aad5cec9a6b99b9e8f78f65f7270be58752ce878da4e48239e,"(24, 21, 9)",uint8
train,Malignant,BreaDM-Ma-1814,train/Malignant/BreaDM-Ma-1814/p-024.npy,5434e32abc77a093b08175e1653e98e482152eaa40f6df6a3218cba39a9f727f,"(24, 21, 9)",uint8
train,Malignant,BreaDM-Ma-1814,train/Malignant/BreaDM-Ma-1814/p-025.npy,a689513b2b786701ac0158dc8acce2e5edcc0fc06ea621cb5a13814962198bc5,"(24, 21, 9)",uint8
train,Malignant,BreaDM-Ma-1814,train/Malignant/BreaDM-Ma-1814/p-026.npy,a23b14f91f9319f7414ce434da83a93061c46d5ef3007d2f47192f71087b146d,"(24, 21, 9)",uint8
train,Malignant,BreaDM-Ma-1815,train/Malignant/BreaDM-Ma-1815/p-047.npy,12ac1b6bc89cd9b0d91dce653d239a33cc71b84e28768cfd1749a4d51bddbee9,"(19, 21, 9)",uint8
train,Malignant,BreaDM-Ma-1815,train/Malignant/BreaDM-Ma-1815/p-048.npy,b526faa9b00c0803059e04c30ec736f1492c029a54c9d27158f0a9fa53f8b036,"(19, 21, 9)",uint8
train,Malignant,BreaDM-Ma-1815,train/Malignant/BreaDM-Ma-1815/p-049.npy,d31e7f4a88ef74d06af91bfd38396d702607c7a8c97a13fb62465f763fad3a39,"(19, 21, 9)",uint8
train,Malignant,BreaDM-Ma-1815,train/Malignant/BreaDM-Ma-1815/p-050.npy,b0d153a1321172caa4ecf1e2d883e3d48d58cc0bd9e843e9009458f766b4061f,"(19, 21, 9)",uint8
train,Malignant,BreaDM-Ma-1815,train/Malignant/BreaDM-Ma-1815/p-051.npy,1f81b1b6c70998f31ee7041395c0f0ee0abda97b9fbc2ebb9a888ffbb8b183ae,"(19, 21, 9)",uint8
train,Malignant,BreaDM-Ma-1816,train/Malignant/BreaDM-Ma-1816/p-036.npy,d26ecdc19e1419c086c10556eeb4e48888bced2cf3db31af9e02c7bd309367c5,"(30, 28, 9)",uint8
train,Malignant,BreaDM-Ma-1816,train/Malignant/BreaDM-Ma-1816/p-037.npy,b5442cfe04fb96da225850b96e906ad50e3564d93daedb43c364ec7ad276f04c,"(30, 28, 9)",uint8
train,Malignant,BreaDM-Ma-1816,train/Malignant/BreaDM-Ma-1816/p-038.npy,c5b5ddd975e08855c221815e83ff77be6289832e1cea714a77492b9425a285ff,"(30, 28, 9)",uint8
train,Malignant,BreaDM-Ma-1816,train/Malignant/BreaDM-Ma-1816/p-039.npy,99d034c918f4164fc6271d5782a702b047a62ea0042abdf037ff2b206ff3c57b,"(30, 28, 9)",uint8
train,Malignant,BreaDM-Ma-1816,train/Malignant/BreaDM-Ma-1816/p-040.npy,220a96e118f165f0e6e9bf48eff1bc205c41158ba1aefe1c3895ed68f741aa4a,"(30, 28, 9)",uint8
train,Malignant,BreaDM-Ma-1816,train/Malignant/BreaDM-Ma-1816/p-041.npy,55f42751be24746e371d6cad16c0973c0d3fae4735849f86076f8316ee3d7283,"(30, 28, 9)",uint8
train,Malignant,BreaDM-Ma-1816,train/Malignant/BreaDM-Ma-1816/p-042.npy,0fc97e1d717e618fc64f23c7a70564593425ac553ee50f5bc4c1daf492041a8e,"(30, 28, 9)",uint8
train,Malignant,BreaDM-Ma-1816,train/Malignant/BreaDM-Ma-1816/p-043.npy,ad10fd7f1d4919ef2ef09bebf1e712b163a5b61fd71bfeb96c843d79430dfc29,"(30, 28, 9)",uint8
train,Malignant,BreaDM-Ma-1816,train/Malignant/BreaDM-Ma-1816/p-044.npy,61ed985357172ec31020d687bcf8e5e7b2f9ad97dc5d4347c57b6e92a970228e,"(30, 28, 9)",uint8
train,Malignant,BreaDM-Ma-1816,train/Malignant/BreaDM-Ma-1816/p-045.npy,4fb5d53f81e4b1e2bd75c9cb85d85ee966fcc69fbeebcf250571888bb581b76a,"(30, 28, 9)",uint8
train,Malignant,BreaDM-Ma-1816,train/Malignant/BreaDM-Ma-1816/p-046.npy,8799c615aa8034cf25a0a078ec6eaf253a3162647516415e9ea3b6b615e6729a,"(30, 28, 9)",uint8
train,Malignant,BreaDM-Ma-1816,train/Malignant/BreaDM-Ma-1816/p-047.npy,8a70ac5ad16616d6988360736182aba9953cfd18ec91a090b226b607490d51e2,"(30, 28, 9)",uint8
train,Malignant,BreaDM-Ma-1816,train/Malignant/BreaDM-Ma-1816/p-048.npy,8d89d826fd89b6059de48c78bbc49939d2af5e35f06cb8dcbbda5960cfc82e02,"(30, 28, 9)",uint8
train,Malignant,BreaDM-Ma-1816,train/Malignant/BreaDM-Ma-1816/p-049.npy,8e03a8282272c84042988c1d365993fce2172f5f529bfd357f22ae6bc7771863,"(30, 28, 9)",uint8
train,Malignant,BreaDM-Ma-1817,train/Malignant/BreaDM-Ma-1817/p-031.npy,f0a29c01a5b131c5e8f7842bbaae0211f0d81b6d42be7d987e62be7365405950,"(27, 23, 9)",uint8
train,Malignant,BreaDM-Ma-1817,train/Malignant/BreaDM-Ma-1817/p-032.npy,44aa33e51f50e5c91a127424742de12eecb808741b02b22db15db435eb8f6a75,"(27, 23, 9)",uint8
train,Malignant,BreaDM-Ma-1817,train/Malignant/BreaDM-Ma-1817/p-033.npy,254d3e566c4aa708f3436eafe602e666ee03d83d4ad2ac0cae44c9ed2ca903e3,"(27, 23, 9)",uint8
train,Malignant,BreaDM-Ma-1817,train/Malignant/BreaDM-Ma-1817/p-034.npy,d84dad697c98563443b13deede0b30b95448a00b85afa2921f06564957e0ff59,"(27, 23, 9)",uint8
train,Malignant,BreaDM-Ma-1817,train/Malignant/BreaDM-Ma-1817/p-035.npy,1c5cc2d4fedeea20ed7adc9ca72d6476fe27510bd1b99d6feb16e206d83425da,"(27, 23, 9)",uint8
train,Malignant,BreaDM-Ma-1818,train/Malignant/BreaDM-Ma-1818/p-025.npy,d9c7a238b62dc5f1233ee9a6432f6aea75a1ad4a9a9517897af0749d1204f3c4,"(29, 26, 9)",uint8
train,Malignant,BreaDM-Ma-1818,train/Malignant/BreaDM-Ma-1818/p-026.npy,d305bc847c7179f97d5c1f6a685670f91b660a53c4e5bff9c9a987745ff0552f,"(29, 26, 9)",uint8
train,Malignant,BreaDM-Ma-1818,train/Malignant/BreaDM-Ma-1818/p-027.npy,6a283f38bca781fb2ca748a6bfa1f9bd2208809ff5bc69323680e9d70c020c54,"(29, 26, 9)",uint8
train,Malignant,BreaDM-Ma-1818,train/Malignant/BreaDM-Ma-1818/p-028.npy,f7b3e0986d836449c033c384d24bf2b884231a03af9b3d002a0b9cb179c155ed,"(29, 26, 9)",uint8
train,Malignant,BreaDM-Ma-1818,train/Malignant/BreaDM-Ma-1818/p-029.npy,5ae8faf9ff34665533e0594a711be92662f7a63998bd9fd446c12a77c2b12f1b,"(29, 26, 9)",uint8
train,Malignant,BreaDM-Ma-1819,train/Malignant/BreaDM-Ma-1819/p-051.npy,b0965c5359d931b1b0352bfb42d855ae1bbcf06a4e2506063a009b114b057185,"(22, 22, 9)",uint8
train,Malignant,BreaDM-Ma-1819,train/Malignant/BreaDM-Ma-1819/p-052.npy,dff1b205f7959114881a62149af6f396c154f9e2e9483a6914dd5c8a5b88573a,"(22, 22, 9)",uint8
train,Malignant,BreaDM-Ma-1819,train/Malignant/BreaDM-Ma-1819/p-053.npy,bdd6ba4d2dde4039d62cc0a4d4308f8ee79e328b0107c1385b8fec9c9eee77ef,"(22, 22, 9)",uint8
train,Malignant,BreaDM-Ma-1819,train/Malignant/BreaDM-Ma-1819/p-054.npy,2a86bf53235e1f372e0dfacf7630ced3f9fa3b416295cc8c19c99f4820549ec3,"(22, 22, 9)",uint8
train,Malignant,BreaDM-Ma-1819,train/Malignant/BreaDM-Ma-1819/p-055.npy,bbc102fc45e61cd0916d4e3ae1494f688e4b392f7d7526b44ea77250b21073f3,"(22, 22, 9)",uint8
train,Malignant,BreaDM-Ma-1819,train/Malignant/BreaDM-Ma-1819/p-056.npy,63c751aea6f9c13b1e975e14c77aaef39441de177778bf02165c5e837a8444cd,"(22, 22, 9)",uint8
train,Malignant,BreaDM-Ma-1820,train/Malignant/BreaDM-Ma-1820/p-029.npy,b3acc9733baf2da16d3518aef8588a600c95b55a05431ae0ac64fb043964b024,"(29, 25, 9)",uint8
train,Malignant,BreaDM-Ma-1820,train/Malignant/BreaDM-Ma-1820/p-030.npy,e54a1f20ed7bc20478ba17542f0185600358559df18fad2fbda533146126f529,"(29, 25, 9)",uint8
train,Malignant,BreaDM-Ma-1820,train/Malignant/BreaDM-Ma-1820/p-031.npy,ca30c6b2ab4bb4c5725f53253cde891415e7e68eaf2744ce9e7f55130ee4c575,"(29, 25, 9)",uint8
train,Malignant,BreaDM-Ma-1820,train/Malignant/BreaDM-Ma-1820/p-032.npy,77b5e19a6dced191ce6d78b77d0a5a0f66c7e64a12181c81b3c07e37b8000bac,"(29, 25, 9)",uint8
train,Malignant,BreaDM-Ma-1820,train/Malignant/BreaDM-Ma-1820/p-033.npy,f67d45b332e8bebf03f4675dacd5e09a4f141bc5ae7ee9f9d9597db5601c0e7e,"(29, 25, 9)",uint8
train,Malignant,BreaDM-Ma-1820,train/Malignant/BreaDM-Ma-1820/p-034.npy,9ac40a24c6d22066c69522a8f91060b3d9e6bc63c9bdcd86c1c8ada3ea894bf7,"(29, 25, 9)",uint8
train,Malignant,BreaDM-Ma-1820,train/Malignant/BreaDM-Ma-1820/p-035.npy,205b9a9d27d12f8f60dc15b17ea381a97a08e067e4abb313fd0fa2d9d298d964,"(29, 25, 9)",uint8
train,Malignant,BreaDM-Ma-1820,train/Malignant/BreaDM-Ma-1820/p-036.npy,17bac39bb26caf03d66f885aac5480ed97930eb8a4ca99323b599350ff0cce0c,"(29, 25, 9)",uint8
train,Malignant,BreaDM-Ma-1820,train/Malignant/BreaDM-Ma-1820/p-037.npy,fa78c02dc37852dde000b5d5f02fe7cd70b2dcabd4fb8d1c4ab2dc1c5fd463ce,"(29, 25, 9)",uint8
train,Malignant,BreaDM-Ma-1820,train/Malignant/BreaDM-Ma-1820/p-038.npy,3389ce0478d59c692d4dbbf026fbb770d3d7405765a63e82003d522baa3fb3bd,"(29, 25, 9)",uint8
train,Malignant,BreaDM-Ma-1820,train/Malignant/BreaDM-Ma-1820/p-039.npy,e20bf48f680d8dcf419d75b1a4ac9d89005068c4b754ef08a8532f9d3e5336cc,"(29, 25, 9)",uint8
train,Malignant,BreaDM-Ma-1820,train/Malignant/BreaDM-Ma-1820/p-040.npy,e306a344d27cba68254e17ba4e7a494c7fef3acf7c5a5e425c4ee18c98a6342d,"(29, 25, 9)",uint8
train,Malignant,BreaDM-Ma-1820,train/Malignant/BreaDM-Ma-1820/p-041.npy,44b640f916c008c495f79c93049d5a70fb866deb0e32c1feddbd225fa5edafb5,"(29, 25, 9)",uint8
train,Malignant,BreaDM-Ma-1820,train/Malignant/BreaDM-Ma-1820/p-042.npy,c3ee45581b3290dc0b9b00f29722bdf56ab930939a7e70f36918d5cb41d452e1,"(29, 25, 9)",uint8
train,Malignant,BreaDM-Ma-1820,train/Malignant/BreaDM-Ma-1820/p-043.npy,f03ce9c2c64e01bc5710ec05c4d9a8da46305c43b699fd9a8a0dee34c0c22b99,"(29, 25, 9)",uint8
train,Malignant,BreaDM-Ma-1822,train/Malignant/BreaDM-Ma-1822/p-031.npy,24d3a6bc5b98e7c2b02783b97ca1b6d76a31c8cd5bc5db96a6b2b51e8d47c970,"(21, 24, 9)",uint8
train,Malignant,BreaDM-Ma-1822,train/Malignant/BreaDM-Ma-1822/p-032.npy,cc520e4903d8dcd3ba4f933941a746efb3343360ffb5ba1b7d911db3ea115bfa,"(21, 24, 9)",uint8
train,Malignant,BreaDM-Ma-1822,train/Malignant/BreaDM-Ma-1822/p-033.npy,827137b25a025b6a7bf13f45fedabc056892eeb77f79f22e6d991a3af2b5b28a,"(21, 24, 9)",uint8
train,Malignant,BreaDM-Ma-1822,train/Malignant/BreaDM-Ma-1822/p-034.npy,a1990d9908369302c3bd3b3ac39b739a3255801946a349953f2846acb45a5b2a,"(21, 24, 9)",uint8
train,Malignant,BreaDM-Ma-1822,train/Malignant/BreaDM-Ma-1822/p-035.npy,42ef85f73256fab0849584e5573b71520896e2041a8bf8cf258eac217b669d7a,"(21, 24, 9)",uint8
train,Malignant,BreaDM-Ma-1822,train/Malignant/BreaDM-Ma-1822/p-036.npy,532e4c57ac1a2c38a0fe3c475737657e3135f218fbd6f5c4f858a7d7b456354f,"(21, 24, 9)",uint8
train,Malignant,BreaDM-Ma-1823,train/Malignant/BreaDM-Ma-1823/p-029.npy,5561962f6ac3b6f772d4817839257c787cb73d84bf4eee0dc75269a21896db7d,"(27, 30, 9)",uint8
train,Malignant,BreaDM-Ma-1823,train/Malignant/BreaDM-Ma-1823/p-030.npy,171718b9bf3cbd7a89516dbd11456e92ee68b5eab99c93efe685df571d705201,"(27, 30, 9)",uint8
train,Malignant,BreaDM-Ma-1823,train/Malignant/BreaDM-Ma-1823/p-031.npy,2be0c68f14f6d9c56eb68f9febf86ffa73446d691119ada63bc6923659a104d8,"(27, 30, 9)",uint8
train,Malignant,BreaDM-Ma-1823,train/Malignant/BreaDM-Ma-1823/p-032.npy,53ef091fa6da2129153ce06e29f08ad0e1912553a019cbb783032a6f9cf38476,"(27, 30, 9)",uint8
train,Malignant,BreaDM-Ma-1823,train/Malignant/BreaDM-Ma-1823/p-033.npy,d5aad24a612c4cdc1672dde588c618f75a5cb14c00c38e2eb391bf9e365a2794,"(27, 30, 9)",uint8
train,Malignant,BreaDM-Ma-1823,train/Malignant/BreaDM-Ma-1823/p-034.npy,9a85a7807e88a5b44d274584663fd3d6ce87e8b6b5e5bd6a49ab4067d79acf42,"(27, 30, 9)",uint8
train,Malignant,BreaDM-Ma-1823,train/Malignant/BreaDM-Ma-1823/p-035.npy,642085131fa506a5113741ee347314f97faf681a97be67c49de48a4d99c5ba92,"(27, 30, 9)",uint8
train,Malignant,BreaDM-Ma-1823,train/Malignant/BreaDM-Ma-1823/p-036.npy,85315e63a67e4348a4513ccbac7f108bbe4a5623caa5526d5d6d6a20e14c301f,"(27, 30, 9)",uint8
train,Malignant,BreaDM-Ma-1823,train/Malignant/BreaDM-Ma-1823/p-037.npy,5fcba750659cfe6d94d95d14724a9fe948f327b1c45a8a93d66131dbc63e7113,"(27, 30, 9)",uint8
train,Malignant,BreaDM-Ma-1825,train/Malignant/BreaDM-Ma-1825/p-041.npy,fe32b5cbfda2ed9b2bf2b523c8de20310b0a086f97587b2904593ca8393fcc14,"(36, 44, 9)",uint8
train,Malignant,BreaDM-Ma-1825,train/Malignant/BreaDM-Ma-1825/p-042.npy,43c8cc2d5a511add8d0c66dc4a11c1493dd8322bdc6343e6bdedd55500cd2c85,"(36, 44, 9)",uint8
train,Malignant,BreaDM-Ma-1825,train/Malignant/BreaDM-Ma-1825/p-043.npy,c30bb64f33f7403c1778024cc2c8d16d5550f4ff2e30bf570e9ee3311a704cdc,"(36, 44, 9)",uint8
train,Malignant,BreaDM-Ma-1825,train/Malignant/BreaDM-Ma-1825/p-044.npy,569992da36af803a0089c64c60f546941d43f3c04cc156e65b782bbf280b0407,"(36, 44, 9)",uint8
train,Malignant,BreaDM-Ma-1825,train/Malignant/BreaDM-Ma-1825/p-045.npy,d5fe6eec607038d09a8f1134885b6dc2512464db79c0ab7beceab31ebe51e8e6,"(36, 44, 9)",uint8
train,Malignant,BreaDM-Ma-1825,train/Malignant/BreaDM-Ma-1825/p-046.npy,d814d7a59ac2e67be8a3f56c3390b648e341f5c9add4afd9169396bfc49fcbbf,"(36, 44, 9)",uint8
train,Malignant,BreaDM-Ma-1825,train/Malignant/BreaDM-Ma-1825/p-047.npy,985d4bc2e38edb2c1f517c4f46c576febf8dfff6c151abc67e3257d5d22ee96d,"(36, 44, 9)",uint8
train,Malignant,BreaDM-Ma-1825,train/Malignant/BreaDM-Ma-1825/p-048.npy,6be1dd0d6df175474bb62a4de32d05ae85bca63f5cab68a663f3c0f22d2da0ad,"(36, 44, 9)",uint8
train,Malignant,BreaDM-Ma-1825,train/Malignant/BreaDM-Ma-1825/p-049.npy,9b5d3f26bafe0bb9f3496ca2baa0f9a42239058a5460fd8fe8dd31a56ab300a9,"(36, 44, 9)",uint8
train,Malignant,BreaDM-Ma-1825,train/Malignant/BreaDM-Ma-1825/p-050.npy,8d64107147da8ad7bd3a84fe77b4d4de5185b1a03ec396d17f1f84955164bc53,"(36, 44, 9)",uint8
train,Malignant,BreaDM-Ma-1825,train/Malignant/BreaDM-Ma-1825/p-051.npy,bc0ece5b018a0022d09a3b537758430d506bf3c78c47a7c9fa1701b46cda06bd,"(36, 44, 9)",uint8
train,Malignant,BreaDM-Ma-1825,train/Malignant/BreaDM-Ma-1825/p-052.npy,86bc70e52bea2e5491c8e244b8c0156a7ca4e5066781597785cc87a6abf5767a,"(36, 44, 9)",uint8
train,Malignant,BreaDM-Ma-1825,train/Malignant/BreaDM-Ma-1825/p-053.npy,eb9cdab06ee6fbf773d08e24e749a5fcd7b5bef73b6c6aefe548922ee8fca8f1,"(36, 44, 9)",uint8
train,Malignant,BreaDM-Ma-1828,train/Malignant/BreaDM-Ma-1828/p-046.npy,b8e6f52de3aede215328e7999a8518a2fef522556a1959cd2c20bda22f3262ae,"(23, 24, 9)",uint8
train,Malignant,BreaDM-Ma-1828,train/Malignant/BreaDM-Ma-1828/p-047.npy,41425b7c40adff3b5ee9f0460c46e4f95ab244762c94f2540d320ec8b5ae4d3b,"(23, 24, 9)",uint8
train,Malignant,BreaDM-Ma-1828,train/Malignant/BreaDM-Ma-1828/p-048.npy,80ad81dd8fd9834ec18f3ca1765c9d3878d74bfabd48c5320cd54962193515db,"(23, 24, 9)",uint8
train,Malignant,BreaDM-Ma-1828,train/Malignant/BreaDM-Ma-1828/p-049.npy,f6affbbeb750101a784a94c0f5fe058e38ec266a8eaa165002ab46ac5ad7c19e,"(23, 24, 9)",uint8
train,Malignant,BreaDM-Ma-1828,train/Malignant/BreaDM-Ma-1828/p-050.npy,b662ec311c4fcc46469b8e97d1ac5a9f2f520a357cb074aa3a49757e6cb26db2,"(23, 24, 9)",uint8
train,Malignant,BreaDM-Ma-1828,train/Malignant/BreaDM-Ma-1828/p-051.npy,5b2ba229f1543e25e77a4bdf9d2fc89feb9429e2297cf48aa6c450a63f51aa13,"(23, 24, 9)",uint8
train,Malignant,BreaDM-Ma-1828,train/Malignant/BreaDM-Ma-1828/p-052.npy,ef14a3ad8bb69bddcdd4a39f74a815838ce384d519104292a17d275c5337703c,"(23, 24, 9)",uint8
train,Malignant,BreaDM-Ma-1901,train/Malignant/BreaDM-Ma-1901/p-029.npy,f90b6e6a7b19fa028934d12699fa1b5d71b7cc7e6fd849fc33335fecf909b5b0,"(18, 20, 9)",uint8
train,Malignant,BreaDM-Ma-1901,train/Malignant/BreaDM-Ma-1901/p-030.npy,210d3149490ca6ee4e985c8f910ab6d07a3a6fffadd4b84cb4292fe72d056774,"(18, 20, 9)",uint8
train,Malignant,BreaDM-Ma-1901,train/Malignant/BreaDM-Ma-1901/p-031.npy,f8a416ba8754fbdb4f7eb0825e2c946964b7c3867c69e720560811513cc946fb,"(18, 20, 9)",uint8
train,Malignant,BreaDM-Ma-1901,train/Malignant/BreaDM-Ma-1901/p-032.npy,42cf6d0c37373df489193f891f85a2adc500cc4f4a00839539dbe4054ba0a662,"(18, 20, 9)",uint8
train,Malignant,BreaDM-Ma-1901,train/Malignant/BreaDM-Ma-1901/p-033.npy,7dcb282ef1a49a4a99353d35af59d8a7993b44e14ed63587395671536f13bd8a,"(18, 20, 9)",uint8
train,Malignant,BreaDM-Ma-1902,train/Malignant/BreaDM-Ma-1902/p-020.npy,4894721b33f6790833263d4ed206fd84f53d76fd60d5f4fca4eb3a91e8611025,"(22, 34, 9)",uint8
train,Malignant,BreaDM-Ma-1902,train/Malignant/BreaDM-Ma-1902/p-021.npy,68df332df3214779395b4190da4cb72f48b8697706eaa48c84846f328813e998,"(22, 34, 9)",uint8
train,Malignant,BreaDM-Ma-1902,train/Malignant/BreaDM-Ma-1902/p-022.npy,ac081bdf274e055fc631be4bfbcae4f35fe6989359297349fb2d2f3a7fdcbf18,"(22, 34, 9)",uint8
train,Malignant,BreaDM-Ma-1902,train/Malignant/BreaDM-Ma-1902/p-023.npy,29bdfe063a7197588c4c2e660754644fcacd45cf0a8e4ba978a8aed1b3f562a1,"(22, 34, 9)",uint8
train,Malignant,BreaDM-Ma-1902,train/Malignant/BreaDM-Ma-1902/p-024.npy,967507e45e7fe41bb03af3a18cfeb389e7324382a61baebb7f90b748e7b0e5b8,"(22, 34, 9)",uint8
train,Malignant,BreaDM-Ma-1902,train/Malignant/BreaDM-Ma-1902/p-025.npy,0fa017f60f6d2afa5422413f181ba17e5d99daa1d276ec066960ec0fdabfc0c4,"(22, 34, 9)",uint8
train,Malignant,BreaDM-Ma-1903,train/Malignant/BreaDM-Ma-1903/p-042.npy,66190f0cd9045b810b6cc129814e34dfa0d46fbea548aa8f73e8256df6ac3c1b,"(24, 27, 9)",uint8
train,Malignant,BreaDM-Ma-1903,train/Malignant/BreaDM-Ma-1903/p-043.npy,338e958a190786f73c914df9a36749e1afe105bd31f5a59ff3094e9e5ff5ea78,"(24, 27, 9)",uint8
train,Malignant,BreaDM-Ma-1903,train/Malignant/BreaDM-Ma-1903/p-044.npy,4bba1437a461b502e12dde55c8c3c7fcf62610ea342c0d9df28044e362ff0f82,"(24, 27, 9)",uint8
train,Malignant,BreaDM-Ma-1903,train/Malignant/BreaDM-Ma-1903/p-045.npy,a5888517b914c19d1c5606b2207517cc2155988dedcbdf41973656e8cd7d9f85,"(24, 27, 9)",uint8
train,Malignant,BreaDM-Ma-1903,train/Malignant/BreaDM-Ma-1903/p-046.npy,1cd891f70b3ed9b72e599c3afe76d2d232c9305371a60c443e12127b1e15768e,"(24, 27, 9)",uint8
train,Malignant,BreaDM-Ma-1903,train/Malignant/BreaDM-Ma-1903/p-047.npy,6a96525878c374054e1b012cbb65fbd52bf7cb32d39b873765a6924856ddd137,"(24, 27, 9)",uint8
train,Malignant,BreaDM-Ma-1903,train/Malignant/BreaDM-Ma-1903/p-048.npy,daa3c5927a90fb943207035c375d4622151dd82ec0f8eeb1185d17fec769b9c0,"(24, 27, 9)",uint8
train,Malignant,BreaDM-Ma-1904,train/Malignant/BreaDM-Ma-1904/p-035.npy,aeb8c3c887b7d262c6855ad919c0b73a64756a11263e1777d898370fa56c5e53,"(26, 23, 9)",uint8
train,Malignant,BreaDM-Ma-1904,train/Malignant/BreaDM-Ma-1904/p-036.npy,934911032976c30760950381326701a283a408f0bb5be9cca9c3e8a6bffee654,"(26, 23, 9)",uint8
train,Malignant,BreaDM-Ma-1904,train/Malignant/BreaDM-Ma-1904/p-037.npy,cfca774d13ed40c3bb88529892859287fdf48da8ae43c8ca8d212f3b6bc08b8a,"(26, 23, 9)",uint8
train,Malignant,BreaDM-Ma-1904,train/Malignant/BreaDM-Ma-1904/p-038.npy,fa6da51f44c86954b8e7a6c919ea33d70daf18288fa67b80ab8bd9e5a8c73bd8,"(26, 23, 9)",uint8
train,Malignant,BreaDM-Ma-1904,train/Malignant/BreaDM-Ma-1904/p-039.npy,9040588c0039ba3cb41d055d2d1227d22a6508f626f461ad3b3f86cd041fad95,"(26, 23, 9)",uint8
train,Malignant,BreaDM-Ma-1904,train/Malignant/BreaDM-Ma-1904/p-040.npy,b2675aa179ca5d616f4e6cdabfafc48186791981ef00117dea315a8ecc467a2c,"(26, 23, 9)",uint8
train,Malignant,BreaDM-Ma-1905,train/Malignant/BreaDM-Ma-1905/p-041.npy,cd84c0ba9c1e479e22aad29068d10fc9793f16e21e682785c9ff442aa8e6ea63,"(23, 22, 9)",uint8
train,Malignant,BreaDM-Ma-1905,train/Malignant/BreaDM-Ma-1905/p-042.npy,5c70f84fe83a7f5e4e721c91c67d987278e8ecae340d3edd7285fc33a6f47bd3,"(23, 22, 9)",uint8
train,Malignant,BreaDM-Ma-1905,train/Malignant/BreaDM-Ma-1905/p-043.npy,d130daeb4396d5ce65535a0fe6542f67162e7cd047fdce41bfa6c4fe523e7814,"(23, 22, 9)",uint8
train,Malignant,BreaDM-Ma-1905,train/Malignant/BreaDM-Ma-1905/p-044.npy,38c4dc7aa3af3b45a22147bdb54b02b7b6fb1c9d94dcf0d0c9e481aa054f2dd6,"(23, 22, 9)",uint8
train,Malignant,BreaDM-Ma-1905,train/Malignant/BreaDM-Ma-1905/p-045.npy,2f11f2d526bb2134367dd4b1fccc05e97655fc1dc7f84fe5335f3921385828f9,"(23, 22, 9)",uint8
train,Malignant,BreaDM-Ma-1905,train/Malignant/BreaDM-Ma-1905/p-046.npy,dae42d13dffef0141c16ae1ef33ec90bfdcf8ce0f74f03b86d9e326b7caa5dcb,"(23, 22, 9)",uint8
train,Malignant,BreaDM-Ma-1906,train/Malignant/BreaDM-Ma-1906/p-034.npy,cc329037d4b3948527ed1adac12ad751ad1d34fc5fe8ca24f796309c917fc504,"(75, 44, 9)",uint8
train,Malignant,BreaDM-Ma-1906,train/Malignant/BreaDM-Ma-1906/p-035.npy,a07952a081119d7eef8f3d2d9ec2196bf8b6d19d666204f714194991118dceea,"(75, 44, 9)",uint8
train,Malignant,BreaDM-Ma-1906,train/Malignant/BreaDM-Ma-1906/p-036.npy,8de61dd3dc5a4d37313e88c05facdd149f268fdfed2e0831c745c9a75464b478,"(75, 44, 9)",uint8
train,Malignant,BreaDM-Ma-1906,train/Malignant/BreaDM-Ma-1906/p-037.npy,27409f5e03c0ee7d63b9a5b1d3ef6bd5f7d2f88de91566664d355a9f19c9f6a6,"(75, 44, 9)",uint8
train,Malignant,BreaDM-Ma-1906,train/Malignant/BreaDM-Ma-1906/p-038.npy,09219017635e2d2622750f2ad5d7559b00b4c4408f72fdc89dc72c8f93006a04,"(75, 44, 9)",uint8
train,Malignant,BreaDM-Ma-1906,train/Malignant/BreaDM-Ma-1906/p-039.npy,a45154214ddb30b33e58d2b45833392c1ee2240e9b1663c8ef8c8036ccb0db29,"(75, 44, 9)",uint8
train,Malignant,BreaDM-Ma-1906,train/Malignant/BreaDM-Ma-1906/p-040.npy,7fb15b84591f52ef4ae295a89741275725f04e4defe2a43f570e1c8c0f69b9d2,"(75, 44, 9)",uint8
train,Malignant,BreaDM-Ma-1906,train/Malignant/BreaDM-Ma-1906/p-041.npy,ff16735c02553bad38e3cd3436d751b91721fd0c7b321c2ee09b9784216b518a,"(75, 44, 9)",uint8
train,Malignant,BreaDM-Ma-1906,train/Malignant/BreaDM-Ma-1906/p-042.npy,805763156d2b75ae2e4418696d15fa163726ebf45eb0d20aa26ff486b02b7ddd,"(75, 44, 9)",uint8
train,Malignant,BreaDM-Ma-1906,train/Malignant/BreaDM-Ma-1906/p-043.npy,bb4f51494552967228aff66c4128e24c570f3023fe035b7dedd00d4add830e8c,"(75, 44, 9)",uint8
train,Malignant,BreaDM-Ma-1906,train/Malignant/BreaDM-Ma-1906/p-044.npy,34babf222eaeb405358f0e67715e1d353af2986056543682131560a7d89997c1,"(75, 44, 9)",uint8
train,Malignant,BreaDM-Ma-1906,train/Malignant/BreaDM-Ma-1906/p-045.npy,91004f4ec5ac8408d64af85ba3eab5a1de165ff7a50c8f605442ff0039e43699,"(75, 44, 9)",uint8
train,Malignant,BreaDM-Ma-1906,train/Malignant/BreaDM-Ma-1906/p-046.npy,7c7e177f3be2b609b2bc5d0698dcd68fe499f79af9358a0bad937a79c6e3370b,"(75, 44, 9)",uint8
train,Malignant,BreaDM-Ma-1906,train/Malignant/BreaDM-Ma-1906/p-047.npy,b45b7a40e1578a67dbb9c2dd9e44e2688c90615b0243bbedd2d9c03f4a27e564,"(75, 44, 9)",uint8
train,Malignant,BreaDM-Ma-1906,train/Malignant/BreaDM-Ma-1906/p-048.npy,b40f4a9d8948cab0579887dde34812cfc10274ebcc5e79cb5121a75d65bedce1,"(75, 44, 9)",uint8
train,Malignant,BreaDM-Ma-1906,train/Malignant/BreaDM-Ma-1906/p-049.npy,5292ec5ad17de52d6bb581721986c858a03172e94388a8150a7f3b4e7f9af154,"(75, 44, 9)",uint8
train,Malignant,BreaDM-Ma-1907,train/Malignant/BreaDM-Ma-1907/p-019.npy,f6f76190a83b676e84e3238102e0407ed05ea0585de6cf688c5a8482b5cb1fb0,"(21, 19, 9)",uint8
train,Malignant,BreaDM-Ma-1907,train/Malignant/BreaDM-Ma-1907/p-020.npy,424de1955436b266b4132c6c46f78bb5e414917dc1e2d9df495e7d5656bbfc4e,"(21, 19, 9)",uint8
train,Malignant,BreaDM-Ma-1907,train/Malignant/BreaDM-Ma-1907/p-021.npy,85f0acc9690a8161295dbca1495d48104b9f6223b654a963f8575dda85e9eea8,"(21, 19, 9)",uint8
train,Malignant,BreaDM-Ma-1907,train/Malignant/BreaDM-Ma-1907/p-022.npy,70a210a82c1426fec7ed11a9312da621ed4c0b9e33c65da71e41b177d5ce793c,"(21, 19, 9)",uint8
train,Malignant,BreaDM-Ma-1907,train/Malignant/BreaDM-Ma-1907/p-023.npy,ecf4307c39021e92a7f7d06a618d508e36a77a83abf492e2fb49a7f0b804e725,"(21, 19, 9)",uint8
train,Malignant,BreaDM-Ma-1907,train/Malignant/BreaDM-Ma-1907/p-024.npy,1dbca19cd832b08a29a0e25ab8ad93fc99d0dc904fd995511106d3eed5d3411e,"(21, 19, 9)",uint8
train,Malignant,BreaDM-Ma-1907,train/Malignant/BreaDM-Ma-1907/p-025.npy,4263ae05b0a183c79987cb4aec026e8bceb5187f5c3db74bf0c34ff0fd9e9bd1,"(21, 19, 9)",uint8
train,Malignant,BreaDM-Ma-1911,train/Malignant/BreaDM-Ma-1911/p-028.npy,d7b809c5841ab447323eaaf7d099375c6994d3dd9a47f6d4e97194e47c8f6d1b,"(36, 32, 9)",uint8
train,Malignant,BreaDM-Ma-1911,train/Malignant/BreaDM-Ma-1911/p-029.npy,cfcfea9c4b95a6a90702f791bfcb828c970843e6767747b435bffaae8259b28e,"(36, 32, 9)",uint8
train,Malignant,BreaDM-Ma-1911,train/Malignant/BreaDM-Ma-1911/p-030.npy,fda0db05c44122c951bad4634a3f75ca77a9be9a5c144087fcf469dbcb5aba1e,"(36, 32, 9)",uint8
train,Malignant,BreaDM-Ma-1911,train/Malignant/BreaDM-Ma-1911/p-031.npy,3f5b34ed4dd1e72d57250ae4b1d9c912696b199c5f6578a0dd274f8c4a30fd68,"(36, 32, 9)",uint8
train,Malignant,BreaDM-Ma-1911,train/Malignant/BreaDM-Ma-1911/p-032.npy,51eff38d9ea6bc59c41c94202c8bf455fe678fb94e73764ef4b632792c5c78af,"(36, 32, 9)",uint8
train,Malignant,BreaDM-Ma-1911,train/Malignant/BreaDM-Ma-1911/p-033.npy,45e17b9e55c0ce393b2cedcdc32e726e9c9b242721c4ff2b432e0c319e66e63d,"(36, 32, 9)",uint8
train,Malignant,BreaDM-Ma-1911,train/Malignant/BreaDM-Ma-1911/p-034.npy,11bc13c52d92d6efbae73bee63e0289c8aeac0e1304e992e1c028dd143272c6b,"(36, 32, 9)",uint8
train,Malignant,BreaDM-Ma-1911,train/Malignant/BreaDM-Ma-1911/p-035.npy,37e713110f89d930fed92aeebd2135c1276ff2c2481aa8acb40191bc1fad864e,"(36, 32, 9)",uint8
train,Malignant,BreaDM-Ma-1912,train/Malignant/BreaDM-Ma-1912/p-037.npy,7bc624c34e1d176e0e6df06b8fd11224f37563d23935033e83e651d9c2cff77a,"(14, 12, 9)",uint8
train,Malignant,BreaDM-Ma-1912,train/Malignant/BreaDM-Ma-1912/p-038.npy,817b9d94cc0551e03fa4ca42b454a7c74c0ddc54443945dd3b3818ad7047e22c,"(14, 12, 9)",uint8
train,Malignant,BreaDM-Ma-1913,train/Malignant/BreaDM-Ma-1913/p-043.npy,18babf15f5134fcb2bcdd18218f3fa5e968353397523da50b81e2ffcf8f93804,"(14, 16, 9)",uint8
train,Malignant,BreaDM-Ma-1913,train/Malignant/BreaDM-Ma-1913/p-044.npy,4b1a8a0b385794fcc53aa37069e14589bc59f603363688b60821b0bcee5552b0,"(14, 16, 9)",uint8
train,Malignant,BreaDM-Ma-1913,train/Malignant/BreaDM-Ma-1913/p-045.npy,38dd10709d0063ead6c1e130acc90f0c6a5f562e963fe24957f79bab7e765cdb,"(14, 16, 9)",uint8
train,Malignant,BreaDM-Ma-1914,train/Malignant/BreaDM-Ma-1914/p-021.npy,b008c2cf918f6d1dad8e160a6afba008bb9c8ac6fe6bf42b81712dd485fd6412,"(28, 27, 9)",uint8
train,Malignant,BreaDM-Ma-1914,train/Malignant/BreaDM-Ma-1914/p-022.npy,d7b6a783cb2df86493265ed9007e12e103fe6a18549d80c3da170d3f92b1a9eb,"(28, 27, 9)",uint8
train,Malignant,BreaDM-Ma-1914,train/Malignant/BreaDM-Ma-1914/p-023.npy,c3a45313679cabbacea8405c28fc426a46b155184fe00d696876347ab1283585,"(28, 27, 9)",uint8
train,Malignant,BreaDM-Ma-1914,train/Malignant/BreaDM-Ma-1914/p-024.npy,ed484f891f91751a265e2bf3234dfab218a04646e1057470923bb727b67aa96c,"(28, 27, 9)",uint8
train,Malignant,BreaDM-Ma-1914,train/Malignant/BreaDM-Ma-1914/p-025.npy,bb7653dab7786c0b60cd14ffdd7f1d6ef8a6163784fb116c933ff9c3f33285b3,"(28, 27, 9)",uint8
train,Malignant,BreaDM-Ma-1914,train/Malignant/BreaDM-Ma-1914/p-026.npy,a1c9e4ab2ce5eba24c839ec150d4ea08db0261e2dae660b96d3f24583f60349d,"(28, 27, 9)",uint8
train,Malignant,BreaDM-Ma-1914,train/Malignant/BreaDM-Ma-1914/p-027.npy,276fdb4de61f8e7b9d0ae7415c2680440ace19d12a825b4b39f7cd9869a7a029,"(28, 27, 9)",uint8
train,Malignant,BreaDM-Ma-1917,train/Malignant/BreaDM-Ma-1917/p-043.npy,09733f386bd235a773a2a8dad2b45f8baa3694c7fc31529a3a756cd5aa70b828,"(21, 23, 9)",uint8
train,Malignant,BreaDM-Ma-1917,train/Malignant/BreaDM-Ma-1917/p-044.npy,30d1f876190d0b4680f3482e881d7adb34c43db1680fb58b7d1c593fd4abc4f6,"(21, 23, 9)",uint8
train,Malignant,BreaDM-Ma-1917,train/Malignant/BreaDM-Ma-1917/p-045.npy,404a152e67f59af224c5ce67d72248065e6458fd2d47e481f2b154952d2067a0,"(21, 23, 9)",uint8
train,Malignant,BreaDM-Ma-1917,train/Malignant/BreaDM-Ma-1917/p-046.npy,75131d900b1e3abbc30d613c4964a0e85bc41c737dbd2df670bbe7972362cf21,"(21, 23, 9)",uint8
train,Malignant,BreaDM-Ma-1917,train/Malignant/BreaDM-Ma-1917/p-047.npy,9b7747d04b102cc20262eeb01a7082a0ec772132266ac0eae5c7490ca8d416e2,"(21, 23, 9)",uint8
train,Malignant,BreaDM-Ma-1917,train/Malignant/BreaDM-Ma-1917/p-048.npy,ca3e8d859480f022629d393ee0e3e077fd8e9eb27227b7e3f50391742ae9d74c,"(21, 23, 9)",uint8
train,Malignant,BreaDM-Ma-1917,train/Malignant/BreaDM-Ma-1917/p-049.npy,ddef796267970d4d53d64beef7dc7ef5d8488dfb917be87f3a56e4f83361fd3a,"(21, 23, 9)",uint8
train,Malignant,BreaDM-Ma-1918,train/Malignant/BreaDM-Ma-1918/p-038.npy,18b2c141301e0966a32eda965b97cd1a3e562461f92805900d72cdf1bf9b7e15,"(24, 25, 9)",uint8
train,Malignant,BreaDM-Ma-1918,train/Malignant/BreaDM-Ma-1918/p-039.npy,8e9b78732d1606b6fd5b4bfde02b4a4ef6606d080c4abbd31fbe2b6e657d1b48,"(24, 25, 9)",uint8
train,Malignant,BreaDM-Ma-1918,train/Malignant/BreaDM-Ma-1918/p-040.npy,a9f79aa0c5bb7a45e5664960f2772c43a6854833ecbb6f61ddeb813ae65aacca,"(24, 25, 9)",uint8
train,Malignant,BreaDM-Ma-1918,train/Malignant/BreaDM-Ma-1918/p-041.npy,c8d9d430903fe308795d9d9754c9a9958d48c1080dafe1613b2ee172c40ace7c,"(24, 25, 9)",uint8
train,Malignant,BreaDM-Ma-1918,train/Malignant/BreaDM-Ma-1918/p-042.npy,a12bf062d01fa2d43b69bf4832aaf88a9a0671fc45b4aa331c6579720276dd0e,"(24, 25, 9)",uint8
train,Malignant,BreaDM-Ma-1918,train/Malignant/BreaDM-Ma-1918/p-043.npy,92d4825d274fe6f94ca3508e0ed1062b3413df98fe4c3c9bd9ccef058136876b,"(24, 25, 9)",uint8
train,Malignant,BreaDM-Ma-1920,train/Malignant/BreaDM-Ma-1920/p-046.npy,8ee35878acabe77cd9926d14fd18c807e36dd8d20084ba594d1a38cfd9b4eb65,"(16, 19, 9)",uint8
train,Malignant,BreaDM-Ma-1920,train/Malignant/BreaDM-Ma-1920/p-047.npy,0e03948821a2770ec83e60709e3584892c6a1681975e4e9ac09b257e775c463d,"(16, 19, 9)",uint8
train,Malignant,BreaDM-Ma-1920,train/Malignant/BreaDM-Ma-1920/p-048.npy,b2e36a0095a90ce2f5a4d83cbc72f8b98137b13d9135b956187fc926fbd5fc1f,"(16, 19, 9)",uint8
train,Malignant,BreaDM-Ma-1922,train/Malignant/BreaDM-Ma-1922/p-023.npy,2a62a1b3311a344ef86845563ed2c5ad4db8c1572ac66a993d5c2ea90402a58b,"(18, 25, 9)",uint8
train,Malignant,BreaDM-Ma-1922,train/Malignant/BreaDM-Ma-1922/p-024.npy,4813bbed853d2142b2a240d30f6a24d8a9bf656040003f1e7b79385f9f228191,"(18, 25, 9)",uint8
train,Malignant,BreaDM-Ma-1922,train/Malignant/BreaDM-Ma-1922/p-025.npy,15109c07f7e7bc580feb95f9ab505d6b77f99d7da07ca7a30fa6823e29d66378,"(18, 25, 9)",uint8
train,Malignant,BreaDM-Ma-1922,train/Malignant/BreaDM-Ma-1922/p-026.npy,2c08f72602bea95fed8a60b0d0761f827afdb6948677c5544e17a529fc4fe36d,"(18, 25, 9)",uint8
train,Malignant,BreaDM-Ma-1922,train/Malignant/BreaDM-Ma-1922/p-027.npy,25f98e1f5fdc570115697e66e9887de871b358d25c1f8df9407cc3c8d65eabac,"(18, 25, 9)",uint8
train,Malignant,BreaDM-Ma-1922,train/Malignant/BreaDM-Ma-1922/p-028.npy,12be64cbdae2da59f4a794f48f7e70a08f77edc58441c2ebd180b9cd89c558f5,"(18, 25, 9)",uint8
train,Malignant,BreaDM-Ma-1924,train/Malignant/BreaDM-Ma-1924/p-006.npy,73dfec7ef17e095bc135a4ffcd5cc063c22cf3ab68a77dd45e2f9118c7444b9e,"(26, 27, 9)",uint8
train,Malignant,BreaDM-Ma-1924,train/Malignant/BreaDM-Ma-1924/p-007.npy,e4b53df6a50b2901fe9a360f171547d0d20d5673948a4f9a4778f2b4b4791396,"(26, 27, 9)",uint8
train,Malignant,BreaDM-Ma-1924,train/Malignant/BreaDM-Ma-1924/p-008.npy,77e7c4398eb0a2c7043ff9197290f5f4eedf39c719393152e55c45f36ef4d166,"(26, 27, 9)",uint8
train,Malignant,BreaDM-Ma-1924,train/Malignant/BreaDM-Ma-1924/p-009.npy,540bd5c9a89c24153746788758a72d73f1bee55606d3c7c4757c65933346fc74,"(26, 27, 9)",uint8
train,Malignant,BreaDM-Ma-1924,train/Malignant/BreaDM-Ma-1924/p-010.npy,09dbe18ebb5d3de94d8a6241741719997bbbe1d79551e6c7bf4f71a58b9cb0a2,"(26, 27, 9)",uint8
train,Malignant,BreaDM-Ma-1924,train/Malignant/BreaDM-Ma-1924/p-011.npy,0d6c275724b15a677a0f69334ccf657c30d55d7ddf4e8e54c64934b8eb785eee,"(26, 27, 9)",uint8
train,Malignant,BreaDM-Ma-1924,train/Malignant/BreaDM-Ma-1924/p-012.npy,a401942715a19bacbd30cadde26ece37222445ffe26524f0c1ce8b9f75bd722f,"(26, 27, 9)",uint8
train,Malignant,BreaDM-Ma-1924,train/Malignant/BreaDM-Ma-1924/p-016.npy,22887badbc488adefe7ee94e4bb74c65f5f80cc5a297d6046b6f0c245af0c3f3,"(26, 27, 9)",uint8
train,Malignant,BreaDM-Ma-1924,train/Malignant/BreaDM-Ma-1924/p-017.npy,d1fb0d30bda303c9336d546cf3e2d8b31506a699521ccb45a663a6ee555bed99,"(26, 27, 9)",uint8
train,Malignant,BreaDM-Ma-1924,train/Malignant/BreaDM-Ma-1924/p-018.npy,c75c20bec8baa6e5c342d078aabf2b8cef89cabe0f4de598af1e6e71dedf8f53,"(26, 27, 9)",uint8
train,Malignant,BreaDM-Ma-1924,train/Malignant/BreaDM-Ma-1924/p-019.npy,4cc48080f22f31b84e9bfca557cc46df96b3cc4fdfe9098057494621ea94fd50,"(26, 27, 9)",uint8
train,Malignant,BreaDM-Ma-1924,train/Malignant/BreaDM-Ma-1924/p-026.npy,68c13cbb2d2c36fe8c04a0a3add0210e26bf0d527b6adad9701a9419123e7181,"(26, 27, 9)",uint8
train,Malignant,BreaDM-Ma-1924,train/Malignant/BreaDM-Ma-1924/p-027.npy,e320bf2d991bbcd7967023d858d26932d3a17ed3ea52e7a76d956dd090cc20a7,"(26, 27, 9)",uint8
train,Malignant,BreaDM-Ma-1924,train/Malignant/BreaDM-Ma-1924/p-028.npy,f6d5f8635cea7172136458d0df860079348ae1e5ce91486187d1fb5f158f9cc5,"(26, 27, 9)",uint8
train,Malignant,BreaDM-Ma-1924,train/Malignant/BreaDM-Ma-1924/p-029.npy,646d74eabfd823b7cce89fcf43400be0afbaa5c1e859a23077663449848c8c8e,"(26, 27, 9)",uint8
train,Malignant,BreaDM-Ma-1924,train/Malignant/BreaDM-Ma-1924/p-036.npy,ce93b979f20c8dcb9fcfaf81e42b2c91a33bdf8928626a580af6b03957227b6f,"(26, 27, 9)",uint8
train,Malignant,BreaDM-Ma-1924,train/Malignant/BreaDM-Ma-1924/p-037.npy,c0bcde8f40f1bbe94370883e6ba27d08256852b5bd33f25594a0f1a5ef34519b,"(26, 27, 9)",uint8
train,Malignant,BreaDM-Ma-1924,train/Malignant/BreaDM-Ma-1924/p-038.npy,5d99ab476c1ac1ad31432f0b877b234b03e6437abb99f9521fd2ad789e063d70,"(26, 27, 9)",uint8
train,Malignant,BreaDM-Ma-1924,train/Malignant/BreaDM-Ma-1924/p-039.npy,9efd4fcdbaec14ea7d4a48a2e7b4afaea2d54146e56e2a0879292dbea70fa52d,"(26, 27, 9)",uint8
train,Malignant,BreaDM-Ma-1924,train/Malignant/BreaDM-Ma-1924/p-046.npy,938b86a940f42edf43074b10eda3b5dca237b867be7ea2129a76740def6542e2,"(26, 27, 9)",uint8
train,Malignant,BreaDM-Ma-1924,train/Malignant/BreaDM-Ma-1924/p-047.npy,a3a8160a33592ff6efc53f79d75eaae036edecbd2f9392070a79907f505dfbe5,"(26, 27, 9)",uint8
train,Malignant,BreaDM-Ma-1924,train/Malignant/BreaDM-Ma-1924/p-048.npy,47117b2b0ae2fb0e53d4abf8285ac6fcad1d6efad0eedf19c0eea6d7c611bdc3,"(26, 27, 9)",uint8
train,Malignant,BreaDM-Ma-1924,train/Malignant/BreaDM-Ma-1924/p-049.npy,e2fe8982fcba5c4f8bae7c50f0598969f2c83745492d3e7ba9a254be05138d19,"(26, 27, 9)",uint8
train,Malignant,BreaDM-Ma-1924,train/Malignant/BreaDM-Ma-1924/p-056.npy,da01e434fe042385eda4c2330199bd2eb9e76574d9cb8ee0957261b96d309866,"(26, 27, 9)",uint8
train,Malignant,BreaDM-Ma-1924,train/Malignant/BreaDM-Ma-1924/p-057.npy,4798899c2335403a28d08e6bc7710c33a00a6ad702d8c62387bdbf1e53e6299f,"(26, 27, 9)",uint8
train,Malignant,BreaDM-Ma-1924,train/Malignant/BreaDM-Ma-1924/p-058.npy,7061c5c247823eb4dbd330559c77e7dc3f74665def5d52765ae203caf1c4cf8f,"(26, 27, 9)",uint8
train,Malignant,BreaDM-Ma-1924,train/Malignant/BreaDM-Ma-1924/p-059.npy,ff9b72cb0e95e70039d8ebcdc5312e10e5cbd233d863e53bab7eaf05a895bb76,"(26, 27, 9)",uint8
train,Malignant,BreaDM-Ma-1924,train/Malignant/BreaDM-Ma-1924/p-066.npy,c5915f699b52ef9a0456f7aec18f05b2729661d394b84ae877bdcab865545d53,"(26, 27, 9)",uint8
train,Malignant,BreaDM-Ma-1924,train/Malignant/BreaDM-Ma-1924/p-067.npy,0ae0177e6ca470a7eb9f067854920a79693dc3cf71a688d6918bfc401e76bb87,"(26, 27, 9)",uint8
train,Malignant,BreaDM-Ma-1924,train/Malignant/BreaDM-Ma-1924/p-068.npy,870e2c0e277b71fe144af8059cd2bda6a8a88bc10b6f2f0a4b90edc22a1c753a,"(26, 27, 9)",uint8
train,Malignant,BreaDM-Ma-1924,train/Malignant/BreaDM-Ma-1924/p-069.npy,7cb9015a26c1f21a1cc27f99ea24de65b0ffbc91b2d1d0dd359695d6e8592b47,"(26, 27, 9)",uint8
train,Malignant,BreaDM-Ma-1926,train/Malignant/BreaDM-Ma-1926/p-037.npy,a40198dce44f3d315dd20b3643c961abee6ff28287da0709ee10927156faec78,"(41, 28, 9)",uint8
train,Malignant,BreaDM-Ma-1926,train/Malignant/BreaDM-Ma-1926/p-038.npy,e4974a748c29fd59fa1b17b5931a96867e6a3ceb200a7977891d6768128badfb,"(41, 28, 9)",uint8
train,Malignant,BreaDM-Ma-1926,train/Malignant/BreaDM-Ma-1926/p-039.npy,62650bd77053e905bd74185c800b747bfef6fa82a3626746783af3a305668b01,"(41, 28, 9)",uint8
train,Malignant,BreaDM-Ma-1926,train/Malignant/BreaDM-Ma-1926/p-040.npy,05f85e52d896e1c81a9817ca5366b127c8a51ec53f73dda39146ef9f54cccc8b,"(41, 28, 9)",uint8
train,Malignant,BreaDM-Ma-1926,train/Malignant/BreaDM-Ma-1926/p-041.npy,e770aa99a2adc649d1ca4296a06992ff8be07e8e183579d2cc87ce63c11796dc,"(41, 28, 9)",uint8
train,Malignant,BreaDM-Ma-1926,train/Malignant/BreaDM-Ma-1926/p-042.npy,a8eaf945ea93b4c9922886ae40c2b1c6e996d9f9173efeebd9df98c9ef4e0146,"(41, 28, 9)",uint8
train,Malignant,BreaDM-Ma-1927,train/Malignant/BreaDM-Ma-1927/p-040.npy,17e52e4b69b0a516b3c098bde35f1fed7a2cc25628c23e3ce4f884e771bf4107,"(28, 28, 9)",uint8
train,Malignant,BreaDM-Ma-1927,train/Malignant/BreaDM-Ma-1927/p-041.npy,5e88812bf83ec92fcc928ddd3b9489e0cd0a8e6814094bf6e9757ed303803d17,"(28, 28, 9)",uint8
train,Malignant,BreaDM-Ma-1927,train/Malignant/BreaDM-Ma-1927/p-042.npy,6670d51de963ca5ba01957d04f43e5956535fa88215887590a80edcd8c4b4ebb,"(28, 28, 9)",uint8
train,Malignant,BreaDM-Ma-1927,train/Malignant/BreaDM-Ma-1927/p-043.npy,7de9a931221dda2423541e7b6c7847c156ec4b23ac95dd6cf89393103322281e,"(28, 28, 9)",uint8
train,Malignant,BreaDM-Ma-1927,train/Malignant/BreaDM-Ma-1927/p-044.npy,9159bdae2a2ba8dc4a6f3ce6b9ad53df7a97e6e91c7eeac4d494c52002a2af88,"(28, 28, 9)",uint8
train,Malignant,BreaDM-Ma-1927,train/Malignant/BreaDM-Ma-1927/p-045.npy,bb0b58542b67cbffc6d41510cbd6eb16183125bfc1547f11dde17a31ccddfefb,"(28, 28, 9)",uint8
train,Malignant,BreaDM-Ma-1927,train/Malignant/BreaDM-Ma-1927/p-046.npy,f8deaa5151002409d8f108e7be14a13c17a56c1fefc2a0d80e657acd5aeef4fc,"(28, 28, 9)",uint8
train,Malignant,BreaDM-Ma-1927,train/Malignant/BreaDM-Ma-1927/p-047.npy,567b7f4401c885f1303eae9a1279a88e042dda5c091dce4288fd00c8073d9afe,"(28, 28, 9)",uint8
train,Malignant,BreaDM-Ma-1927,train/Malignant/BreaDM-Ma-1927/p-048.npy,ef87227931e12f9cfc846e87c70eb88eda85fc3c582037c66edaf9e99d90e02f,"(28, 28, 9)",uint8
train,Malignant,BreaDM-Ma-1927,train/Malignant/BreaDM-Ma-1927/p-049.npy,9bee0cf7f91e5542b77ca6c0bfd77bead6dff7f7ff9eb491e6c85a84f0dd674d,"(28, 28, 9)",uint8
train,Malignant,BreaDM-Ma-1928,train/Malignant/BreaDM-Ma-1928/p-039.npy,e8ef1c3a7e68b6126bb85f1c709d53e9cae663f75230862481fcca269c26b856,"(18, 23, 9)",uint8
train,Malignant,BreaDM-Ma-1928,train/Malignant/BreaDM-Ma-1928/p-040.npy,d6648f4dd9ad61b7a90a8c8dbe59e58cf8ba8dcc7887751cc07ba8b16baa106e,"(18, 23, 9)",uint8
train,Malignant,BreaDM-Ma-1928,train/Malignant/BreaDM-Ma-1928/p-041.npy,788b3b056757fc6f2587a77648e5e69c281feb4e0a5cc66828fa2f2382f16ce2,"(18, 23, 9)",uint8
train,Malignant,BreaDM-Ma-1928,train/Malignant/BreaDM-Ma-1928/p-042.npy,bcb3e24315404cb02b35a4b644ca44554f26c3ad8aa09ebc6fb43044c9c43c78,"(18, 23, 9)",uint8
train,Malignant,BreaDM-Ma-2001,train/Malignant/BreaDM-Ma-2001/p-032.npy,58fb9b383b32928f9b9784eb4f632595de27faccdfaa27042cae1f474c54341c,"(16, 18, 9)",uint8
train,Malignant,BreaDM-Ma-2001,train/Malignant/BreaDM-Ma-2001/p-033.npy,caea8a55978a771e341a48a701c755511c0e49a652fae15d768d96c0efc4569d,"(16, 18, 9)",uint8
train,Malignant,BreaDM-Ma-2001,train/Malignant/BreaDM-Ma-2001/p-034.npy,9775b74cfa5584d4cd0a18eca89693440b6988e6ba43876a6a9196c44d52205d,"(16, 18, 9)",uint8
train,Malignant,BreaDM-Ma-2001,train/Malignant/BreaDM-Ma-2001/p-035.npy,64c9aa5b183b566823b9b6e4875b9bd58a547fabd795ffdb585641b418ae6110,"(16, 18, 9)",uint8
train,Malignant,BreaDM-Ma-2002,train/Malignant/BreaDM-Ma-2002/p-027.npy,86035ba5d66a28351513630be49283bdce7aeb1f6cc1038240ff362c7a853bf1,"(24, 27, 9)",uint8
train,Malignant,BreaDM-Ma-2002,train/Malignant/BreaDM-Ma-2002/p-028.npy,f6e75a9560b9d6b770d3b9d011671e31ba9158c531452e145d5e0a681f131b32,"(24, 27, 9)",uint8
train,Malignant,BreaDM-Ma-2002,train/Malignant/BreaDM-Ma-2002/p-029.npy,b5f91f433a67f7c6bd144aa702ddbf72e37dc162ec30a8081545bcb2f26fb97a,"(24, 27, 9)",uint8
train,Malignant,BreaDM-Ma-2002,train/Malignant/BreaDM-Ma-2002/p-030.npy,5bebd2b94062454b226f5d68a0c1c91ca66aa6589d07676d4b11e5bc7d341394,"(24, 27, 9)",uint8
train,Malignant,BreaDM-Ma-2002,train/Malignant/BreaDM-Ma-2002/p-031.npy,3c75d6958f82b80b331fdbace20c7b9e0e95a6f5ac0d0e9e49c41784b1b00198,"(24, 27, 9)",uint8
train,Malignant,BreaDM-Ma-2002,train/Malignant/BreaDM-Ma-2002/p-032.npy,b4d4671e97477fdca4d39b1510de5d2d747fb0e6d3ec63e4090827105f8ed7cb,"(24, 27, 9)",uint8
train,Malignant,BreaDM-Ma-2003,train/Malignant/BreaDM-Ma-2003/p-038.npy,e8aac79243ef5686486582e30350cb6983baccfc7e1408581bac564c13c69f8d,"(34, 36, 9)",uint8
train,Malignant,BreaDM-Ma-2003,train/Malignant/BreaDM-Ma-2003/p-039.npy,4445d022e2297d2e7a12263437e5120f7b12d67c5df88c4bfe6c7a4b189b3b2c,"(34, 36, 9)",uint8
train,Malignant,BreaDM-Ma-2003,train/Malignant/BreaDM-Ma-2003/p-040.npy,7aede66c66092204899267c8b8a8b66290bbd78749f2b5bcad24509ad277205e,"(34, 36, 9)",uint8
train,Malignant,BreaDM-Ma-2003,train/Malignant/BreaDM-Ma-2003/p-041.npy,3f826ccd7e29d99ae38b0b47252bddad449365b6c9c260bc54c03abf73a58fdd,"(34, 36, 9)",uint8
train,Malignant,BreaDM-Ma-2003,train/Malignant/BreaDM-Ma-2003/p-042.npy,15a49b9368aab34f0937f91529787804d4140b6bc1275591d52f3e8156f37e67,"(34, 36, 9)",uint8
train,Malignant,BreaDM-Ma-2003,train/Malignant/BreaDM-Ma-2003/p-043.npy,a7f4d3f132d0e9ebd5dbc8bad235d47cc3a313be9d1779aafb605b8a70b4b94c,"(34, 36, 9)",uint8
train,Malignant,BreaDM-Ma-2003,train/Malignant/BreaDM-Ma-2003/p-044.npy,8f0cf42dd81d41e7ab44399d42f56b22e85a86b830b679a1a5552110c04be7e6,"(34, 36, 9)",uint8
train,Malignant,BreaDM-Ma-2003,train/Malignant/BreaDM-Ma-2003/p-045.npy,7b58cde91998253ce3ab2b941371faf29cf4d80f28c4c14145d4a0c25a9c9fc2,"(34, 36, 9)",uint8
train,Malignant,BreaDM-Ma-2003,train/Malignant/BreaDM-Ma-2003/p-046.npy,a04f521e72c4d7e8f162b2eb1bd0c70865679e98290a06e26c56933175baf895,"(34, 36, 9)",uint8
train,Malignant,BreaDM-Ma-2003,train/Malignant/BreaDM-Ma-2003/p-047.npy,54eea0deff80c07760e9621dd10774caded371b5453685efd35bb09937f557fb,"(34, 36, 9)",uint8
train,Malignant,BreaDM-Ma-2004,train/Malignant/BreaDM-Ma-2004/p-044.npy,22a99522ecc61b6877f52588c047e4c540bcacb0e081b030351532c8d79b954e,"(42, 45, 9)",uint8
train,Malignant,BreaDM-Ma-2004,train/Malignant/BreaDM-Ma-2004/p-045.npy,1250f6961d44277c0776fad4642feff69659a7223cdb001e19b12edb79e04a9b,"(42, 45, 9)",uint8
train,Malignant,BreaDM-Ma-2004,train/Malignant/BreaDM-Ma-2004/p-046.npy,c23477f48380edb8e7c18439e809caafe03c255a8681ebce66fc640db3668829,"(42, 45, 9)",uint8
train,Malignant,BreaDM-Ma-2004,train/Malignant/BreaDM-Ma-2004/p-047.npy,d659645d842b55378a83f48b7f24815bf02a7b2ddb3a13f05e77679dc1386e36,"(42, 45, 9)",uint8
train,Malignant,BreaDM-Ma-2004,train/Malignant/BreaDM-Ma-2004/p-048.npy,ee0d4ee625185847a1d11ff0a3e907a57bef569bb287a0adee67707894fb52b1,"(42, 45, 9)",uint8
train,Malignant,BreaDM-Ma-2004,train/Malignant/BreaDM-Ma-2004/p-049.npy,a1d313120962ec710617b2399f75f3a3979e1e7b52c781a0471a337c211602c5,"(42, 45, 9)",uint8
train,Malignant,BreaDM-Ma-2005,train/Malignant/BreaDM-Ma-2005/p-017.npy,13aaf8d3a1400129e8670fe7ecab358375eb8c023c4b96465fa3bf781711c938,"(39, 49, 9)",uint8
train,Malignant,BreaDM-Ma-2005,train/Malignant/BreaDM-Ma-2005/p-018.npy,8cb94c178a4066d5a943115230cf5476ed384fe27e346cb71097f1b2f47e60b4,"(39, 49, 9)",uint8
train,Malignant,BreaDM-Ma-2005,train/Malignant/BreaDM-Ma-2005/p-019.npy,f87ff3bada031557abedf1f02911db8777a86a734a8062fd6717392b0566ae65,"(39, 49, 9)",uint8
train,Malignant,BreaDM-Ma-2005,train/Malignant/BreaDM-Ma-2005/p-020.npy,69947c2140a74d59fba2452a45ad81f4ba9054844a6a09569e43fd235ecb7a61,"(39, 49, 9)",uint8
train,Malignant,BreaDM-Ma-2005,train/Malignant/BreaDM-Ma-2005/p-021.npy,93aaff155a8d8bb8c61226923ff1defd0b9ca466f8b65f370593cac659547d2d,"(39, 49, 9)",uint8
train,Malignant,BreaDM-Ma-2005,train/Malignant/BreaDM-Ma-2005/p-022.npy,39db4eb7bce9905495d6912d4708d4860cab955decbbb17211e578f76df7b448,"(39, 49, 9)",uint8
train,Malignant,BreaDM-Ma-2005,train/Malignant/BreaDM-Ma-2005/p-023.npy,071570df2eefa090fbdf439fca7951f3a094d6149c56a98fbf1ad9533f6e85a2,"(39, 49, 9)",uint8
train,Malignant,BreaDM-Ma-2005,train/Malignant/BreaDM-Ma-2005/p-024.npy,5ea1d8cdd096a0372aad0c080a7a391da792891c98b34f69a222334492bfb05b,"(39, 49, 9)",uint8
train,Malignant,BreaDM-Ma-2005,train/Malignant/BreaDM-Ma-2005/p-025.npy,7223bbff519dea0f6dcaf3bdb7a5f800bf86eb4ac767da46b1178285c4614bb9,"(39, 49, 9)",uint8
train,Malignant,BreaDM-Ma-2005,train/Malignant/BreaDM-Ma-2005/p-026.npy,4e1bfa3b21e13ff37e375da9691efa3969329b6b1bb54ac4913aad557f7cb682,"(39, 49, 9)",uint8
train,Malignant,BreaDM-Ma-2005,train/Malignant/BreaDM-Ma-2005/p-027.npy,3bf66a23788fe6541a79d4e614b028dd7d858bc1334af727229f2eec56615616,"(39, 49, 9)",uint8
train,Malignant,BreaDM-Ma-2005,train/Malignant/BreaDM-Ma-2005/p-028.npy,03fee968ccb81762ea0b02a8f023fd8dab30e5caa34857b8e78fd13302ac8b5c,"(39, 49, 9)",uint8
train,Malignant,BreaDM-Ma-2005,train/Malignant/BreaDM-Ma-2005/p-029.npy,5090619970a01ffaa69abfb2b43660c7f575b937a0d007035810437df6fccfb9,"(39, 49, 9)",uint8
train,Malignant,BreaDM-Ma-2006,train/Malignant/BreaDM-Ma-2006/p-019.npy,2a44110ab7e8c7c35d0678154becf6c4eabbe3c1101f10d9d7bb99e79b428b7e,"(25, 26, 9)",uint8
train,Malignant,BreaDM-Ma-2006,train/Malignant/BreaDM-Ma-2006/p-020.npy,9b6c626da32d8d92bf0d30af5b7f92d35d806ec3e1315e056f03cbd96083b715,"(25, 26, 9)",uint8
train,Malignant,BreaDM-Ma-2006,train/Malignant/BreaDM-Ma-2006/p-021.npy,4f88f7e40792643c8c92cae00b6bf75f9113c6b8af9e49bf344f985386d6d799,"(25, 26, 9)",uint8
train,Malignant,BreaDM-Ma-2006,train/Malignant/BreaDM-Ma-2006/p-022.npy,7050a8fe6c59d3109084a827a4f657b9d8dc7811d21cbcd1df7fe309ba1624d9,"(25, 26, 9)",uint8
train,Malignant,BreaDM-Ma-2006,train/Malignant/BreaDM-Ma-2006/p-023.npy,69022d132f32627b6e35311937d968adbcb94ea016cc17b271512205a9705c23,"(25, 26, 9)",uint8
train,Malignant,BreaDM-Ma-2008,train/Malignant/BreaDM-Ma-2008/p-082.npy,d3640633150b786a965e32ce1a4b33747d9c58b04f48c70890d0e524c42e846f,"(19, 17, 9)",uint8
train,Malignant,BreaDM-Ma-2008,train/Malignant/BreaDM-Ma-2008/p-083.npy,5c78098804ab62502a18d5a8a0d6df701b2a093c22dd2040e8551657cf290a83,"(19, 17, 9)",uint8
train,Malignant,BreaDM-Ma-2008,train/Malignant/BreaDM-Ma-2008/p-084.npy,c90772d0e420318e6e39e1e4173036d1d7b589b9e05b4ba81b698b156f37a645,"(19, 17, 9)",uint8
train,Malignant,BreaDM-Ma-2008,train/Malignant/BreaDM-Ma-2008/p-085.npy,8c5900ec51fc89049926a9968455594ee95c81dbcef4b3924e9176679b001b28,"(19, 17, 9)",uint8
train,Malignant,BreaDM-Ma-2008,train/Malignant/BreaDM-Ma-2008/p-086.npy,2a38f1556bf04fc46cfba230c345e5d4164b58fc89948e429e35d5b1b486e4e3,"(19, 17, 9)",uint8
train,Malignant,BreaDM-Ma-2008,train/Malignant/BreaDM-Ma-2008/p-087.npy,4056539536dad6231fbf1440181d0963f4cbe5ffeea19074e43310d815bcadd4,"(19, 17, 9)",uint8
train,Malignant,BreaDM-Ma-2008,train/Malignant/BreaDM-Ma-2008/p-088.npy,1c87bfa9f6628d49003509cdd74a9aa90c2187da42792ae293e8fe815f9721f6,"(19, 17, 9)",uint8
train,Malignant,BreaDM-Ma-2008,train/Malignant/BreaDM-Ma-2008/p-089.npy,0b0700f24c231628618454c3a1cab5ad7c752bcffa952c98a3324399bdf63b21,"(19, 17, 9)",uint8
train,Malignant,BreaDM-Ma-2008,train/Malignant/BreaDM-Ma-2008/p-090.npy,02bd1449df328eaffebc4cd4b426e2f72e739d513bbf0aea590b6b7bc757cb29,"(19, 17, 9)",uint8
train,Malignant,BreaDM-Ma-2008,train/Malignant/BreaDM-Ma-2008/p-091.npy,fba87d755253c92e9168d3ef6f66c2c9791c125a19b7a06033175a53dbad6ace,"(19, 17, 9)",uint8
train,Malignant,BreaDM-Ma-2008,train/Malignant/BreaDM-Ma-2008/p-092.npy,dcb13164373f5a6f567fe5660123ae36324aa9b16e157013e1ca2d6a7831db83,"(19, 17, 9)",uint8
train,Malignant,BreaDM-Ma-2008,train/Malignant/BreaDM-Ma-2008/p-093.npy,ceebd1eb048a30b8d1b69829ed63c903563d0ad1b582be1de05ee2356fc053c9,"(19, 17, 9)",uint8
train,Malignant,BreaDM-Ma-2008,train/Malignant/BreaDM-Ma-2008/p-094.npy,5a39975b1f49c0966284e91b435dc7e43b5928f0424a404b16c9da39471e496c,"(19, 17, 9)",uint8
train,Malignant,BreaDM-Ma-2008,train/Malignant/BreaDM-Ma-2008/p-095.npy,bd84e44bb39d3b0de9e8c6e25db61f50bf2ae1a3732ab95dbf0e6e7a7d996256,"(19, 17, 9)",uint8
train,Malignant,BreaDM-Ma-2009,train/Malignant/BreaDM-Ma-2009/p-030.npy,fd8d71ac81aeba48efd3bd3e2a545d022f89dddb1b5098b14e1b7fd34f7e0110,"(12, 18, 9)",uint8
train,Malignant,BreaDM-Ma-2009,train/Malignant/BreaDM-Ma-2009/p-031.npy,109b48b398d36e069129d07ce476c6bd4167d2eb69d0bc74c6c8c901fa88f4b0,"(12, 18, 9)",uint8
train,Malignant,BreaDM-Ma-2009,train/Malignant/BreaDM-Ma-2009/p-032.npy,180d34d8ec3305d4f020a96c4efe0286da170e3cd086d6c757f4baf36238b4cd,"(12, 18, 9)",uint8
train,Malignant,BreaDM-Ma-2009,train/Malignant/BreaDM-Ma-2009/p-033.npy,ab93133b784b226c98371a59a0360f98b53ab06e729ac78e34f157c06b3ad968,"(12, 18, 9)",uint8
train,Malignant,BreaDM-Ma-2010,train/Malignant/BreaDM-Ma-2010/p-037.npy,745a3b460191e2e9766b027cada5268c5b83bc73ca46e2e51b5b73ac1b404a2f,"(21, 25, 9)",uint8
train,Malignant,BreaDM-Ma-2010,train/Malignant/BreaDM-Ma-2010/p-038.npy,292f3e3a6d56e164eaa3f98cd4fd712a53ce817e14682e03577ffe7bf23419c2,"(21, 25, 9)",uint8
train,Malignant,BreaDM-Ma-2010,train/Malignant/BreaDM-Ma-2010/p-039.npy,0135d765d476b0855307daf2934329060a0c6ff3b4b325214ed692b4ac0cf544,"(21, 25, 9)",uint8
train,Malignant,BreaDM-Ma-2010,train/Malignant/BreaDM-Ma-2010/p-040.npy,d531a7f1b51f0799eedc33f6c722cffbcafcf4b5ee2c4b148ada6eb036159332,"(21, 25, 9)",uint8
train,Malignant,BreaDM-Ma-2010,train/Malignant/BreaDM-Ma-2010/p-041.npy,8ecda0cd3bf40971b8dbc8b2f2b7692fcdbaf2b61083f3e416c8784b4e6a5de5,"(21, 25, 9)",uint8
train,Malignant,BreaDM-Ma-2011,train/Malignant/BreaDM-Ma-2011/p-030.npy,d720c0edb11edddd50f8460210c46346604e7c8ceabacc40545e80ed6b9785bc,"(17, 18, 9)",uint8
train,Malignant,BreaDM-Ma-2011,train/Malignant/BreaDM-Ma-2011/p-031.npy,e17fa3e67d521f51506bfb80d319c01feb67e15324614fcd7042810b92ef1985,"(17, 18, 9)",uint8
train,Malignant,BreaDM-Ma-2011,train/Malignant/BreaDM-Ma-2011/p-032.npy,fe01f1b7ea4b16fc61c9a0e53ab66ff67ae3067089a6008626b29bb87bf666d9,"(17, 18, 9)",uint8
train,Malignant,BreaDM-Ma-2011,train/Malignant/BreaDM-Ma-2011/p-033.npy,2f2efdc17397931841f95cccf8d92f42203ff7a719779affaf89020a7672741c,"(17, 18, 9)",uint8
train,Malignant,BreaDM-Ma-2013,train/Malignant/BreaDM-Ma-2013/p-063.npy,164aa6b3121b5798151ceb9bd2918f38fe9689ac549fb17da8626ec9886cec86,"(24, 20, 9)",uint8
train,Malignant,BreaDM-Ma-2013,train/Malignant/BreaDM-Ma-2013/p-064.npy,27c6c973fc2690416db3100754883238b512f5317750f81c96822d2b85a68c92,"(24, 20, 9)",uint8
train,Malignant,BreaDM-Ma-2013,train/Malignant/BreaDM-Ma-2013/p-065.npy,a8daef16e4c7a0917ea6d0e2c0b3e3209982fb791b5b689c4e784515889dee5d,"(24, 20, 9)",uint8
train,Malignant,BreaDM-Ma-2013,train/Malignant/BreaDM-Ma-2013/p-066.npy,94d4594ea53c08558ce2b9f405542a5dd611fc32c6233cd9953228fcaddec8db,"(24, 20, 9)",uint8
train,Malignant,BreaDM-Ma-2013,train/Malignant/BreaDM-Ma-2013/p-067.npy,cd1f66559928419ea4fbeeb94d2c1b3d016b8ddd93e8a864a39cba8417001081,"(24, 20, 9)",uint8
train,Malignant,BreaDM-Ma-2013,train/Malignant/BreaDM-Ma-2013/p-068.npy,5c0c2a24f03d369f8240cfc31fcc4d1888d75086a4168bf2727d8ae325b8fe2a,"(24, 20, 9)",uint8
train,Malignant,BreaDM-Ma-2013,train/Malignant/BreaDM-Ma-2013/p-069.npy,65d443b3f798f8fe9a8092252e4bc945a1d24f8eaad1a01ff030a95321cb3287,"(24, 20, 9)",uint8
train,Malignant,BreaDM-Ma-2013,train/Malignant/BreaDM-Ma-2013/p-070.npy,41bb3b319c40b220a54523402ae805e933a1c0625f3830b9c956275219f40a0c,"(24, 20, 9)",uint8
train,Malignant,BreaDM-Ma-2014,train/Malignant/BreaDM-Ma-2014/p-061.npy,5d416c01200f106aeb5249d8b82d6476f6c752b7659d80006cbf670575463547,"(18, 17, 9)",uint8
train,Malignant,BreaDM-Ma-2014,train/Malignant/BreaDM-Ma-2014/p-062.npy,741e43d7a43949dcd46b0a359c19e5cd7102fdb8093c1d1d2381b02555096ae2,"(18, 17, 9)",uint8
train,Malignant,BreaDM-Ma-2014,train/Malignant/BreaDM-Ma-2014/p-063.npy,c96f1d052c5cd8f25ce930712debaf97b2d7ea52f56a0f870f36de58c5a7e1e9,"(18, 17, 9)",uint8
train,Malignant,BreaDM-Ma-2014,train/Malignant/BreaDM-Ma-2014/p-064.npy,d46b60b4dc558e908a85afbea74d365da9e215b027c3bc22e3868747f389c4ea,"(18, 17, 9)",uint8
train,Malignant,BreaDM-Ma-2014,train/Malignant/BreaDM-Ma-2014/p-065.npy,1c0c2d18162672da230321194c454460a7de25509cfe6f99b1af551a10984239,"(18, 17, 9)",uint8
train,Malignant,BreaDM-Ma-2014,train/Malignant/BreaDM-Ma-2014/p-066.npy,92fcc07844643141e640fd80a933ab05a3fb3212db8b28aec63010e123a403ee,"(18, 17, 9)",uint8
train,Malignant,BreaDM-Ma-2015,train/Malignant/BreaDM-Ma-2015/p-042.npy,8af5365cc4dc9b96f2302a4e98386511697aff7ef719a3b6c1266c675219e0aa,"(33, 28, 9)",uint8
train,Malignant,BreaDM-Ma-2015,train/Malignant/BreaDM-Ma-2015/p-043.npy,121b23fe971bd8e73169d54b49a7daa6dc90b0b7e7f95450e7723fdbac50ec65,"(33, 28, 9)",uint8
train,Malignant,BreaDM-Ma-2015,train/Malignant/BreaDM-Ma-2015/p-044.npy,8160e8b9146bf3ffc358c306a56e3862e5fc0b7d19c0e41a48076a36bb43f448,"(33, 28, 9)",uint8
train,Malignant,BreaDM-Ma-2015,train/Malignant/BreaDM-Ma-2015/p-045.npy,0edf119d4ff76abe4757988e55cecab304349649ff7e3803f656490a6860877a,"(33, 28, 9)",uint8
train,Malignant,BreaDM-Ma-2015,train/Malignant/BreaDM-Ma-2015/p-046.npy,352e402a418ea148888fbbaa3ea56fd4402756ad580cac7197e3d012b93c1bb6,"(33, 28, 9)",uint8
train,Malignant,BreaDM-Ma-2015,train/Malignant/BreaDM-Ma-2015/p-047.npy,28d98e15fb6341b172e93505bb124d4caf6775bb9e8ec938fea8220c5ab83bf4,"(33, 28, 9)",uint8
train,Malignant,BreaDM-Ma-2015,train/Malignant/BreaDM-Ma-2015/p-048.npy,8b2fd44739d2b2deadb3032b6a320f91333d24950f0f91de63c2e34b7235dddc,"(33, 28, 9)",uint8
train,Malignant,BreaDM-Ma-2015,train/Malignant/BreaDM-Ma-2015/p-049.npy,30a34f231eb9965bb5c92e74912b4565783e25e3b5a88e486f71c2038cf2e10d,"(33, 28, 9)",uint8
train,Malignant,BreaDM-Ma-2016,train/Malignant/BreaDM-Ma-2016/p-019.npy,b263aafc6dda86dbcac3f0aa98c17a6fa4f5a2089983740bab4fbdadf8c5f766,"(49, 49, 9)",uint8
train,Malignant,BreaDM-Ma-2016,train/Malignant/BreaDM-Ma-2016/p-020.npy,d6b8c5e101c9c32b437cb407f5b0c4de69b7e419265422669ebeca7df357db81,"(49, 49, 9)",uint8
train,Malignant,BreaDM-Ma-2016,train/Malignant/BreaDM-Ma-2016/p-021.npy,1d713c778601823fcfa40e05e71ae12d9ee378ccdafbd8f693d56a69467cfaed,"(49, 49, 9)",uint8
train,Malignant,BreaDM-Ma-2016,train/Malignant/BreaDM-Ma-2016/p-022.npy,ce6ff8416855af06c8deb3055beed947a286e3fc8cabafdec93579299cfb6a10,"(49, 49, 9)",uint8
train,Malignant,BreaDM-Ma-2016,train/Malignant/BreaDM-Ma-2016/p-023.npy,2f0c9d775f449e2c157a46c7b53c249c6364bb64e4b2ef80b55a4c77432eb1c0,"(49, 49, 9)",uint8
train,Malignant,BreaDM-Ma-2016,train/Malignant/BreaDM-Ma-2016/p-024.npy,8c9f5f59e774a7ed7d204a5cf4b78e684e5ea8da06a9cc5788bd166e8d3e08b2,"(49, 49, 9)",uint8
train,Malignant,BreaDM-Ma-2016,train/Malignant/BreaDM-Ma-2016/p-025.npy,bea787780726a3515b9eb325713b22236b783b3a537d01a0bf71679c981fcd1e,"(49, 49, 9)",uint8
train,Malignant,BreaDM-Ma-2016,train/Malignant/BreaDM-Ma-2016/p-026.npy,5846c79abb1d2eb60535b417cd28ac4f63be45b9e133a05e69cb8450cac08cf9,"(49, 49, 9)",uint8
train,Malignant,BreaDM-Ma-2016,train/Malignant/BreaDM-Ma-2016/p-027.npy,e28da00c7f341ce103d0778f7ba03e4bb3d476955de42bdaa8ac3ea865ed54e5,"(49, 49, 9)",uint8
train,Malignant,BreaDM-Ma-2016,train/Malignant/BreaDM-Ma-2016/p-028.npy,1827d4a22b35e09b00f76ad729fd704bb716923812b0ee0b27f5c8f87f65367b,"(49, 49, 9)",uint8
train,Malignant,BreaDM-Ma-2016,train/Malignant/BreaDM-Ma-2016/p-029.npy,4f98290f03d4849a1d66f66cd697c8182bd04c5f35b03a47049f9bba046f169e,"(49, 49, 9)",uint8
train,Malignant,BreaDM-Ma-2016,train/Malignant/BreaDM-Ma-2016/p-030.npy,e9fde64bc7413947914e1eee84b5bf03d8e6cc7191284a7f4f4e566b8dda163c,"(49, 49, 9)",uint8
train,Malignant,BreaDM-Ma-2016,train/Malignant/BreaDM-Ma-2016/p-031.npy,fff84906da09af7d552a506b11152ee663c90ea1a9a647d1af71f1519572c7fe,"(49, 49, 9)",uint8
train,Malignant,BreaDM-Ma-2018,train/Malignant/BreaDM-Ma-2018/p-047.npy,9c5c9e57e3c2fc61ad679345c3c786cc0b8967f2937a58268355c191f6a29197,"(17, 17, 9)",uint8
train,Malignant,BreaDM-Ma-2018,train/Malignant/BreaDM-Ma-2018/p-048.npy,d703c7ec903558e5e4a4277fad4fad6b0d243900d83bb75cb3aa4b00de28eeb0,"(17, 17, 9)",uint8
train,Malignant,BreaDM-Ma-2018,train/Malignant/BreaDM-Ma-2018/p-049.npy,7c63ca5a61d52615ad3336da8d0577916026cf91ac38f1187460935653338e3f,"(17, 17, 9)",uint8
train,Malignant,BreaDM-Ma-2018,train/Malignant/BreaDM-Ma-2018/p-050.npy,e816f5373e2afc60818671055a479247b39857d4909f5da246ab1b7a2c867c88,"(17, 17, 9)",uint8
train,Malignant,BreaDM-Ma-2019,train/Malignant/BreaDM-Ma-2019/p-022.npy,905feb675f8a83f5287a9341cc0f03412b422a3912b20282b740846aa96ce09b,"(10, 11, 9)",uint8
train,Malignant,BreaDM-Ma-2019,train/Malignant/BreaDM-Ma-2019/p-023.npy,e12b0cf7dcb6300c2f042e4e02eebc2ff29fa49bda97ee31125b6fcf56e0158d,"(10, 11, 9)",uint8
train,Malignant,BreaDM-Ma-2019,train/Malignant/BreaDM-Ma-2019/p-024.npy,351febc3e5389c75198c7ee26b23359dc927e1d38104a385d1909da049ee10d5,"(10, 11, 9)",uint8
train,Malignant,BreaDM-Ma-2019,train/Malignant/BreaDM-Ma-2019/p-025.npy,347591edef6e28868ba33c3a699ed59b4b8eb5922d10c0f3c156f1c63da77e9b,"(10, 11, 9)",uint8
train,Malignant,BreaDM-Ma-2019,train/Malignant/BreaDM-Ma-2019/p-026.npy,91d677b345e7b2f36dc40cef4f9e62d1ac025f85bb1c166c6e92d802606e311c,"(10, 11, 9)",uint8
train,Malignant,BreaDM-Ma-2019,train/Malignant/BreaDM-Ma-2019/p-027.npy,6d352f5a43fc1fa324eba466c2e9e6b40c06f2555b4b9eeb1b9d54f57d67b6d5,"(10, 11, 9)",uint8
train,Malignant,BreaDM-Ma-2020,train/Malignant/BreaDM-Ma-2020/p-027.npy,fb1833e6d83503fb73491ceca9220686620d81f3373e575fbc00cdbfab7a2f76,"(37, 33, 9)",uint8
train,Malignant,BreaDM-Ma-2020,train/Malignant/BreaDM-Ma-2020/p-028.npy,aaa7a1b9f7b7835d2d8749e26559fa1c02e1b05230b51a3513dfeb978ad90853,"(37, 33, 9)",uint8
train,Malignant,BreaDM-Ma-2020,train/Malignant/BreaDM-Ma-2020/p-029.npy,d299fa6e42e834ef053844a769002fe9aa34b2bd784f571690667eca558384e4,"(37, 33, 9)",uint8
train,Malignant,BreaDM-Ma-2020,train/Malignant/BreaDM-Ma-2020/p-030.npy,0493b0473c9e7ccff3e2dd464b23d4ddb267db4adcfb8bc41af5f1f03670d4e4,"(37, 33, 9)",uint8
train,Malignant,BreaDM-Ma-2020,train/Malignant/BreaDM-Ma-2020/p-031.npy,0ffbd871af9d9f98e8c4e65a770373fcde828a6c4cdc5a7b9337f403aeb7baac,"(37, 33, 9)",uint8
train,Malignant,BreaDM-Ma-2020,train/Malignant/BreaDM-Ma-2020/p-032.npy,5bcedc144d2eb847d875e455acdfe124d64dd6dfe2da0c585c96399f67756400,"(37, 33, 9)",uint8
train,Malignant,BreaDM-Ma-2020,train/Malignant/BreaDM-Ma-2020/p-033.npy,64d376bb2018e49bceca94ac2c5438e1d9b41254487b80106d0fe1a32e0f3b40,"(37, 33, 9)",uint8
train,Malignant,BreaDM-Ma-2020,train/Malignant/BreaDM-Ma-2020/p-034.npy,abff0a030aad77359f8ac5f0aa3d06a6396fc5bb339d6e87dff23d02421d1692,"(37, 33, 9)",uint8
train,Malignant,BreaDM-Ma-2020,train/Malignant/BreaDM-Ma-2020/p-035.npy,e26a656506c7c203c0d70456de2faa0529cb05cd8deeb42a4eca94cd9419778b,"(37, 33, 9)",uint8
train,Malignant,BreaDM-Ma-2020,train/Malignant/BreaDM-Ma-2020/p-036.npy,a621045ff3ed29fb38702fa5227d4f707bc5cee76d2b4d7b27ee70271f8fb990,"(37, 33, 9)",uint8
train,Malignant,BreaDM-Ma-2020,train/Malignant/BreaDM-Ma-2020/p-037.npy,b1b0cb232a38683037d9dfc44b583d7434c97beaa7b367950ebc5ea8d5a29ce6,"(37, 33, 9)",uint8
train,Malignant,BreaDM-Ma-2020,train/Malignant/BreaDM-Ma-2020/p-038.npy,3853ded8ec4ee87edae41fe72e5c7f6d2cb4a99e7655a3b6f7bf5e724089747b,"(37, 33, 9)",uint8
train,Malignant,BreaDM-Ma-2020,train/Malignant/BreaDM-Ma-2020/p-039.npy,cca69dec241ccc0986641fd44abeed467b6fc736bb8035a3e87b72a29bd9e3ae,"(37, 33, 9)",uint8
train,Malignant,BreaDM-Ma-2020,train/Malignant/BreaDM-Ma-2020/p-040.npy,2152ed7ad91cb86bef36c0575c11dff535be55bb78728d8e9901eb7fef7d231e,"(37, 33, 9)",uint8
train,Malignant,BreaDM-Ma-2021,train/Malignant/BreaDM-Ma-2021/p-052.npy,3377241cb68c1b575dc6d9e5da223788c426e9134d0d8ceda921e046aa1c748b,"(24, 20, 9)",uint8
train,Malignant,BreaDM-Ma-2021,train/Malignant/BreaDM-Ma-2021/p-053.npy,2a7a332ce48fc6f8d54c739bdce55d301d8016e50e09ca4d081d27d2213bf765,"(24, 20, 9)",uint8
train,Malignant,BreaDM-Ma-2021,train/Malignant/BreaDM-Ma-2021/p-054.npy,61da3c839f53dbc27c0a21552166565a944fce99b45820366c22d6e3cc092777,"(24, 20, 9)",uint8
train,Malignant,BreaDM-Ma-2021,train/Malignant/BreaDM-Ma-2021/p-055.npy,c413f07fdb0675aeadb4e88c021d3b710f7d1f4e30fefb3cd06577a5c41338e4,"(24, 20, 9)",uint8
train,Malignant,BreaDM-Ma-2021,train/Malignant/BreaDM-Ma-2021/p-056.npy,e60c2be08601e5a960339e601748d2ab1757e3e2a6907fbe08a731af8e67fdf4,"(24, 20, 9)",uint8
train,Malignant,BreaDM-Ma-2021,train/Malignant/BreaDM-Ma-2021/p-057.npy,20c5d707b1856904995afbc39b418317426fd475eaabc2ff6c2c62c1be552fa5,"(24, 20, 9)",uint8
train,Malignant,BreaDM-Ma-2022,train/Malignant/BreaDM-Ma-2022/p-063.npy,098b79cd18c4a427e12eafecb98a51e2a61679e4f911eeff0d357e5dc6f1cb18,"(26, 20, 9)",uint8
train,Malignant,BreaDM-Ma-2022,train/Malignant/BreaDM-Ma-2022/p-064.npy,736362605e285e106914fc0c6229d5f172fb0150e8bac6f7476df2484ca84238,"(26, 20, 9)",uint8
train,Malignant,BreaDM-Ma-2022,train/Malignant/BreaDM-Ma-2022/p-065.npy,3148a3aba1be3c5f8df67b7ee0d38604a5560f9b5ae84007905207f172ba2175,"(26, 20, 9)",uint8
train,Malignant,BreaDM-Ma-2022,train/Malignant/BreaDM-Ma-2022/p-066.npy,37671252785eabe0dfc64e8143141be9426b20e0cb6b0b38a524c5fa8b9533dd,"(26, 20, 9)",uint8
train,Malignant,BreaDM-Ma-2022,train/Malignant/BreaDM-Ma-2022/p-067.npy,b3407916f172c3c3ae59e7b208af77324704d8a77e579cb1ad2980cd2c8e3eda,"(26, 20, 9)",uint8
train,Malignant,BreaDM-Ma-2022,train/Malignant/BreaDM-Ma-2022/p-068.npy,e2a124906f00bf56040cad660e27cf354f873675677d5f1dac298965cec2dc3a,"(26, 20, 9)",uint8
train,Malignant,BreaDM-Ma-2022,train/Malignant/BreaDM-Ma-2022/p-069.npy,d2603fc5a23f9a574cf5af9c6e4894f404f81f4d717b70d426ac73458f05186b,"(26, 20, 9)",uint8
train,Malignant,BreaDM-Ma-2022,train/Malignant/BreaDM-Ma-2022/p-070.npy,38bd50140982b33ea81a89f3332f68edf372cd38f667e82b5cc11d55fa7e39e8,"(26, 20, 9)",uint8
train,Malignant,BreaDM-Ma-2022,train/Malignant/BreaDM-Ma-2022/p-071.npy,903e1d1958ef46d2caa7304839851ad9c491102563eee85b3aea02cb0dae4afc,"(26, 20, 9)",uint8
train,Malignant,BreaDM-Ma-2022,train/Malignant/BreaDM-Ma-2022/p-072.npy,b14b44194db144609c1c618e0e873ae50aa25440ea058facfc933194efb61db6,"(26, 20, 9)",uint8
train,Malignant,BreaDM-Ma-2023,train/Malignant/BreaDM-Ma-2023/p-019.npy,7816d0664229df210a10867c992e6e167308276da5a39f1a5e3ae8dc7d546da3,"(20, 26, 9)",uint8
train,Malignant,BreaDM-Ma-2023,train/Malignant/BreaDM-Ma-2023/p-020.npy,1c6e77af67896b75704f74d7ca590b81221ad8f1341fb85f2f164f59813a43df,"(20, 26, 9)",uint8
train,Malignant,BreaDM-Ma-2023,train/Malignant/BreaDM-Ma-2023/p-021.npy,379ef4c9e5df1942a954cb87302e769ab4379ad834585228c3e162ceadd9c2ba,"(20, 26, 9)",uint8
train,Malignant,BreaDM-Ma-2023,train/Malignant/BreaDM-Ma-2023/p-022.npy,3ae45c1486f2d633c4d65ba7524c32006940f74275c77233c8582dae993debf0,"(20, 26, 9)",uint8
train,Malignant,BreaDM-Ma-2023,train/Malignant/BreaDM-Ma-2023/p-023.npy,5dbf75558c2067710cb806c8963731a0d8204e0dc04fe3bf18d3380fb3d3ebd2,"(20, 26, 9)",uint8
train,Malignant,BreaDM-Ma-2023,train/Malignant/BreaDM-Ma-2023/p-024.npy,0151d6570969f3455064f30f87b65dd221cc60e7228eeb4346f3e55c77a233e7,"(20, 26, 9)",uint8
train,Malignant,BreaDM-Ma-2023,train/Malignant/BreaDM-Ma-2023/p-025.npy,6fb86b279995829a2f5404c8a3e4ad30df0c4cf68b540175f5db1bffe59b90ac,"(20, 26, 9)",uint8
train,Malignant,BreaDM-Ma-2023,train/Malignant/BreaDM-Ma-2023/p-026.npy,e05a26501b508ddb9eac468d509c55b3c244ae7bc04585d5049ef24859545641,"(20, 26, 9)",uint8
train,Malignant,BreaDM-Ma-2024,train/Malignant/BreaDM-Ma-2024/p-072.npy,c933cbfcbeabdb5197b59110437d797ac08bb96a0e2c2683b535b5dbf619493d,"(31, 33, 9)",uint8
train,Malignant,BreaDM-Ma-2024,train/Malignant/BreaDM-Ma-2024/p-073.npy,e4eb7ba7a16c50e75803a0b0021ac44b417c919d2d30237e4f7dd458afee5089,"(31, 33, 9)",uint8
train,Malignant,BreaDM-Ma-2024,train/Malignant/BreaDM-Ma-2024/p-074.npy,14754f6a1f2f96d5c5cdf1f3e99bbaabbe25052f06c908f1eb178674c18d1319,"(31, 33, 9)",uint8
train,Malignant,BreaDM-Ma-2024,train/Malignant/BreaDM-Ma-2024/p-075.npy,2bb810ef940969f9d3177cc799aa30c7a82cc98b0d6f5c17285127dd58a76804,"(31, 33, 9)",uint8
train,Malignant,BreaDM-Ma-2024,train/Malignant/BreaDM-Ma-2024/p-076.npy,347b7c9756eea75c67a84c6ea1a63e659146c287e7c4ba5d7d0c766900be00a7,"(31, 33, 9)",uint8
train,Malignant,BreaDM-Ma-2024,train/Malignant/BreaDM-Ma-2024/p-077.npy,ed04bff0aef5e62cafc2400a39259028efdb18bc8faf85f830c8b4419d1b6e12,"(31, 33, 9)",uint8
train,Malignant,BreaDM-Ma-2024,train/Malignant/BreaDM-Ma-2024/p-078.npy,a6bbf0fa71c0dc955e027d69e8c48820fae119f8e9f568548966c9aa5176352c,"(31, 33, 9)",uint8
train,Malignant,BreaDM-Ma-2024,train/Malignant/BreaDM-Ma-2024/p-079.npy,8624cd8e21728d062f6b9d0757e1e10784c952d2d9461f64648a0573aaf8ff8f,"(31, 33, 9)",uint8
train,Malignant,BreaDM-Ma-2024,train/Malignant/BreaDM-Ma-2024/p-080.npy,f6d23e96cfb98cd225d6912b88850a43d0d7d32cda36c614e4b908fa4437ea0f,"(31, 33, 9)",uint8
train,Malignant,BreaDM-Ma-2024,train/Malignant/BreaDM-Ma-2024/p-081.npy,7941ee69708b4fd4a77b96ab0291e8b8f513866399c3c5b016409bff2831d329,"(31, 33, 9)",uint8
train,Malignant,BreaDM-Ma-2024,train/Malignant/BreaDM-Ma-2024/p-082.npy,4ced6aeaf3620e70debbafeec04ed872cea779fa31bafc78f1085c9f1d81f331,"(31, 33, 9)",uint8
train,Malignant,BreaDM-Ma-2024,train/Malignant/BreaDM-Ma-2024/p-083.npy,cd294b6c05dd71fb23bc75da973432b4bd24228e6520cc48117e5133b3ae27c5,"(31, 33, 9)",uint8
train,Malignant,BreaDM-Ma-2024,train/Malignant/BreaDM-Ma-2024/p-084.npy,ac1c452805ceabe881dc14fb25a3f234b88e7a466f250be637d17953ac893899,"(31, 33, 9)",uint8
train,Malignant,BreaDM-Ma-2024,train/Malignant/BreaDM-Ma-2024/p-085.npy,71a9cc77e59919e81c2ffb781e066e0654ee93687464c96dd125997c64338976,"(31, 33, 9)",uint8
train,Malignant,BreaDM-Ma-2024,train/Malignant/BreaDM-Ma-2024/p-086.npy,a582969724c3bc67667095d6c8929e2906b26402bb2c02316e753df27df0a35f,"(31, 33, 9)",uint8
train,Malignant,BreaDM-Ma-2024,train/Malignant/BreaDM-Ma-2024/p-087.npy,d18d1fb52c98dee04fc20949cee9e18b6cf970b5a5878dc772fda0a1d3c11bd0,"(31, 33, 9)",uint8
train,Malignant,BreaDM-Ma-2025,train/Malignant/BreaDM-Ma-2025/p-022.npy,4cd7cd19a0cdebd57bac4e05eb505a2864b0a54ae2f14a05b9ec71053e4212f1,"(40, 37, 9)",uint8
train,Malignant,BreaDM-Ma-2025,train/Malignant/BreaDM-Ma-2025/p-023.npy,cf631f319bf3bd25c25a7a53977e8c2bf27a0a99df04aa49d05e6fefc3184a48,"(40, 37, 9)",uint8
train,Malignant,BreaDM-Ma-2025,train/Malignant/BreaDM-Ma-2025/p-024.npy,3269954ea184ba44f572713c7f148dcb5c423838c54502bc87986aa3e528b954,"(40, 37, 9)",uint8
train,Malignant,BreaDM-Ma-2025,train/Malignant/BreaDM-Ma-2025/p-025.npy,241e90c27fee5d39e6db701e300cbb2e4a93cecbbd2f16050e5b1fcbdd49d99e,"(40, 37, 9)",uint8
train,Malignant,BreaDM-Ma-2025,train/Malignant/BreaDM-Ma-2025/p-026.npy,4307eeb7fcabb946ebfbb2a4391955ca87e4d8a272e0e4630216e6812529beb8,"(40, 37, 9)",uint8
train,Malignant,BreaDM-Ma-2025,train/Malignant/BreaDM-Ma-2025/p-027.npy,176ab2eff3a13bcfc713e835823393cd36c82af7ff33808f9f4f0656a56db1bc,"(40, 37, 9)",uint8
train,Malignant,BreaDM-Ma-2025,train/Malignant/BreaDM-Ma-2025/p-028.npy,30ec7105bad1344858c9d36b8bcc98d8879a7248671524b3894b5c69ad026585,"(40, 37, 9)",uint8
train,Malignant,BreaDM-Ma-2025,train/Malignant/BreaDM-Ma-2025/p-029.npy,19168cafc2826a61238431518c7d6fd9a65241f8a893f54e5873499cff327ce6,"(40, 37, 9)",uint8
train,Malignant,BreaDM-Ma-2025,train/Malignant/BreaDM-Ma-2025/p-030.npy,8eef4dd44adce954daa2f64792a71d4f4eebca0cfa6886d48d01bfc4232dfb78,"(40, 37, 9)",uint8
train,Malignant,BreaDM-Ma-2025,train/Malignant/BreaDM-Ma-2025/p-031.npy,f151a6387167ac4474a2f4b1a41228ae27567ad71afd9756e49be04a2a3443ab,"(40, 37, 9)",uint8
train,Malignant,BreaDM-Ma-2028,train/Malignant/BreaDM-Ma-2028/p-058.npy,8f9ad6a417896dba28e8c07385de2fbda57e3fde2a790bf76483c35475836253,"(14, 15, 9)",uint8
train,Malignant,BreaDM-Ma-2028,train/Malignant/BreaDM-Ma-2028/p-059.npy,346de1f395ea8ecc2b41cb0b810af2ea71a60d43fcef78920c523fc1501f76be,"(14, 15, 9)",uint8
train,Malignant,BreaDM-Ma-2028,train/Malignant/BreaDM-Ma-2028/p-060.npy,63fae367e4b7542539a3ed7d259cf03f2b5f6d784add669b98881399aa1a3be0,"(14, 15, 9)",uint8
train,Malignant,BreaDM-Ma-2028,train/Malignant/BreaDM-Ma-2028/p-061.npy,9efa05037e4b7b8f19f446cc16d81a86bffa89ec59e8d47b6fcc7f386988eb72,"(14, 15, 9)",uint8
train,Malignant,BreaDM-Ma-2030,train/Malignant/BreaDM-Ma-2030/p-027.npy,35842991fb3d3465d6eaa100ef9629749cc5063df4a6c6ea21ba8710bd27fb26,"(19, 19, 9)",uint8
train,Malignant,BreaDM-Ma-2030,train/Malignant/BreaDM-Ma-2030/p-028.npy,0700e17b84f658c428805046b4e5ff4e50623b656bd99f141f44fbfde44c0e67,"(19, 19, 9)",uint8
train,Malignant,BreaDM-Ma-2030,train/Malignant/BreaDM-Ma-2030/p-029.npy,4af0571249c9506a5c82ca0f3d2f1ba0586d5ec55f49c63ebd694263a8f5cdaa,"(19, 19, 9)",uint8
train,Malignant,BreaDM-Ma-2031,train/Malignant/BreaDM-Ma-2031/p-069.npy,ebd4a629da2d30666303674c4a051cab4d4d2776c69aeb39017ccb37f99b5a45,"(28, 27, 9)",uint8
train,Malignant,BreaDM-Ma-2031,train/Malignant/BreaDM-Ma-2031/p-070.npy,1a42bdd502a01acb6d572d7dae3ba9a19562c7190e976ebde92342e6495f8281,"(28, 27, 9)",uint8
train,Malignant,BreaDM-Ma-2031,train/Malignant/BreaDM-Ma-2031/p-071.npy,24191f228f58e7ca70163c0c67ece10c439e5d1f620f76ba821fba269c23ee31,"(28, 27, 9)",uint8
train,Malignant,BreaDM-Ma-2031,train/Malignant/BreaDM-Ma-2031/p-072.npy,ac30842ae5b7260e7bff0c6f6aa84658e733256f61f9d899264c420b36f07800,"(28, 27, 9)",uint8
train,Malignant,BreaDM-Ma-2031,train/Malignant/BreaDM-Ma-2031/p-073.npy,e28a0b107589e6fbecf1ff711996226a47bbc761a1611dc2ee37bfc2688eb482,"(28, 27, 9)",uint8
train,Malignant,BreaDM-Ma-2031,train/Malignant/BreaDM-Ma-2031/p-074.npy,18f4dcff069004a0f7eaafdd8c6cdc78a41c91360f16164ee7cc7b23985e18c0,"(28, 27, 9)",uint8
train,Malignant,BreaDM-Ma-2031,train/Malignant/BreaDM-Ma-2031/p-075.npy,7f3b21664334472fbc2a810b3dc61d6c85bae1a32cfd20ab923240a880f43dfb,"(28, 27, 9)",uint8
train,Malignant,BreaDM-Ma-2031,train/Malignant/BreaDM-Ma-2031/p-076.npy,45fedd59528e3e1fd1af785b2d887755252c7783f00f268d244f0fa33defa567,"(28, 27, 9)",uint8
train,Malignant,BreaDM-Ma-2031,train/Malignant/BreaDM-Ma-2031/p-077.npy,9049c1ea084b00a9961fb6cf66b0c03be92cf3932991570ecfd5a668f2707339,"(28, 27, 9)",uint8
train,Malignant,BreaDM-Ma-2031,train/Malignant/BreaDM-Ma-2031/p-078.npy,447406974f750d628096a672e02d8eaff41c1bc27b91cd769d0186fa1052f9b8,"(28, 27, 9)",uint8
train,Malignant,BreaDM-Ma-2031,train/Malignant/BreaDM-Ma-2031/p-079.npy,9cbb6965fa7d413a9e5e09c3f47fe548dd30ee4fe10c467cff5b329d2143399c,"(28, 27, 9)",uint8
train,Malignant,BreaDM-Ma-2031,train/Malignant/BreaDM-Ma-2031/p-080.npy,1ebc8605cd242eeedd6eeb5e23fed6ca3c718bdf6937fc166f56cea855ec2be6,"(28, 27, 9)",uint8
train,Malignant,BreaDM-Ma-2032,train/Malignant/BreaDM-Ma-2032/p-063.npy,c95e5293ce81ad7d57bd67fc04d79e26d7dd1dfef0887a42f0dce1da449ac8da,"(10, 14, 9)",uint8
train,Malignant,BreaDM-Ma-2032,train/Malignant/BreaDM-Ma-2032/p-064.npy,a5e4d951c7d7cc53c4eeee7b3d338c80b244696a9ccc6eeaee27ba9c2e07715e,"(10, 14, 9)",uint8
train,Malignant,BreaDM-Ma-2032,train/Malignant/BreaDM-Ma-2032/p-065.npy,4853d8e19471d681edab61a2eb56fc3eb7cc9272b8ea404ba9067b3834a94991,"(10, 14, 9)",uint8
train,Malignant,BreaDM-Ma-2032,train/Malignant/BreaDM-Ma-2032/p-066.npy,667572372b4160c1aaf1a09f11d04dedd967c1fc09d8f64f42b15414902cce17,"(10, 14, 9)",uint8
train,Malignant,BreaDM-Ma-2032,train/Malignant/BreaDM-Ma-2032/p-067.npy,0fa4d13a46afbd39b64ef42fcdda77cd4fa83a58953e4b2dc58aa645e639f3f8,"(10, 14, 9)",uint8
train,Malignant,BreaDM-Ma-2033,train/Malignant/BreaDM-Ma-2033/p-045.npy,fea1f33ba2e1af64be266a11b9066aacb81bab96dbeaff374d543ddef4f4d04e,"(25, 19, 9)",uint8
train,Malignant,BreaDM-Ma-2033,train/Malignant/BreaDM-Ma-2033/p-046.npy,07fbc1353bd142552e3e0af72290bef659534c35da4c75558072c9a32a65b607,"(25, 19, 9)",uint8
train,Malignant,BreaDM-Ma-2033,train/Malignant/BreaDM-Ma-2033/p-047.npy,b8ce857e6518577f0b7c1396db9e7dc265840a935641066a66a43372f67957b9,"(25, 19, 9)",uint8
train,Malignant,BreaDM-Ma-2033,train/Malignant/BreaDM-Ma-2033/p-048.npy,8eab18bd8de2268f59ab7552e25c2eeadf534f8c5a9b5a8c04a40e74ae027ad4,"(25, 19, 9)",uint8
train,Malignant,BreaDM-Ma-2034,train/Malignant/BreaDM-Ma-2034/p-035.npy,97d7e3111578f46045b35ecfd9b2dc8b765f2afe2174684f6fb1b663fdfae5b5,"(66, 39, 9)",uint8
train,Malignant,BreaDM-Ma-2034,train/Malignant/BreaDM-Ma-2034/p-036.npy,08f16905854ae1eec5e9a05ffcbf156201d3f94c042f5976e5ec2c30320f6d92,"(66, 39, 9)",uint8
train,Malignant,BreaDM-Ma-2034,train/Malignant/BreaDM-Ma-2034/p-037.npy,7c92678b9f92637e69bcd49824528d50f129fef856de14b8b5475a9935de0012,"(66, 39, 9)",uint8
train,Malignant,BreaDM-Ma-2034,train/Malignant/BreaDM-Ma-2034/p-038.npy,1127319047584a6e73aefcc0c5706136d9807809ff2d6628c95d13725550756e,"(66, 39, 9)",uint8
train,Malignant,BreaDM-Ma-2034,train/Malignant/BreaDM-Ma-2034/p-039.npy,7bfd938d17d4d1eab51f7fb782aa645173f465920968dfc83c2a3021568f4a37,"(66, 39, 9)",uint8
train,Malignant,BreaDM-Ma-2034,train/Malignant/BreaDM-Ma-2034/p-040.npy,0912e3e19a9a7a0db9e1b5b0838344aff7078a2a39397c3fcb32dfa6d348f540,"(66, 39, 9)",uint8
train,Malignant,BreaDM-Ma-2034,train/Malignant/BreaDM-Ma-2034/p-041.npy,cefc77b94ce300551c5d7e9bc0c27bc1692b8b35019b25a2625136d08a946895,"(66, 39, 9)",uint8
train,Malignant,BreaDM-Ma-2034,train/Malignant/BreaDM-Ma-2034/p-042.npy,4a48c528975973d843ec8351b511d20981294bd67ed7968fa0097696df72bd29,"(66, 39, 9)",uint8
train,Malignant,BreaDM-Ma-2034,train/Malignant/BreaDM-Ma-2034/p-043.npy,b09085847975f3aa69dc906819d70604ccd0b7c8d3ed8f18022ff345d3f98e87,"(66, 39, 9)",uint8
train,Malignant,BreaDM-Ma-2034,train/Malignant/BreaDM-Ma-2034/p-044.npy,2747458ef71530a6176043a1780edcd2bdfbb99e83a701807cfb18c72348f80a,"(66, 39, 9)",uint8
train,Malignant,BreaDM-Ma-2034,train/Malignant/BreaDM-Ma-2034/p-045.npy,f699a34b37be0bcc88671dee602c6916d7610a84dc9b2094fbad0e65a33ba4e6,"(66, 39, 9)",uint8
train,Malignant,BreaDM-Ma-2034,train/Malignant/BreaDM-Ma-2034/p-046.npy,a4d14b10b924005835bf2d7fe4dab921d2071c5b9e76be81d18dfdbf0d539497,"(66, 39, 9)",uint8
train,Malignant,BreaDM-Ma-2034,train/Malignant/BreaDM-Ma-2034/p-047.npy,9cf37dd335a3b8a5e96b1e2ada4282fa997d0cf85c0af59a43778ce313f62eeb,"(66, 39, 9)",uint8
train,Malignant,BreaDM-Ma-2034,train/Malignant/BreaDM-Ma-2034/p-048.npy,4c25373f16a6c7a5df3ff30df93bd240176fb2b82bfa2d08b9979fd1dfbb110d,"(66, 39, 9)",uint8
train,Malignant,BreaDM-Ma-2034,train/Malignant/BreaDM-Ma-2034/p-049.npy,1d95fdbdf5fc9ed13c3f6b5484bf1518890dbedceafa7a7c9c109f9ca6ddae80,"(66, 39, 9)",uint8
train,Malignant,BreaDM-Ma-2034,train/Malignant/BreaDM-Ma-2034/p-050.npy,e4e6c7391ca134f7de41ace4f3a9248f548a03068a924c834acf269f67cb024e,"(66, 39, 9)",uint8
train,Malignant,BreaDM-Ma-2034,train/Malignant/BreaDM-Ma-2034/p-051.npy,6411ba86f984c208da02fce3604e5e083f7fc221323ccc73392d6413342f3213,"(66, 39, 9)",uint8
train,Malignant,BreaDM-Ma-2034,train/Malignant/BreaDM-Ma-2034/p-052.npy,a20341ba9f51b0383ce45a5ffae13b034a0d1436459680e30602b3167dd6970a,"(66, 39, 9)",uint8
train,Malignant,BreaDM-Ma-2034,train/Malignant/BreaDM-Ma-2034/p-053.npy,17932a252b77d2c787379267f08b13bbfe57b6e4e561e78f3bff353251332616,"(66, 39, 9)",uint8
train,Malignant,BreaDM-Ma-2035,train/Malignant/BreaDM-Ma-2035/p-046.npy,eeb33b580eebd13f93a1178938f39c7269d05541272f454800b8a03a7a24bca2,"(30, 24, 9)",uint8
train,Malignant,BreaDM-Ma-2035,train/Malignant/BreaDM-Ma-2035/p-047.npy,3b812d7d8ffb53803be844dfe65d029f5aad163a5b97d081c70d3b6c3f48116e,"(30, 24, 9)",uint8
train,Malignant,BreaDM-Ma-2035,train/Malignant/BreaDM-Ma-2035/p-048.npy,1ec938e52238fbffa17f10fa15294a2211fc5d047a381f33e1bf5745a283e1f4,"(30, 24, 9)",uint8
train,Malignant,BreaDM-Ma-2035,train/Malignant/BreaDM-Ma-2035/p-049.npy,c66b5b8c4e10be406c51b09cf32a4f10c33b983a0fe7832b3e04fd121af69bde,"(30, 24, 9)",uint8
train,Malignant,BreaDM-Ma-2035,train/Malignant/BreaDM-Ma-2035/p-050.npy,66a9a2e11ee591e9b83b57b5b0318e6fd7d7893b629ca911cf7b3077acbcae9b,"(30, 24, 9)",uint8
train,Malignant,BreaDM-Ma-2035,train/Malignant/BreaDM-Ma-2035/p-051.npy,7e687f1b252b29495c4d85812bf50e58fbf7fdb8a7d8423f3b356ef647701e3b,"(30, 24, 9)",uint8
train,Malignant,BreaDM-Ma-2035,train/Malignant/BreaDM-Ma-2035/p-052.npy,3928cd2a5adb148375680803970b0cb06349a55e9c0a3e3eb7259cc64de8fba1,"(30, 24, 9)",uint8
train,Malignant,BreaDM-Ma-2035,train/Malignant/BreaDM-Ma-2035/p-053.npy,46a3471c64940af7ba9ee00e757c5771e9a9cde439f3f9e2a0b241e549db770c,"(30, 24, 9)",uint8
train,Malignant,BreaDM-Ma-2036,train/Malignant/BreaDM-Ma-2036/p-054.npy,29e797a1e46e1b67620a4a4382c946583e1703238aa87005d6d729485ac3a7c2,"(19, 22, 9)",uint8
train,Malignant,BreaDM-Ma-2036,train/Malignant/BreaDM-Ma-2036/p-055.npy,4bc00ed3f8cb63183d0b6ba0c6b20b5d25ed088e6e62fa47c2540a42a6a6c41d,"(19, 22, 9)",uint8
train,Malignant,BreaDM-Ma-2036,train/Malignant/BreaDM-Ma-2036/p-056.npy,9408ff208a786479015d5bbc1217d2135f9907cce0fd2f99a8535a2f477d6d85,"(19, 22, 9)",uint8
train,Malignant,BreaDM-Ma-2036,train/Malignant/BreaDM-Ma-2036/p-057.npy,4f64aac858230be047093b9002292f4cf23f1b6799640410ebc421f56f1516cd,"(19, 22, 9)",uint8
train,Malignant,BreaDM-Ma-2036,train/Malignant/BreaDM-Ma-2036/p-058.npy,d2217f69f467dfc41863a55aa66ac29a133e6f6627a37697923881319c153476,"(19, 22, 9)",uint8
train,Malignant,BreaDM-Ma-2037,train/Malignant/BreaDM-Ma-2037/p-062.npy,f4c889a929856e79c370320bf6045e71dba920a09f0bb8c5cd0c7b84e2779813,"(17, 17, 9)",uint8
train,Malignant,BreaDM-Ma-2037,train/Malignant/BreaDM-Ma-2037/p-063.npy,8dd1398dfd98ec2d1be98c262db7c5430f47dacaa22a56993b2934e50c623f68,"(17, 17, 9)",uint8
train,Malignant,BreaDM-Ma-2037,train/Malignant/BreaDM-Ma-2037/p-064.npy,a71564ef514da54591f0e45bd708e5b6ef19d6312e5f1a181d58650c38aed523,"(17, 17, 9)",uint8
train,Malignant,BreaDM-Ma-2037,train/Malignant/BreaDM-Ma-2037/p-065.npy,4245b8c6617691ca182c52754a8a2d4441a4e2e198a09a841114e03677da39b0,"(17, 17, 9)",uint8
train,Malignant,BreaDM-Ma-2037,train/Malignant/BreaDM-Ma-2037/p-066.npy,0f4d7de73c3594fb1aa57c6a4ee4fe0fd206b654eb5199bd2410ac5c2e3d1655,"(17, 17, 9)",uint8
train,Malignant,BreaDM-Ma-2040,train/Malignant/BreaDM-Ma-2040/p-024.npy,e24fc729aec20fbab9a6d6f53573e824254e5a04e29c9926ce7292040131fbcd,"(61, 41, 9)",uint8
train,Malignant,BreaDM-Ma-2040,train/Malignant/BreaDM-Ma-2040/p-025.npy,00d05ba33fc00a2f77c7a282f26224d6be32306899bece3a9ce1d4849b20a47a,"(61, 41, 9)",uint8
train,Malignant,BreaDM-Ma-2040,train/Malignant/BreaDM-Ma-2040/p-026.npy,f93770005935f856182725cb7b4405841951a75455f18be7e74219c7ce9570d6,"(61, 41, 9)",uint8
train,Malignant,BreaDM-Ma-2040,train/Malignant/BreaDM-Ma-2040/p-027.npy,376e40767a1a3b1b4637e98e058d327a0c6f1602479f46edd6e6393be0d09c8b,"(61, 41, 9)",uint8
train,Malignant,BreaDM-Ma-2040,train/Malignant/BreaDM-Ma-2040/p-028.npy,845040ec2496fb96aa673d5692792d33f52d956bd6875c509cde8cacdc65913c,"(61, 41, 9)",uint8
train,Malignant,BreaDM-Ma-2040,train/Malignant/BreaDM-Ma-2040/p-029.npy,ea3fd38b3bb5371b12212086ed9380e635c1a84b5906a5aeeac9936dac793c16,"(61, 41, 9)",uint8
train,Malignant,BreaDM-Ma-2040,train/Malignant/BreaDM-Ma-2040/p-030.npy,a99e58000076d32c2257e30ea7ae5128dd261f535707d93d0804b67fdbb400f5,"(61, 41, 9)",uint8
train,Malignant,BreaDM-Ma-2040,train/Malignant/BreaDM-Ma-2040/p-031.npy,74e87884406206ca27d1605f05e4f1817e91f1bb755482df43e79d14fe058266,"(61, 41, 9)",uint8
train,Malignant,BreaDM-Ma-2040,train/Malignant/BreaDM-Ma-2040/p-032.npy,be3cc6b18cb508abea1dfc2d286bf44b7bfbbacbca4c14dc58eb3ef42a9063b2,"(61, 41, 9)",uint8
train,Malignant,BreaDM-Ma-2040,train/Malignant/BreaDM-Ma-2040/p-033.npy,661d7b12bb20abef3eab46429959946a8830b38dd2e12096e8d6e59e1e904834,"(61, 41, 9)",uint8
train,Malignant,BreaDM-Ma-2040,train/Malignant/BreaDM-Ma-2040/p-034.npy,1b99807924340e1fd27a09c661cf2166a59fbf8db725aefb869a5ac3d0a7439f,"(61, 41, 9)",uint8
train,Malignant,BreaDM-Ma-2040,train/Malignant/BreaDM-Ma-2040/p-035.npy,4ecf2a86fb98ef5c21a659d5836595749541e1bb8e87a8efb0e2b2aab1e92802,"(61, 41, 9)",uint8
train,Malignant,BreaDM-Ma-2040,train/Malignant/BreaDM-Ma-2040/p-036.npy,c8852e4599ad36390d7d8fc074352c6bb5318ce5d5104d1626ed2a679850f54f,"(61, 41, 9)",uint8
train,Malignant,BreaDM-Ma-2042,train/Malignant/BreaDM-Ma-2042/p-055.npy,91666a6fb4ecdee6fcfb9ecc220cf3483b3633c5746b1a677283b796882ab07e,"(32, 34, 9)",uint8
train,Malignant,BreaDM-Ma-2042,train/Malignant/BreaDM-Ma-2042/p-056.npy,b4c422d08947489b5da97a9232c2b0640a48478dc6aa2c9af6810c1dbe730aac,"(32, 34, 9)",uint8
train,Malignant,BreaDM-Ma-2042,train/Malignant/BreaDM-Ma-2042/p-057.npy,8a4c629ad48491adb7ab5cc81a621446a84dd3010fe4d02dc8691f1c3de83735,"(32, 34, 9)",uint8
train,Malignant,BreaDM-Ma-2042,train/Malignant/BreaDM-Ma-2042/p-058.npy,73174882f5654834339c26d78c46fa77ff52bb71a1b9e62644de30f754cf66c9,"(32, 34, 9)",uint8
train,Malignant,BreaDM-Ma-2042,train/Malignant/BreaDM-Ma-2042/p-059.npy,1b2037208cc0a69a8b11ce8ebcbe4309338149ff27749ed750a5204ead3174c4,"(32, 34, 9)",uint8
train,Malignant,BreaDM-Ma-2042,train/Malignant/BreaDM-Ma-2042/p-060.npy,cc447d84eb9455f90537bc408ca07d75b317e4a6f537ceb52906fa717a3ae987,"(32, 34, 9)",uint8
train,Malignant,BreaDM-Ma-2042,train/Malignant/BreaDM-Ma-2042/p-061.npy,d4afd4d046451815a4f5130d65689273a31c6556299960f7d7663443d6a51f92,"(32, 34, 9)",uint8
train,Malignant,BreaDM-Ma-2042,train/Malignant/BreaDM-Ma-2042/p-062.npy,461bd554ccc294865354eaa81bdde1fafcb015e30b588d2787162f5c7eedfdbc,"(32, 34, 9)",uint8
train,Malignant,BreaDM-Ma-2042,train/Malignant/BreaDM-Ma-2042/p-063.npy,cc43d9d33bb8c65be00ceb2e4fefc79521508b807544c3d91239e886029eef0f,"(32, 34, 9)",uint8
train,Malignant,BreaDM-Ma-2042,train/Malignant/BreaDM-Ma-2042/p-064.npy,52b81291f0b300e499e8eb4b711dbe583518272906557e899a8c928a0548cde2,"(32, 34, 9)",uint8
train,Malignant,BreaDM-Ma-2042,train/Malignant/BreaDM-Ma-2042/p-065.npy,16d80e4fe275dfff62e6be578fa81d348d1fba14d8b6cf8c63f1a18f84250a0c,"(32, 34, 9)",uint8
train,Malignant,BreaDM-Ma-2042,train/Malignant/BreaDM-Ma-2042/p-066.npy,8714bf6e779b47216752dafc0bab6525cc1f825754e45d847dfc758c08c35c1d,"(32, 34, 9)",uint8
train,Malignant,BreaDM-Ma-2042,train/Malignant/BreaDM-Ma-2042/p-067.npy,9bf251f2d910f9e4dd1c1655f4c90107bfc28473412ec1659bbaf5fdd7f66881,"(32, 34, 9)",uint8
train,Malignant,BreaDM-Ma-2042,train/Malignant/BreaDM-Ma-2042/p-068.npy,dd7d994f1bf92d7a9ef4eb1571128565a20d534b1b719ac174e1d1e48d6d67bd,"(32, 34, 9)",uint8
train,Malignant,BreaDM-Ma-2042,train/Malignant/BreaDM-Ma-2042/p-069.npy,62d6be4317a8d012ab50ea382d345efa8fcb978a60266e43351735a501d9907a,"(32, 34, 9)",uint8
train,Malignant,BreaDM-Ma-2042,train/Malignant/BreaDM-Ma-2042/p-070.npy,5110310466f5391c76e2f3f1da40607d032e7d38eee5f3f8b6bbee8813146c03,"(32, 34, 9)",uint8
train,Malignant,BreaDM-Ma-2042,train/Malignant/BreaDM-Ma-2042/p-071.npy,58d01add85ee46730bcf13e4d05d1fc9ea9b9770ae267521290d11aa4ccfbd4c,"(32, 34, 9)",uint8
train,Malignant,BreaDM-Ma-2042,train/Malignant/BreaDM-Ma-2042/p-072.npy,0dfd33ebabc170ba6097e7d5b430ab6db9979dee8f366057a3cddf830138d7b0,"(32, 34, 9)",uint8
train,Malignant,BreaDM-Ma-2042,train/Malignant/BreaDM-Ma-2042/p-073.npy,cbbd66b06486183ce183581011996d9ca33a5afa424763e6b547c2d7ea4a1283,"(32, 34, 9)",uint8
train,Malignant,BreaDM-Ma-2045,train/Malignant/BreaDM-Ma-2045/p-063.npy,43beafe08d1864cca56f95b2b7fb9e4cc4380b4764d0d0796284808df6a47534,"(27, 29, 9)",uint8
train,Malignant,BreaDM-Ma-2045,train/Malignant/BreaDM-Ma-2045/p-064.npy,5de9171e3127888f78fa9a1cd9b3c7220ac7b8b80e0b783b99479f0a11e362ba,"(27, 29, 9)",uint8
train,Malignant,BreaDM-Ma-2045,train/Malignant/BreaDM-Ma-2045/p-065.npy,efd0062aaf6e82f8a15f1ac3c50a2bc361031856f59a4af354c44ff8c9451513,"(27, 29, 9)",uint8
train,Malignant,BreaDM-Ma-2045,train/Malignant/BreaDM-Ma-2045/p-066.npy,e05e17c82814376dd71d22431e13fb597d30b2684c5eaa1083e3f47a3fb3721d,"(27, 29, 9)",uint8
train,Malignant,BreaDM-Ma-2045,train/Malignant/BreaDM-Ma-2045/p-067.npy,7f7cfa5bd663e29ed7e196a45fd748d606cccc5917654d3ccea130b0230fd623,"(27, 29, 9)",uint8
train,Malignant,BreaDM-Ma-2045,train/Malignant/BreaDM-Ma-2045/p-068.npy,a9307c86679b8101830ba18cff579f2bcace63a27729e7f0b45ef4f550efcd0a,"(27, 29, 9)",uint8
train,Malignant,BreaDM-Ma-2045,train/Malignant/BreaDM-Ma-2045/p-069.npy,64bb8896f854a756d23dd383571ede1913d0a552f9d6dcd6a28f8b083098ec83,"(27, 29, 9)",uint8
train,Malignant,BreaDM-Ma-2045,train/Malignant/BreaDM-Ma-2045/p-070.npy,11371f1a36e9a1d8ef9ca61e926802f59df020c74c522be885053e499c4cc5d9,"(27, 29, 9)",uint8
train,Malignant,BreaDM-Ma-2045,train/Malignant/BreaDM-Ma-2045/p-071.npy,f6f2798b87e343bc46ec6618245a31550b143436001a73969402a60178b3f2c3,"(27, 29, 9)",uint8
train,Malignant,BreaDM-Ma-2045,train/Malignant/BreaDM-Ma-2045/p-072.npy,ecb0784b79ba9bbe7e61f5cea0bf0f9dbb3c41b80bc4bd9486faf910c713171e,"(27, 29, 9)",uint8
train,Malignant,BreaDM-Ma-2045,train/Malignant/BreaDM-Ma-2045/p-073.npy,c2e6f6a0a568f623cc891470e7461fe3af4001d58628525cd07c8e0994c21340,"(27, 29, 9)",uint8
train,Malignant,BreaDM-Ma-2046,train/Malignant/BreaDM-Ma-2046/p-035.npy,e7c3db1c90af81469fdb21b7cac70652c7611157d31139ac5e198deb29d44ae8,"(24, 34, 9)",uint8
train,Malignant,BreaDM-Ma-2046,train/Malignant/BreaDM-Ma-2046/p-036.npy,1564319407ae8ddf203820061d1d89cdc4763a7a324197eb156ae1acb54778fe,"(24, 34, 9)",uint8
train,Malignant,BreaDM-Ma-2046,train/Malignant/BreaDM-Ma-2046/p-037.npy,108b714fdfcfad3af17b5d43a862b3821f92efc367774bad8819a2b6816a93d0,"(24, 34, 9)",uint8
train,Malignant,BreaDM-Ma-2046,train/Malignant/BreaDM-Ma-2046/p-038.npy,c22ab6681e221de531c910294250da0c3402700f411945894f558eb367389f6a,"(24, 34, 9)",uint8
train,Malignant,BreaDM-Ma-2046,train/Malignant/BreaDM-Ma-2046/p-039.npy,a9fa236a35aac2a33b77204777a10d0146bd99b6771fd7d34fe7e4799cc4aa5d,"(24, 34, 9)",uint8
train,Malignant,BreaDM-Ma-2046,train/Malignant/BreaDM-Ma-2046/p-040.npy,e74fbe8cda722cf8c2e96ca790252438c06f0a65fd9c7ba05e58b0d530a629f2,"(24, 34, 9)",uint8
train,Malignant,BreaDM-Ma-2046,train/Malignant/BreaDM-Ma-2046/p-041.npy,f6efacade0fcbcb43f7788a8d356dfe289c3354de873e21e6abea82531dfbb94,"(24, 34, 9)",uint8
train,Malignant,BreaDM-Ma-2047,train/Malignant/BreaDM-Ma-2047/p-050.npy,160a4c8afb479261afd3b2ee7748fb04d7e31b83f8d3c61d99082983ef3929b0,"(32, 35, 9)",uint8
train,Malignant,BreaDM-Ma-2047,train/Malignant/BreaDM-Ma-2047/p-051.npy,0b8de4584dee3c815aecdac7295ba7ebd98da00df580630ff7dc75e0746561d2,"(32, 35, 9)",uint8
train,Malignant,BreaDM-Ma-2047,train/Malignant/BreaDM-Ma-2047/p-052.npy,97e8b983bad0880526b4874069345905ef46732716fb9d7fc672f57dc3c524c4,"(32, 35, 9)",uint8
train,Malignant,BreaDM-Ma-2047,train/Malignant/BreaDM-Ma-2047/p-053.npy,89abdedc1f1377432458ee60d0670d7a39d1a4fd11e6b21790f527141b5d5dd0,"(32, 35, 9)",uint8
train,Malignant,BreaDM-Ma-2047,train/Malignant/BreaDM-Ma-2047/p-054.npy,e50d9a40add36b4d56eceac28ca2d604a853837a5f6a3d94c71fe90977bc8d0e,"(32, 35, 9)",uint8
train,Malignant,BreaDM-Ma-2047,train/Malignant/BreaDM-Ma-2047/p-055.npy,0decc238b296f042f7801e30eeddd1750bc983fe9aeab7bd2c33fb94c69fc8cc,"(32, 35, 9)",uint8
train,Malignant,BreaDM-Ma-2047,train/Malignant/BreaDM-Ma-2047/p-056.npy,39129b99c5654b1bb44ebb1ce371a3d0b11416e386fb457eab12eed176fa9ee7,"(32, 35, 9)",uint8
train,Malignant,BreaDM-Ma-2047,train/Malignant/BreaDM-Ma-2047/p-057.npy,5e09baf0c24c481ca9b8a8ef964848dd4066045e5821e972e92c95f9195996bd,"(32, 35, 9)",uint8
train,Malignant,BreaDM-Ma-2047,train/Malignant/BreaDM-Ma-2047/p-058.npy,cb47d331f4a9744574f5035fe8db6730c537b9c4efde6d488ab98e18f2a79ac9,"(32, 35, 9)",uint8
train,Malignant,BreaDM-Ma-2048,train/Malignant/BreaDM-Ma-2048/p-053.npy,9836f920997ed36351417b139442134d697929a321209bddd73439877d531251,"(25, 30, 9)",uint8
train,Malignant,BreaDM-Ma-2048,train/Malignant/BreaDM-Ma-2048/p-054.npy,d31c0b14d80da1c1c383bd9bda91a8d4e63fb8da121ab35dca3fc353714421d6,"(25, 30, 9)",uint8
train,Malignant,BreaDM-Ma-2048,train/Malignant/BreaDM-Ma-2048/p-055.npy,5b9ffba1f74c18f026e15dd302b9d58be79f32d85b1b75baa695bb66a96cb602,"(25, 30, 9)",uint8
train,Malignant,BreaDM-Ma-2048,train/Malignant/BreaDM-Ma-2048/p-056.npy,e739c625eff473b6c318f336e0698fd611d7fc91733bfd20a3f06980b98cdb40,"(25, 30, 9)",uint8
train,Malignant,BreaDM-Ma-2048,train/Malignant/BreaDM-Ma-2048/p-057.npy,5bbcdb4033105a939fdda080a23b443c8df6a19d66ac7492d03bbd97c9375a8c,"(25, 30, 9)",uint8
train,Malignant,BreaDM-Ma-2048,train/Malignant/BreaDM-Ma-2048/p-058.npy,fbfef8e8893e7a792669298433270af3af09ad8a1e70b96187db7604d48e3650,"(25, 30, 9)",uint8
train,Malignant,BreaDM-Ma-2048,train/Malignant/BreaDM-Ma-2048/p-059.npy,c73af3c64ef0edbdaf2790096f7128567db9f9769b8d02ef19d0644c313a895c,"(25, 30, 9)",uint8
train,Malignant,BreaDM-Ma-2048,train/Malignant/BreaDM-Ma-2048/p-060.npy,fab49dac62cfa32e7add57b6f40aad9e46d8afb089c0ec211d262f693f68b17b,"(25, 30, 9)",uint8
train,Malignant,BreaDM-Ma-2048,train/Malignant/BreaDM-Ma-2048/p-061.npy,90483f8c3ec2944a50832f3afbe3acde15dcbdab923abbef71e52d20cf94642e,"(25, 30, 9)",uint8
train,Malignant,BreaDM-Ma-2048,train/Malignant/BreaDM-Ma-2048/p-062.npy,2b14fc330e7dcba40b16179151a72e3e4c29656e18fa12a5030f1741a709f22f,"(25, 30, 9)",uint8
train,Malignant,BreaDM-Ma-2048,train/Malignant/BreaDM-Ma-2048/p-063.npy,f9359ce64e214894d914fc1f91500bd3b8ede4d624b471a716751fa69700eebb,"(25, 30, 9)",uint8
train,Malignant,BreaDM-Ma-2048,train/Malignant/BreaDM-Ma-2048/p-064.npy,cbb8f3956a5837b611856a0abd9a4adb46d7ea2994b6c7b64bdb78a7870d2621,"(25, 30, 9)",uint8
train,Malignant,BreaDM-Ma-2048,train/Malignant/BreaDM-Ma-2048/p-065.npy,3860606420ec4387112b0c0cb0d9200a8e108509703fa476b8e572e54085fa8c,"(25, 30, 9)",uint8
train,Malignant,BreaDM-Ma-2049,train/Malignant/BreaDM-Ma-2049/p-075.npy,87ae56c126b3095fa45f2d4a0bc93fcf30d9c839d91ffc8484a3eb4debe890df,"(18, 28, 9)",uint8
train,Malignant,BreaDM-Ma-2049,train/Malignant/BreaDM-Ma-2049/p-076.npy,08379956bd76b304fde5b11550cf130b656a5e179743303ab6a4ca915427ea0f,"(18, 28, 9)",uint8
train,Malignant,BreaDM-Ma-2049,train/Malignant/BreaDM-Ma-2049/p-077.npy,4eec7bd2ba3b1aa21532e489cf4571353eafb9cbef077a524b2ec19587479216,"(18, 28, 9)",uint8
train,Malignant,BreaDM-Ma-2049,train/Malignant/BreaDM-Ma-2049/p-078.npy,0b379311f879286dfcafbf6cb9ffd5e5d5e2da9b86c20b1cfde8fd542af373ce,"(18, 28, 9)",uint8
train,Malignant,BreaDM-Ma-2049,train/Malignant/BreaDM-Ma-2049/p-079.npy,04362ac384f02ad2c83c88c4705c2c9ada68280b4cf17683fe26e9a8b14c1145,"(18, 28, 9)",uint8
train,Malignant,BreaDM-Ma-2049,train/Malignant/BreaDM-Ma-2049/p-080.npy,aade3a1d566b9a3c6903d47bab8807f341472c6019934c612d8d46d7b7d1273f,"(18, 28, 9)",uint8
train,Malignant,BreaDM-Ma-2049,train/Malignant/BreaDM-Ma-2049/p-081.npy,9491be453b821faabb5fb400d35f277bd890a3aa0f9ef45e8ab4455dea7d23bc,"(18, 28, 9)",uint8
train,Malignant,BreaDM-Ma-2049,train/Malignant/BreaDM-Ma-2049/p-082.npy,ec44596e9f21039676f1284138ee0c09967ed35f9bce971d899d86a35c2c85ec,"(18, 28, 9)",uint8
train,Malignant,BreaDM-Ma-2049,train/Malignant/BreaDM-Ma-2049/p-083.npy,09ff5ca29d4357371a068680ddafea1ae19303de12631c81fbbf1f16176b216a,"(18, 28, 9)",uint8
train,Malignant,BreaDM-Ma-2049,train/Malignant/BreaDM-Ma-2049/p-084.npy,6f4c32c27e779bca10f285758ec389ff579791bb4a3618ffff6dc98709bd2410,"(18, 28, 9)",uint8
train,Malignant,BreaDM-Ma-2049,train/Malignant/BreaDM-Ma-2049/p-085.npy,c1b8daa162c69b368b6e6af3dd5600a26f760fa69beb9eac2bd6773607d46e8f,"(18, 28, 9)",uint8
train,Malignant,BreaDM-Ma-2049,train/Malignant/BreaDM-Ma-2049/p-086.npy,54ffd675498700822d1e6186b51231565024abcee0d146fb95847affebaa93d9,"(18, 28, 9)",uint8
train,Malignant,BreaDM-Ma-2049,train/Malignant/BreaDM-Ma-2049/p-087.npy,6436b3331da16439688545933a8d3abf4ae11da79c7f8ebadaf05d574e6dffb6,"(18, 28, 9)",uint8
train,Malignant,BreaDM-Ma-2049,train/Malignant/BreaDM-Ma-2049/p-088.npy,e777a5264f2fc9130419bef093394fd85bd575514f0a3d79e62b2f47526e8c0d,"(18, 28, 9)",uint8
train,Malignant,BreaDM-Ma-2050,train/Malignant/BreaDM-Ma-2050/p-052.npy,86276a6d9c16f40d53fa2861b31d5cd0f8e358900c054a63bb1f0aed6bf92eb0,"(17, 33, 9)",uint8
train,Malignant,BreaDM-Ma-2050,train/Malignant/BreaDM-Ma-2050/p-053.npy,8791c5c052e150af4f387e0e9ecc80047bd7beebc47fe0e6d6d290a7a6aa6210,"(17, 33, 9)",uint8
train,Malignant,BreaDM-Ma-2050,train/Malignant/BreaDM-Ma-2050/p-054.npy,e13ec70cf1370db1b0fba777618ce1a77e7c3144bc3d3f85f92b2ac3b9177793,"(17, 33, 9)",uint8
train,Malignant,BreaDM-Ma-2050,train/Malignant/BreaDM-Ma-2050/p-055.npy,a32a2bd517ceff766619f54a9e3923152d4917ff4de8e370fa2438851c63174c,"(17, 33, 9)",uint8
train,Malignant,BreaDM-Ma-2050,train/Malignant/BreaDM-Ma-2050/p-056.npy,9c938de8fa4c3a5b50ad5c2c6b4de9a681e8650c7e7508572315803a3b574f34,"(17, 33, 9)",uint8
train,Malignant,BreaDM-Ma-2050,train/Malignant/BreaDM-Ma-2050/p-057.npy,fcf55afd9dff6fb781142e49563c5ab1efb228a7791871d272e03aa9d2615e73,"(17, 33, 9)",uint8
train,Malignant,BreaDM-Ma-2050,train/Malignant/BreaDM-Ma-2050/p-058.npy,2a41a848e1e142129b348cde25906d6293856c0a6ad2dba4ee6145af0a6e88eb,"(17, 33, 9)",uint8
train,Malignant,BreaDM-Ma-2101,train/Malignant/BreaDM-Ma-2101/p-077.npy,4924e81fa9ad8c1a4e1ce7dc01fea7881da4ddb239640df0b4be5251185c7064,"(14, 16, 9)",uint8
train,Malignant,BreaDM-Ma-2101,train/Malignant/BreaDM-Ma-2101/p-078.npy,b8aa07926659ad03a0ff1698d0cb7aecb5e44a1287423a3a2d2834accb5402c8,"(14, 16, 9)",uint8
train,Malignant,BreaDM-Ma-2101,train/Malignant/BreaDM-Ma-2101/p-079.npy,4852ee39cff672ee87397b5d380e4b7cc19854fa80e522b7ca7cc0455c3ca051,"(14, 16, 9)",uint8
train,Malignant,BreaDM-Ma-2101,train/Malignant/BreaDM-Ma-2101/p-080.npy,50512c10b511c7ed6649e7813eba76af4b0197ba2e3f5a1f80d5a69ad8e63c2b,"(14, 16, 9)",uint8
train,Malignant,BreaDM-Ma-2101,train/Malignant/BreaDM-Ma-2101/p-081.npy,a2ea1e9fe4aa721dc3a861e92f01bc270766cc7f9f2755ddfa2ba975b82a81f4,"(14, 16, 9)",uint8
train,Malignant,BreaDM-Ma-2101,train/Malignant/BreaDM-Ma-2101/p-082.npy,652a24990465bcb9626e2f00008fa518c8d9cf5fd1958d8160c2ac80fb649bd2,"(14, 16, 9)",uint8
train,Malignant,BreaDM-Ma-2101,train/Malignant/BreaDM-Ma-2101/p-083.npy,62f42c26cddbd207fb8f2ddef01235e29050908cc15c3834307e31838d9ffbbb,"(14, 16, 9)",uint8
train,Malignant,BreaDM-Ma-2101,train/Malignant/BreaDM-Ma-2101/p-084.npy,59f746961f463aff566af3f68369b87342baeb0b478e416903af06036b9cdff2,"(14, 16, 9)",uint8
train,Malignant,BreaDM-Ma-2101,train/Malignant/BreaDM-Ma-2101/p-085.npy,2cd43b6cb6a6ff50fe1b66f99bbb2d4547a78d76734ea3e6fd9d44ecfd3044af,"(14, 16, 9)",uint8
train,Malignant,BreaDM-Ma-2102,train/Malignant/BreaDM-Ma-2102/p-057.npy,b34c5bafc62eac4b2d13cbf46ecee302d4415993a8b973fce1c9aed40a5bfb1b,"(29, 17, 9)",uint8
train,Malignant,BreaDM-Ma-2102,train/Malignant/BreaDM-Ma-2102/p-058.npy,58f68b48f493b7d2bf3869f5ae7c908672ef15b171f38ac281c814c270195884,"(29, 17, 9)",uint8
train,Malignant,BreaDM-Ma-2102,train/Malignant/BreaDM-Ma-2102/p-059.npy,6c4bbdfcbff44985baff0d00dd3bf9d6295cb57b3864d026424cf2179624e9ed,"(29, 17, 9)",uint8
train,Malignant,BreaDM-Ma-2102,train/Malignant/BreaDM-Ma-2102/p-060.npy,bba2befd4e27a416b009a1235088afeafc61bb35511d480a07508325a9a67f3e,"(29, 17, 9)",uint8
train,Malignant,BreaDM-Ma-2102,train/Malignant/BreaDM-Ma-2102/p-061.npy,d5ddba687257a565e86ced6e6c172e580e1c3a017ac4b9bf0e54fd0f0f027bd7,"(29, 17, 9)",uint8
train,Malignant,BreaDM-Ma-2103,train/Malignant/BreaDM-Ma-2103/p-032.npy,0f62a1dd40137516ce9324216a6662f19b296ce0943cca93a740960f8f26a83b,"(30, 25, 9)",uint8
train,Malignant,BreaDM-Ma-2103,train/Malignant/BreaDM-Ma-2103/p-033.npy,5c2e4be147ce4b3282d171acf465e3ce5a78e7c40d7bd7be3d71b3e2e7fc2f1d,"(30, 25, 9)",uint8
train,Malignant,BreaDM-Ma-2103,train/Malignant/BreaDM-Ma-2103/p-034.npy,0f615cd69a2e5b3e44b832f17cefe027ef4ef988f4fc19bbeb511e30f4a9a950,"(30, 25, 9)",uint8
train,Malignant,BreaDM-Ma-2103,train/Malignant/BreaDM-Ma-2103/p-035.npy,a21505c215d9a2b9ec557c54e25d05c1afd5c97c087e4305c5ce38548108c19b,"(30, 25, 9)",uint8
train,Malignant,BreaDM-Ma-2103,train/Malignant/BreaDM-Ma-2103/p-036.npy,b382d50fd0824faff5fdb80a7f464f8fa9501c3c90acccddfcc0060717995ffd,"(30, 25, 9)",uint8
train,Malignant,BreaDM-Ma-2103,train/Malignant/BreaDM-Ma-2103/p-037.npy,c4f73313badeda3372829047f14ac9bce6bf79a62890475d2281e04d7a45a74c,"(30, 25, 9)",uint8
train,Malignant,BreaDM-Ma-2103,train/Malignant/BreaDM-Ma-2103/p-038.npy,e9ae6615bef269eb4700942ff20d0cdece2f5fbed580ec58e924137fc41e359c,"(30, 25, 9)",uint8
train,Malignant,BreaDM-Ma-2103,train/Malignant/BreaDM-Ma-2103/p-039.npy,789943232c3109f0bdfd5e736643b4b62da5ff3553b448d09e0ff5f1f92df04c,"(30, 25, 9)",uint8
train,Malignant,BreaDM-Ma-2103,train/Malignant/BreaDM-Ma-2103/p-040.npy,72c9355b5bbd748cbdce345268ba72af0d91036e7c98cc5cf721c8fa433b52b6,"(30, 25, 9)",uint8
train,Malignant,BreaDM-Ma-2103,train/Malignant/BreaDM-Ma-2103/p-041.npy,9cb59f7bf4d2a9a295db78335f7aedf5a925b22d055e8184851856dfd01f38ae,"(30, 25, 9)",uint8
train,Malignant,BreaDM-Ma-2103,train/Malignant/BreaDM-Ma-2103/p-042.npy,898d357f6efb72202eb021149cd3927522146970329c41e705b3bc0f7200488e,"(30, 25, 9)",uint8
train,Malignant,BreaDM-Ma-2103,train/Malignant/BreaDM-Ma-2103/p-043.npy,32b71718ca68dad63e6a42ab8301fa1087372ba47eaabc191c921eb5f84625ed,"(30, 25, 9)",uint8
train,Malignant,BreaDM-Ma-2103,train/Malignant/BreaDM-Ma-2103/p-044.npy,3cb8aa66e912aa597485a60671fa40ea55fb427a9dcdf2a20a7505dbf22acdde,"(30, 25, 9)",uint8
train,Malignant,BreaDM-Ma-2103,train/Malignant/BreaDM-Ma-2103/p-045.npy,60a50d6b79736642b03d4dbb372216e7178050ef6d09e5b341db2bdaa7066168,"(30, 25, 9)",uint8
train,Malignant,BreaDM-Ma-2103,train/Malignant/BreaDM-Ma-2103/p-046.npy,f034e4407b4ff0ab371d25ec45872d2677fe45e613004e2aea86194ce582f7ce,"(30, 25, 9)",uint8
train,Malignant,BreaDM-Ma-2104,train/Malignant/BreaDM-Ma-2104/p-027.npy,d8d47cf28bb3abe0687ab7365ec6c93dcf0f3c0127e7453a3f485b368afa5124,"(42, 23, 9)",uint8
train,Malignant,BreaDM-Ma-2104,train/Malignant/BreaDM-Ma-2104/p-028.npy,29a6079295b9f5ae8569304080035f3d449eff52ed6da4d99e70f1331cde47a4,"(42, 23, 9)",uint8
train,Malignant,BreaDM-Ma-2104,train/Malignant/BreaDM-Ma-2104/p-029.npy,d0f9ab41db874e3c2368c8df673a8e3ef42aa7fc6e12990bdb36a0cbf32b430f,"(42, 23, 9)",uint8
train,Malignant,BreaDM-Ma-2104,train/Malignant/BreaDM-Ma-2104/p-030.npy,aa5c11444f9cf742f4438a5289025397a0aca1b3c2f983e7028c9d0b0d93a2bd,"(42, 23, 9)",uint8
train,Malignant,BreaDM-Ma-2104,train/Malignant/BreaDM-Ma-2104/p-031.npy,61dcfa446f2870a5b57052d059a4c828c3198508e80708285d8e5f3a3bf109e0,"(42, 23, 9)",uint8
train,Malignant,BreaDM-Ma-2104,train/Malignant/BreaDM-Ma-2104/p-032.npy,9ebd273b18e66f0d7c9e9b936f8dac0215b8ce548231681fa5f40ba1ed750d1c,"(42, 23, 9)",uint8
train,Malignant,BreaDM-Ma-2104,train/Malignant/BreaDM-Ma-2104/p-033.npy,a220a35f4be4c9c0ff2fe042e0cc02186f6b0d9c8a0be157fbacc9e157f36b07,"(42, 23, 9)",uint8
train,Malignant,BreaDM-Ma-2104,train/Malignant/BreaDM-Ma-2104/p-034.npy,7f7175bc2339a47d14a99155080fcbdb8b9ec80ff7f03646b429133b9bbc5609,"(42, 23, 9)",uint8
train,Malignant,BreaDM-Ma-2104,train/Malignant/BreaDM-Ma-2104/p-035.npy,2b58878a50e7682b75181507f4f579db7f06979a88b235612e56f45d1fec8249,"(42, 23, 9)",uint8
train,Malignant,BreaDM-Ma-2105,train/Malignant/BreaDM-Ma-2105/p-057.npy,75c68951726f1a16b352fbf33ee01142f1a54dcd4979a45b02965e91b4892889,"(14, 12, 9)",uint8
train,Malignant,BreaDM-Ma-2105,train/Malignant/BreaDM-Ma-2105/p-058.npy,507e343299d53e3bf6b3b22ef342cb42d53983d0bf9db9d7d64c288caca4358c,"(14, 12, 9)",uint8
train,Malignant,BreaDM-Ma-2105,train/Malignant/BreaDM-Ma-2105/p-059.npy,e7446b012ab0c270c916155c54e8b91e2d7dbfd6f551bce1c8e756dc5658c98b,"(14, 12, 9)",uint8
train,Malignant,BreaDM-Ma-2105,train/Malignant/BreaDM-Ma-2105/p-060.npy,8a3e8ca1b6a7253c746e5919f57359a2b6f6dff89c148afa13e2523cc0dfc11f,"(14, 12, 9)",uint8
train,Malignant,BreaDM-Ma-2105,train/Malignant/BreaDM-Ma-2105/p-061.npy,fc64a66b016f1749b44e492186ff75244bceaae2b85d0373511ca7b40e4acda5,"(14, 12, 9)",uint8
train,Malignant,BreaDM-Ma-2105,train/Malignant/BreaDM-Ma-2105/p-062.npy,dcca27781c5fbe71f94171b7431befb2b7ec4b0f6cd7e0751b111da3274fd63a,"(14, 12, 9)",uint8
train,Malignant,BreaDM-Ma-2105,train/Malignant/BreaDM-Ma-2105/p-063.npy,e774811132c99ced1c7f96e96aa239901282fd4d8cd05531d7b6db4229a0869b,"(14, 12, 9)",uint8
train,Malignant,BreaDM-Ma-2106,train/Malignant/BreaDM-Ma-2106/p-067.npy,0adc801bdaf01eea29f0226e096b5fbf99e09f1ea7f9333875ffefd70cdf450b,"(30, 26, 9)",uint8
train,Malignant,BreaDM-Ma-2106,train/Malignant/BreaDM-Ma-2106/p-068.npy,ddb114a09e86009c9335a82565a403b569e57bbcff3bd521a11991f998c95817,"(30, 26, 9)",uint8
train,Malignant,BreaDM-Ma-2106,train/Malignant/BreaDM-Ma-2106/p-069.npy,ddddfc8510f3467f359231cec2adf010b24d38343e49920fd41b9316046f7e8d,"(30, 26, 9)",uint8
train,Malignant,BreaDM-Ma-2106,train/Malignant/BreaDM-Ma-2106/p-070.npy,fdbccad35b6b603ca11012a79b1d256e750516a292fc53df6a3eae4e7ccac206,"(30, 26, 9)",uint8
train,Malignant,BreaDM-Ma-2106,train/Malignant/BreaDM-Ma-2106/p-071.npy,5a8b09f67eb9ddbb5f48911b51d8fd5222a884cafcb2515a8daf73f6d0600175,"(30, 26, 9)",uint8
train,Malignant,BreaDM-Ma-2106,train/Malignant/BreaDM-Ma-2106/p-072.npy,2a921129ffcca31c56fb8613af102f7f12f71cd84328119aabaac10ccc92d5de,"(30, 26, 9)",uint8
train,Malignant,BreaDM-Ma-2106,train/Malignant/BreaDM-Ma-2106/p-073.npy,7eddb51b6dfb2f23adaa5525de5cdb2ca6ddd764d9d7f640ea17be55dc487a8c,"(30, 26, 9)",uint8
train,Malignant,BreaDM-Ma-2106,train/Malignant/BreaDM-Ma-2106/p-074.npy,967bdf494d1d5f1a0d5841081d5fa95b96dab483531269a68fc60bcd5b22723d,"(30, 26, 9)",uint8
train,Malignant,BreaDM-Ma-2106,train/Malignant/BreaDM-Ma-2106/p-075.npy,110b12f8270e62feb8e85b06a6b618258e137a2622f8bbeb0b65ffc4e4b8b32f,"(30, 26, 9)",uint8
train,Malignant,BreaDM-Ma-2106,train/Malignant/BreaDM-Ma-2106/p-076.npy,4eed3577f5f7595bb3f97c0d82bc4d060918eb239e54b39f6129347da81b598b,"(30, 26, 9)",uint8
train,Malignant,BreaDM-Ma-2106,train/Malignant/BreaDM-Ma-2106/p-077.npy,33e2221e10efb98922a6f5b78ee4b29e7d3abce1f13084165be85fdf89905720,"(30, 26, 9)",uint8
train,Malignant,BreaDM-Ma-2110,train/Malignant/BreaDM-Ma-2110/p-046.npy,31ac7e2e558de6a057c0e6615914124dc55fb2db17727a88b18a96e15927891a,"(32, 25, 9)",uint8
train,Malignant,BreaDM-Ma-2110,train/Malignant/BreaDM-Ma-2110/p-047.npy,c9c575785a959ae1f3876003afd653a36bdd34820e179d190e6bd0b200a7a04d,"(32, 25, 9)",uint8
train,Malignant,BreaDM-Ma-2110,train/Malignant/BreaDM-Ma-2110/p-048.npy,806d2b335894498f9a69197ce6156c6a9f34b5d87a16cbf2b70a757b0a62cf84,"(32, 25, 9)",uint8
train,Malignant,BreaDM-Ma-2110,train/Malignant/BreaDM-Ma-2110/p-049.npy,6676bbf97ccd6439385855123d0d22db43a539f9654a29d00a27b119e7080f7a,"(32, 25, 9)",uint8
train,Malignant,BreaDM-Ma-2110,train/Malignant/BreaDM-Ma-2110/p-050.npy,e4f05a80360171210cbe9df9c4ca4e92aa74030f3669fdcda6851aa08ac0b380,"(32, 25, 9)",uint8
train,Malignant,BreaDM-Ma-2110,train/Malignant/BreaDM-Ma-2110/p-051.npy,de9056b70eeacff3d896796b9e42a41bac42c2b438691f8ec2050d82f84374d0,"(32, 25, 9)",uint8
train,Malignant,BreaDM-Ma-2110,train/Malignant/BreaDM-Ma-2110/p-052.npy,4121514cc51dccfe820962f5842d38ada82125046b6d196166d7ad2d49f826bb,"(32, 25, 9)",uint8
train,Malignant,BreaDM-Ma-2110,train/Malignant/BreaDM-Ma-2110/p-053.npy,de8601377ba965f0f9bd6aea6148bbe1b83bc51ad02f6d67ed8711a18e2472e9,"(32, 25, 9)",uint8
train,Malignant,BreaDM-Ma-2110,train/Malignant/BreaDM-Ma-2110/p-054.npy,eb6df3c72ee25051367c8de6624cbb7475094d83184ced69d8ba96864d8e3c9a,"(32, 25, 9)",uint8
train,Malignant,BreaDM-Ma-2110,train/Malignant/BreaDM-Ma-2110/p-055.npy,e98935ffca8978a4b9755ad594110ce6b6bf6f193c7ee3dba683f427e8e0a308,"(32, 25, 9)",uint8
train,Malignant,BreaDM-Ma-2110,train/Malignant/BreaDM-Ma-2110/p-056.npy,f0b389b152fadb219824525212fa9ee28488de5b28e86a0775ddf4d83f2dc732,"(32, 25, 9)",uint8
train,Malignant,BreaDM-Ma-2110,train/Malignant/BreaDM-Ma-2110/p-057.npy,9f7dc97fc809dae471835631e166cf3a460775cd594f73597411764cea3ec6a4,"(32, 25, 9)",uint8
train,Malignant,BreaDM-Ma-2111,train/Malignant/BreaDM-Ma-2111/p-047.npy,74d226f57eb892a6b1568be1ef943903d1ecadc94a09321fccc1d1f6b9c80458,"(27, 20, 9)",uint8
train,Malignant,BreaDM-Ma-2111,train/Malignant/BreaDM-Ma-2111/p-048.npy,6aa133fde79f6d82eb5421ec1b5acab94e712104509b5296105521bef9c64bdd,"(27, 20, 9)",uint8
train,Malignant,BreaDM-Ma-2111,train/Malignant/BreaDM-Ma-2111/p-049.npy,42ee07ec503d90adb5c46ac46cdfd570e734e7727450cdd4b67d56bbfe788552,"(27, 20, 9)",uint8
train,Malignant,BreaDM-Ma-2111,train/Malignant/BreaDM-Ma-2111/p-050.npy,f012c7e63e2890dc451f2477c5c78e2bf4c5de5286efb4df94598d7b28b4ef6b,"(27, 20, 9)",uint8
train,Malignant,BreaDM-Ma-2111,train/Malignant/BreaDM-Ma-2111/p-051.npy,a42f06251af0c684019c61d54f90ea53179eadeb5696d34944fa3ead16d27db0,"(27, 20, 9)",uint8
train,Malignant,BreaDM-Ma-2111,train/Malignant/BreaDM-Ma-2111/p-052.npy,1ad2b3e23189c8bebf5a8bcbc243ad15c0519398285cf58b98a4b33eb8d23b5d,"(27, 20, 9)",uint8
train,Malignant,BreaDM-Ma-2111,train/Malignant/BreaDM-Ma-2111/p-053.npy,f9ea3e4dec08e4c9da37e94bd1898134ade780de005fa7e61cb8fde9b9cff7ee,"(27, 20, 9)",uint8
train,Malignant,BreaDM-Ma-2113,train/Malignant/BreaDM-Ma-2113/p-044.npy,7d53a8396cd6b7c591ce00891c43899b1abc6b95b6e309abf748a4c4dfd53f8a,"(23, 35, 9)",uint8
train,Malignant,BreaDM-Ma-2113,train/Malignant/BreaDM-Ma-2113/p-045.npy,c40b2d776ebde05961e4b204b621a616683424596917b57ce12d27fac4d76d42,"(23, 35, 9)",uint8
train,Malignant,BreaDM-Ma-2113,train/Malignant/BreaDM-Ma-2113/p-046.npy,0aa85f680c0734991243381294f3a71f90024f8fbc7be07ef02e47baa5537775,"(23, 35, 9)",uint8
train,Malignant,BreaDM-Ma-2113,train/Malignant/BreaDM-Ma-2113/p-047.npy,597fded794cb4896fb6c4f42135a25124b643364b3f9e39596aa8a6dc458c9a9,"(23, 35, 9)",uint8
train,Malignant,BreaDM-Ma-2113,train/Malignant/BreaDM-Ma-2113/p-048.npy,5bd779be087edb805dd50a7144bfbedd24e113d38e8054d33e9f575f2502d21f,"(23, 35, 9)",uint8
train,Malignant,BreaDM-Ma-2113,train/Malignant/BreaDM-Ma-2113/p-049.npy,04ae907c71961c3cea92c220dadf45837ffed67176302af81123a7325ee19ff9,"(23, 35, 9)",uint8
train,Malignant,BreaDM-Ma-2113,train/Malignant/BreaDM-Ma-2113/p-050.npy,55b0332bb2baab6fb7e7dcb61f954eb9124c2a7496e3262f38a90dab182952ba,"(23, 35, 9)",uint8
train,Malignant,BreaDM-Ma-2114,train/Malignant/BreaDM-Ma-2114/p-034.npy,d7b5cb5954294a42a9d88a603607e21fa306d54c15b6798c277529918175b4d3,"(23, 31, 9)",uint8
train,Malignant,BreaDM-Ma-2114,train/Malignant/BreaDM-Ma-2114/p-035.npy,400acb9203618fae7a9c6aa34e7836f923f4da2503cbeaa5e5b9c122a7dc3632,"(23, 31, 9)",uint8
train,Malignant,BreaDM-Ma-2114,train/Malignant/BreaDM-Ma-2114/p-036.npy,90305b88d5f3d63c1148de595a242787c86b2e730f5748e7dd2a8787018e8ac6,"(23, 31, 9)",uint8
train,Malignant,BreaDM-Ma-2114,train/Malignant/BreaDM-Ma-2114/p-037.npy,f9ea44f0bde882d8bf954778fe41fa21ee2ace3b3bb0f35ccccc296de5e3dd21,"(23, 31, 9)",uint8
train,Malignant,BreaDM-Ma-2114,train/Malignant/BreaDM-Ma-2114/p-038.npy,d9abed5564511fbdf6c608b5c5420b509aad6a635b63bc0e2a8dfb54801022eb,"(23, 31, 9)",uint8
train,Malignant,BreaDM-Ma-2114,train/Malignant/BreaDM-Ma-2114/p-039.npy,fdda768da8c704fbdc83670b588ed85dc8910567e67d44ecb76cfd659ec99e25,"(23, 31, 9)",uint8
train,Malignant,BreaDM-Ma-2114,train/Malignant/BreaDM-Ma-2114/p-040.npy,723e11f8d4467e2a2c621e463fd014b5acf3d9f6e8fe88d5edbaba9e410c5b88,"(23, 31, 9)",uint8
train,Malignant,BreaDM-Ma-2115,train/Malignant/BreaDM-Ma-2115/p-044.npy,26afa5a7bfe13ebef3ec7e3d17c08a3ef122a5f5c646e5074680e365089aa0c2,"(21, 26, 9)",uint8
train,Malignant,BreaDM-Ma-2115,train/Malignant/BreaDM-Ma-2115/p-045.npy,eda69988cf6ba245ea580a2b5094f65ecc849cea982d7963a326c46b1f543506,"(21, 26, 9)",uint8
train,Malignant,BreaDM-Ma-2115,train/Malignant/BreaDM-Ma-2115/p-046.npy,49d9bf9287e9069c2a5f88a1db5045199a24ec180f00fd0091d99307ef083582,"(21, 26, 9)",uint8
train,Malignant,BreaDM-Ma-2115,train/Malignant/BreaDM-Ma-2115/p-047.npy,ab4c68c93b5725353df2d183fd3fc6c11ed5171e03c45558303d3138f369de91,"(21, 26, 9)",uint8
train,Malignant,BreaDM-Ma-2115,train/Malignant/BreaDM-Ma-2115/p-048.npy,1770b1818b1b997eca58b316987ec668ae604e82f6a809f39f9f29da57fba719,"(21, 26, 9)",uint8
train,Malignant,BreaDM-Ma-2115,train/Malignant/BreaDM-Ma-2115/p-049.npy,2773df9a8f49256b7afdf078870785cd5c79c97a0f1b05de62baa8f0fbfc3424,"(21, 26, 9)",uint8
train,Malignant,BreaDM-Ma-2115,train/Malignant/BreaDM-Ma-2115/p-050.npy,b2c6036441b1e294e7bfbedfd3bb8bdb306500aeb0c78d99b5da2e853ec1f6eb,"(21, 26, 9)",uint8
train,Malignant,BreaDM-Ma-2115,train/Malignant/BreaDM-Ma-2115/p-051.npy,383d8b91ac52a31838aab219c3887f59c634ea0be6ca198e5017e5ec8a94cbb3,"(21, 26, 9)",uint8
train,Malignant,BreaDM-Ma-2115,train/Malignant/BreaDM-Ma-2115/p-052.npy,359084adf75a97e0658941ffa98d785949fff898bff80e678d55c6948965c379,"(21, 26, 9)",uint8
train,Malignant,BreaDM-Ma-2115,train/Malignant/BreaDM-Ma-2115/p-053.npy,ad32ba99450a66463ec12bd8f2d607bc9c88e453e4fcc424310f2fa7c8ff5844,"(21, 26, 9)",uint8
train,Malignant,BreaDM-Ma-2115,train/Malignant/BreaDM-Ma-2115/p-054.npy,d75b3ff0877d3bff42654097095170134d75cbb20a2a6ec59f39f210563ccb80,"(21, 26, 9)",uint8
train,Malignant,BreaDM-Ma-2115,train/Malignant/BreaDM-Ma-2115/p-055.npy,233b226fb9c9cdb56640b4bd0d5777671f98b429d673c07d3f945999ac9700c1,"(21, 26, 9)",uint8
train,Malignant,BreaDM-Ma-2115,train/Malignant/BreaDM-Ma-2115/p-056.npy,8c55d7239e2cc7bc75112b75ab82bcf714a9601335c14f16f289cfd8e37b3211,"(21, 26, 9)",uint8
train,Malignant,BreaDM-Ma-2115,train/Malignant/BreaDM-Ma-2115/p-057.npy,6ab0f86e3df46616e45a128a2b2f52f71f836ac345296575541a82c8131cd0d6,"(21, 26, 9)",uint8
train,Malignant,BreaDM-Ma-2117,train/Malignant/BreaDM-Ma-2117/p-084.npy,ee1ccc8d608fca39aed49644b0aeb4906d3ae971c49ddb6f9d40e67657b485ca,"(14, 21, 9)",uint8
train,Malignant,BreaDM-Ma-2117,train/Malignant/BreaDM-Ma-2117/p-085.npy,5be1d1173102fabc4eb362dea306666a9e8ad29e41239ae1b8b4a7359467753d,"(14, 21, 9)",uint8
train,Malignant,BreaDM-Ma-2117,train/Malignant/BreaDM-Ma-2117/p-086.npy,8e511ecfddf7921723c90355e947cc4b2d4869e30855e312dcd6abbf11cdc49b,"(14, 21, 9)",uint8
train,Malignant,BreaDM-Ma-2117,train/Malignant/BreaDM-Ma-2117/p-087.npy,7b49770f07216cae4946a674661ec657bb6d7f14c7d078157bdd00ee950df6e0,"(14, 21, 9)",uint8
train,Malignant,BreaDM-Ma-2119,train/Malignant/BreaDM-Ma-2119/p-033.npy,f4657b945950ce4a296c69dd0878efc4abe2ec52b7a5d7164f09caf4160cd4f8,"(13, 18, 9)",uint8
train,Malignant,BreaDM-Ma-2119,train/Malignant/BreaDM-Ma-2119/p-034.npy,47e7f8feffd9d7c0d6adbdfc0468ac8520d1be10146e8cf959e870b3bbb510fd,"(13, 18, 9)",uint8
train,Malignant,BreaDM-Ma-2119,train/Malignant/BreaDM-Ma-2119/p-035.npy,ba204269016498cf92b7a87afc0b97824848dce787452fc2674f86ffc6287585,"(13, 18, 9)",uint8
train,Malignant,BreaDM-Ma-2119,train/Malignant/BreaDM-Ma-2119/p-036.npy,723811e19aa2f7d4825234c89078ca83c301e2aa05fa0384054e766ddfe55076,"(13, 18, 9)",uint8
train,Malignant,BreaDM-Ma-2119,train/Malignant/BreaDM-Ma-2119/p-037.npy,398c421113e16fe544342db1e8c75fccc4edb29d72a04fbf2feaf46ca54f7323,"(13, 18, 9)",uint8
train,Malignant,BreaDM-Ma-2119,train/Malignant/BreaDM-Ma-2119/p-038.npy,4226fca7e77253ed12ee6e34f6211c88143f64f62fabe3cffd6bc2ccdcdf182e,"(13, 18, 9)",uint8
train,Malignant,BreaDM-Ma-2120,train/Malignant/BreaDM-Ma-2120/p-046.npy,3a731fa5181fbc6046d1309908d33a88bffe0cbe9e90a294e025eae8c12f88f6,"(14, 15, 9)",uint8
train,Malignant,BreaDM-Ma-2120,train/Malignant/BreaDM-Ma-2120/p-047.npy,3eea0a2cb9ea119cd36bc0355f7b18a11b1e2b2b99c2faa756f5524e624dcbc2,"(14, 15, 9)",uint8
train,Malignant,BreaDM-Ma-2120,train/Malignant/BreaDM-Ma-2120/p-048.npy,9f4967260cb20e888d02089102718bca73b44da79cc478edf52a842a6c175277,"(14, 15, 9)",uint8
train,Malignant,BreaDM-Ma-2120,train/Malignant/BreaDM-Ma-2120/p-049.npy,5343d0179327c5523bea9067e342d230ef6c9e25a976b90e6367e616e313df36,"(14, 15, 9)",uint8
train,Malignant,BreaDM-Ma-2121,train/Malignant/BreaDM-Ma-2121/p-032.npy,501c435f4a93a9cd33e8319dca68cbdbe27708e2f09d5b24a3508d9fa125da4d,"(18, 18, 9)",uint8
train,Malignant,BreaDM-Ma-2121,train/Malignant/BreaDM-Ma-2121/p-033.npy,2046a371a70aea0f490ee96b15be1ef43081f729a79285afb219eaf5a4256822,"(18, 18, 9)",uint8
train,Malignant,BreaDM-Ma-2121,train/Malignant/BreaDM-Ma-2121/p-034.npy,dc6c1af6354be9c13ebfac74f9c767d10cd41d3d8f26a7daacd05377bbae0fcb,"(18, 18, 9)",uint8
train,Malignant,BreaDM-Ma-2121,train/Malignant/BreaDM-Ma-2121/p-035.npy,c6814c2e675d85c4c77c2f800effdd9c0fd0423c6962c3a10e9ad7d4b38773d8,"(18, 18, 9)",uint8
train,Malignant,BreaDM-Ma-2121,train/Malignant/BreaDM-Ma-2121/p-036.npy,49100fdeb89b7537127564634cf71a7a54cd71143f0740ccc9ca584cd48ce753,"(18, 18, 9)",uint8
train,Malignant,BreaDM-Ma-2121,train/Malignant/BreaDM-Ma-2121/p-037.npy,90db697a5269f79210e9b5bf08d3ed1af9c0c8b06da00dc861eb46bf2d667d5b,"(18, 18, 9)",uint8
train,Malignant,BreaDM-Ma-2121,train/Malignant/BreaDM-Ma-2121/p-038.npy,218340c059dfb738308d745262004e0617ecf18c49b1127b5b02d56d87dbb5b4,"(18, 18, 9)",uint8
train,Malignant,BreaDM-Ma-2121,train/Malignant/BreaDM-Ma-2121/p-039.npy,97ee26e401737b95fea5b3b462722ead1095a007661963348c5ce6b5b0d917b7,"(18, 18, 9)",uint8
train,Malignant,BreaDM-Ma-2121,train/Malignant/BreaDM-Ma-2121/p-040.npy,03aadeaad8b3b30fef9789bd03a7a450963c507979c0e311010b11a4dffc85c1,"(18, 18, 9)",uint8
train,Malignant,BreaDM-Ma-2121,train/Malignant/BreaDM-Ma-2121/p-041.npy,029e4a52d6c65d5eb7f2efe71f383e01db3793f3feb6b1bf26c146562a2a468c,"(18, 18, 9)",uint8
train,Malignant,BreaDM-Ma-2123,train/Malignant/BreaDM-Ma-2123/p-039.npy,da42743e7482d2ee2228356b1f1ea0977050c878641dce7f7310902d1be831e2,"(27, 29, 9)",uint8
train,Malignant,BreaDM-Ma-2123,train/Malignant/BreaDM-Ma-2123/p-040.npy,b55b0880d396088d246e3baeebc8c70f17d07fc410fe52a903fe7c46b12e429e,"(27, 29, 9)",uint8
train,Malignant,BreaDM-Ma-2123,train/Malignant/BreaDM-Ma-2123/p-041.npy,088d79c3869d6f904f8b7a8e31ba7e5842a0c11949cd86f8f0bf6c9759d837f3,"(27, 29, 9)",uint8
train,Malignant,BreaDM-Ma-2123,train/Malignant/BreaDM-Ma-2123/p-042.npy,d5685e46ef271954ccd9ea94f7acbb7ce0c910eeabeb8aa217f013463801f318,"(27, 29, 9)",uint8
train,Malignant,BreaDM-Ma-2124,train/Malignant/BreaDM-Ma-2124/p-019.npy,5f7072fe0919f8eb9743d4c29b04576c48b7c595adfc45952651c1197c327a70,"(48, 21, 9)",uint8
train,Malignant,BreaDM-Ma-2124,train/Malignant/BreaDM-Ma-2124/p-020.npy,a60b86e4cdd1ceca6a8b78b0c52d3ff859956792eb9e82691c5a296797fd4fca,"(48, 21, 9)",uint8
train,Malignant,BreaDM-Ma-2124,train/Malignant/BreaDM-Ma-2124/p-021.npy,a236382a5cc1da7499a84097e73769d8c00a1cf05a8a17781304f011b7f4f296,"(48, 21, 9)",uint8
train,Malignant,BreaDM-Ma-2124,train/Malignant/BreaDM-Ma-2124/p-022.npy,b9a6ca520ff4cdb0a167009a157611fe0d18e1a523fe96d49cf0b78dc8f0145b,"(48, 21, 9)",uint8
train,Malignant,BreaDM-Ma-2124,train/Malignant/BreaDM-Ma-2124/p-023.npy,ad826b0ebcb8e38f81f5db18542d6128587808297f979109bb81fb1874618b07,"(48, 21, 9)",uint8
train,Malignant,BreaDM-Ma-2124,train/Malignant/BreaDM-Ma-2124/p-024.npy,1640ca9798c80698cc98ca4767be4474e6ad45151a69a7ac147e999381c4d41b,"(48, 21, 9)",uint8
train,Malignant,BreaDM-Ma-2124,train/Malignant/BreaDM-Ma-2124/p-025.npy,a3b8a8501fc58ec4d302d9e9e685430d8b1f03d3f0fea01c8f355194f009d6e5,"(48, 21, 9)",uint8
train,Malignant,BreaDM-Ma-2127,train/Malignant/BreaDM-Ma-2127/p-046.npy,ad46f1361be7e4bc37863f480ae00ffcfd39bafbd45d5d2cb680b39ff41d1386,"(26, 35, 9)",uint8
train,Malignant,BreaDM-Ma-2127,train/Malignant/BreaDM-Ma-2127/p-047.npy,fc57b9dd0f9f1953948740353326375645b88384446cbcb1601d558984353cd4,"(26, 35, 9)",uint8
train,Malignant,BreaDM-Ma-2127,train/Malignant/BreaDM-Ma-2127/p-048.npy,6b97b02e8ea85114ebe77915ee73aa92880d306b4632c02ba9beb22ddf6b37cc,"(26, 35, 9)",uint8
train,Malignant,BreaDM-Ma-2127,train/Malignant/BreaDM-Ma-2127/p-049.npy,a0b0cc23aaae4afa6769c7a44d0ce2270a5e4a982ed8763c70f2a5ef10cfe825,"(26, 35, 9)",uint8
train,Malignant,BreaDM-Ma-2127,train/Malignant/BreaDM-Ma-2127/p-050.npy,07fd56e0debb4a5ce412d7079552ddd519c75376456cbb7f4eb9302a4a4f7d79,"(26, 35, 9)",uint8
train,Malignant,BreaDM-Ma-2127,train/Malignant/BreaDM-Ma-2127/p-051.npy,d39dc12075b29c98ae467bb7df8110da5be09db265de0c3d674ee964f257e4e9,"(26, 35, 9)",uint8
train,Malignant,BreaDM-Ma-2127,train/Malignant/BreaDM-Ma-2127/p-052.npy,f6c08063ef66ba8d872149ef2e31bb8fff8ddc4aa60bd0d1c3078668b4667a70,"(26, 35, 9)",uint8
train,Malignant,BreaDM-Ma-2127,train/Malignant/BreaDM-Ma-2127/p-053.npy,369741f1da1524a8b1a303824da176fc4e042a4149fd4fdbfec619b3ff446e36,"(26, 35, 9)",uint8
train,Malignant,BreaDM-Ma-2127,train/Malignant/BreaDM-Ma-2127/p-054.npy,352d1d4940925f3d7ee3b23ca7bcdd6dd737e9139122dac08620a6ad03471e9e,"(26, 35, 9)",uint8
train,Malignant,BreaDM-Ma-2127,train/Malignant/BreaDM-Ma-2127/p-055.npy,a089c165ff11638287a4c654342394ae795f652d0849f00d8d002e93de4541c1,"(26, 35, 9)",uint8
train,Malignant,BreaDM-Ma-2128,train/Malignant/BreaDM-Ma-2128/p-037.npy,ba9db450502248861f7842a61a7ee6d9505937bd946249f33ba9c2fed9b999ae,"(21, 26, 9)",uint8
train,Malignant,BreaDM-Ma-2128,train/Malignant/BreaDM-Ma-2128/p-038.npy,dfdb571b5bdaead689e7e5ae96f9acb12b597f45a6919804e96faec0fdc1e796,"(21, 26, 9)",uint8
train,Malignant,BreaDM-Ma-2128,train/Malignant/BreaDM-Ma-2128/p-039.npy,ee041a8b891af737ef1893d2c0f683806ee2515d3201eb31c2c8246af1d345eb,"(21, 26, 9)",uint8
train,Malignant,BreaDM-Ma-2128,train/Malignant/BreaDM-Ma-2128/p-040.npy,6dcfa933b89354da934a00d79b00f50586e1192ec51deb0232b63d13703d788e,"(21, 26, 9)",uint8
train,Malignant,BreaDM-Ma-2128,train/Malignant/BreaDM-Ma-2128/p-041.npy,9e8ebad067056d4eb1b356c323b4e96860cc281397266f2213e2e13db8d31d66,"(21, 26, 9)",uint8
train,Malignant,BreaDM-Ma-2128,train/Malignant/BreaDM-Ma-2128/p-042.npy,aac18b3247640a14e1f850d1910d6e13d9be9f5e0ab0a5482304f0315123adf7,"(21, 26, 9)",uint8
train,Malignant,BreaDM-Ma-2128,train/Malignant/BreaDM-Ma-2128/p-043.npy,c00ff5c980d92ca71287dde5ffa4ab1db63447e135e65140bb7d4853be67d5ee,"(21, 26, 9)",uint8
train,Malignant,BreaDM-Ma-2128,train/Malignant/BreaDM-Ma-2128/p-044.npy,fa7065a0bcab41edfca0d453bfdf8aa1b8ea2f99edfd7f017eaaf965c0732609,"(21, 26, 9)",uint8
train,Malignant,BreaDM-Ma-2128,train/Malignant/BreaDM-Ma-2128/p-045.npy,cbf2a3ac87389b9a5cbb9440a7a54a99eee47872c9399046fea94c5f988c6d6e,"(21, 26, 9)",uint8
train,Malignant,BreaDM-Ma-2128,train/Malignant/BreaDM-Ma-2128/p-046.npy,39367d2fdfc76414713b791401f75c1ecb3fd479bf70d1920b358a8b50a5256e,"(21, 26, 9)",uint8
train,Malignant,BreaDM-Ma-2128,train/Malignant/BreaDM-Ma-2128/p-047.npy,22cdae82913e807514195644e4b51d68f4adbdd0f840a39731f2920dd27f7cb2,"(21, 26, 9)",uint8
train,Malignant,BreaDM-Ma-2128,train/Malignant/BreaDM-Ma-2128/p-048.npy,780374041fe54977e44321c43a8925986a4ac5765ed129ef91ab8468f091bd04,"(21, 26, 9)",uint8
train,Malignant,BreaDM-Ma-2128,train/Malignant/BreaDM-Ma-2128/p-049.npy,974814f30ad3b683a0323b00b453b26cb414d260e5b7221a68d807304b51f2c0,"(21, 26, 9)",uint8
train,Malignant,BreaDM-Ma-2128,train/Malignant/BreaDM-Ma-2128/p-050.npy,2c7da5c63572d25742e0c79604a15c49615ffac34690377f1f2ad914b07a545e,"(21, 26, 9)",uint8
train,Malignant,BreaDM-Ma-2128,train/Malignant/BreaDM-Ma-2128/p-051.npy,5cba324427c10da2ece95a228cccd92946014a6b6b4d96bda2a9ac5698c945d0,"(21, 26, 9)",uint8
train,Malignant,BreaDM-Ma-2128,train/Malignant/BreaDM-Ma-2128/p-052.npy,3679b260c76842420a6ee0f6256d58e9908af7c4f932462012dc739f2d1e434d,"(21, 26, 9)",uint8
train,Malignant,BreaDM-Ma-2129,train/Malignant/BreaDM-Ma-2129/p-036.npy,620c3297d346532cb9e0b6683b49991fe84c756f7a50fa61428a3452e1ed73ac,"(12, 14, 9)",uint8
train,Malignant,BreaDM-Ma-2129,train/Malignant/BreaDM-Ma-2129/p-037.npy,d0f9cf9619c1fb4561f51d8d3a6af2695c86c58797997107d99dff37fa5d7b0e,"(12, 14, 9)",uint8
train,Malignant,BreaDM-Ma-2129,train/Malignant/BreaDM-Ma-2129/p-038.npy,365136d2d01594b73dd799b9763502987edfde9fb13c3fda512c4c56378ac7cd,"(12, 14, 9)",uint8
train,Malignant,BreaDM-Ma-2129,train/Malignant/BreaDM-Ma-2129/p-039.npy,d05f7676879decde15a7144fe024597b9dec778042954620aee7d4efdc2c6ab9,"(12, 14, 9)",uint8
train,Malignant,BreaDM-Ma-2129,train/Malignant/BreaDM-Ma-2129/p-040.npy,1664336844b8c92bd2293026f3af7db65d7b26491cd5ac4ff22f8050624bea99,"(12, 14, 9)",uint8
train,Malignant,BreaDM-Ma-2129,train/Malignant/BreaDM-Ma-2129/p-041.npy,bba1d9566218f687ca16dee72df2c0f73139d89d955098b4fd8c7d5df22c0ccb,"(12, 14, 9)",uint8
train,Malignant,BreaDM-Ma-2130,train/Malignant/BreaDM-Ma-2130/p-048.npy,fc9ad287ab3fdd7cd6a86df16ae36f0979a499069e27ac2aa1bbb613f779911a,"(20, 17, 9)",uint8
train,Malignant,BreaDM-Ma-2130,train/Malignant/BreaDM-Ma-2130/p-049.npy,04b141bde24609c4549901ca5eacd5f7c96a2b6cb2d94c05a0ad6bff03da4627,"(20, 17, 9)",uint8
train,Malignant,BreaDM-Ma-2130,train/Malignant/BreaDM-Ma-2130/p-050.npy,76de2aa3867686361d4ef528e7dbfc0619860a37440efc3293360fa0ec493e95,"(20, 17, 9)",uint8
train,Malignant,BreaDM-Ma-2130,train/Malignant/BreaDM-Ma-2130/p-051.npy,1e82e0a24e480d639577b12813607d95d27414f44a3dc24c147ecefc6cde281c,"(20, 17, 9)",uint8
train,Malignant,BreaDM-Ma-2132,train/Malignant/BreaDM-Ma-2132/p-044.npy,b7bab255e6ab7f41c430106dc3980408339ad76dd996b7501c4523115992b8f9,"(14, 17, 9)",uint8
train,Malignant,BreaDM-Ma-2132,train/Malignant/BreaDM-Ma-2132/p-045.npy,a284c8f398ec9f2b26e63871a91a4570d8209c377cb943d9b09fa54da3c13cb7,"(14, 17, 9)",uint8
train,Malignant,BreaDM-Ma-2132,train/Malignant/BreaDM-Ma-2132/p-046.npy,cedc3452adce2edaa1320ce6c33f449f964a04e6f25623f17cd154c2d604deaa,"(14, 17, 9)",uint8
train,Malignant,BreaDM-Ma-2132,train/Malignant/BreaDM-Ma-2132/p-047.npy,9d6a9d1d0be259119cc3b64a05366564eec5cfde8aaca1e04f4c46fb7c7f4ccd,"(14, 17, 9)",uint8
train,Malignant,BreaDM-Ma-2132,train/Malignant/BreaDM-Ma-2132/p-048.npy,0f501d976816653cdc34ca485fc7503a2680f0f4edfcb5fe7cb164248e90ae56,"(14, 17, 9)",uint8
train,Malignant,BreaDM-Ma-2132,train/Malignant/BreaDM-Ma-2132/p-049.npy,f5ccd5aabbbc71586c2500cc9a6c29c0a9db4b8d8bb685fc661b0ee086ed62d4,"(14, 17, 9)",uint8
train,Malignant,BreaDM-Ma-2132,train/Malignant/BreaDM-Ma-2132/p-050.npy,d02f2d975fd2c8aca25ea5057d84fd3b61d5739ea68e538de0d0533d803f685b,"(14, 17, 9)",uint8
train,Malignant,BreaDM-Ma-2133,train/Malignant/BreaDM-Ma-2133/p-064.npy,7bbd870059801685f3d4bdc40161d71bf523616c4ff1a6f9b0bfd300d792fccd,"(22, 25, 9)",uint8
train,Malignant,BreaDM-Ma-2133,train/Malignant/BreaDM-Ma-2133/p-065.npy,b67daf22fc33638f0ca92f9e4f85bc8a476d07109be986c528e760dad3151f87,"(22, 25, 9)",uint8
train,Malignant,BreaDM-Ma-2133,train/Malignant/BreaDM-Ma-2133/p-066.npy,e431226e9bfec120b713cab44b8488374b4f93023f1a7f60db178c6deaa03ddb,"(22, 25, 9)",uint8
train,Malignant,BreaDM-Ma-2133,train/Malignant/BreaDM-Ma-2133/p-067.npy,1a11245444e008652d9ff58f2704c2aa5bf6daeb0ad5d4769c3004ed835a888d,"(22, 25, 9)",uint8
train,Malignant,BreaDM-Ma-2133,train/Malignant/BreaDM-Ma-2133/p-068.npy,58be462b97c078f161b7e7e27330158a3764b00cd167c5e446e34f6c321e08d0,"(22, 25, 9)",uint8
train,Malignant,BreaDM-Ma-2133,train/Malignant/BreaDM-Ma-2133/p-069.npy,5c9702a2c0fbb751a1984cf3b1a57c201b8e76a77f82e474a7039f24ccf6f77d,"(22, 25, 9)",uint8
train,Malignant,BreaDM-Ma-2133,train/Malignant/BreaDM-Ma-2133/p-070.npy,28b6bf6863542463feaeb1996ecc9de84eb4c418609e3575bebf0cf126e05a8d,"(22, 25, 9)",uint8
train,Malignant,BreaDM-Ma-2133,train/Malignant/BreaDM-Ma-2133/p-071.npy,dff20d6cea2b2c1261de850dc21827e12dab71c171a23f6322ddc01d42df0860,"(22, 25, 9)",uint8
train,Malignant,BreaDM-Ma-2135,train/Malignant/BreaDM-Ma-2135/p-037.npy,1cfc3192f3e7ea0c7b5a53ac2cb4b4014db5c448c79197df5bcd1dce35585136,"(18, 20, 9)",uint8
train,Malignant,BreaDM-Ma-2135,train/Malignant/BreaDM-Ma-2135/p-038.npy,2e98bf3c0713f8b69a760f931b445b4d7d66547dbb1df7dd0b09e0a5ecc1407b,"(18, 20, 9)",uint8
train,Malignant,BreaDM-Ma-2135,train/Malignant/BreaDM-Ma-2135/p-039.npy,bb6b9b03172989eb6cc6ab994a89f6a3454c951fc4cb2029ca2d6305827aba7e,"(18, 20, 9)",uint8
train,Malignant,BreaDM-Ma-2135,train/Malignant/BreaDM-Ma-2135/p-040.npy,0d7aeb38d987c667b331cec6f1f99ae359d15b749a81b89e8c320b930b8e1f1c,"(18, 20, 9)",uint8
train,Malignant,BreaDM-Ma-2135,train/Malignant/BreaDM-Ma-2135/p-041.npy,11bbc38c8d4c56ea63c6ee6b14b7da3911197c5ea6c623c3c5ea2955cd510fd9,"(18, 20, 9)",uint8
train,Malignant,BreaDM-Ma-2135,train/Malignant/BreaDM-Ma-2135/p-042.npy,4615985d916a86c40e99105bcf654aa446cf744204d6e9a156dd9f100d188073,"(18, 20, 9)",uint8
train,Malignant,BreaDM-Ma-2136,train/Malignant/BreaDM-Ma-2136/p-042.npy,5076820094b46c47a6097f11441a45f010b667a3d3ec2ac7e15691b90707007f,"(29, 31, 9)",uint8
train,Malignant,BreaDM-Ma-2136,train/Malignant/BreaDM-Ma-2136/p-043.npy,e69fb49097cead954246daccf6f6bb7e247a6b84fdd063092c6f97a8d53c0deb,"(29, 31, 9)",uint8
train,Malignant,BreaDM-Ma-2136,train/Malignant/BreaDM-Ma-2136/p-044.npy,c753106a2e015ca6e31aca96021a9f56e1df4d055e57e75e049ab8b885c2b7c5,"(29, 31, 9)",uint8
train,Malignant,BreaDM-Ma-2136,train/Malignant/BreaDM-Ma-2136/p-045.npy,0f3369a4a65bd7a1938d0022362370c965c38511eebbd74b2c6a22539b04630a,"(29, 31, 9)",uint8
train,Malignant,BreaDM-Ma-2136,train/Malignant/BreaDM-Ma-2136/p-046.npy,0982c69347b8e78dbf87d06ac85e41d0d9f5cffa413f43b409ccfe2ed29aaba8,"(29, 31, 9)",uint8
train,Malignant,BreaDM-Ma-2136,train/Malignant/BreaDM-Ma-2136/p-047.npy,8c10ef62940aa2ccdc11b4e6bb86c5e1936ce84a6229a9e5f9ff6b5f9208b0da,"(29, 31, 9)",uint8
train,Malignant,BreaDM-Ma-2137,train/Malignant/BreaDM-Ma-2137/p-034.npy,12159d51dc299b59848fb6c80321da297c0d14df5b296e35caba44fd05b38e23,"(34, 34, 9)",uint8
train,Malignant,BreaDM-Ma-2137,train/Malignant/BreaDM-Ma-2137/p-035.npy,ba24f7899138b41c3cc59d45e710975eefebce207e766b64f8204443c79e7a71,"(34, 34, 9)",uint8
train,Malignant,BreaDM-Ma-2137,train/Malignant/BreaDM-Ma-2137/p-036.npy,71895438dc1d701ba78fd52baebf8e4452d53372d0d92cd55066cee92991c5ee,"(34, 34, 9)",uint8
train,Malignant,BreaDM-Ma-2137,train/Malignant/BreaDM-Ma-2137/p-037.npy,24483cb7b7b427bff643137e9d0e51ff2719bc7cc65f04130918af7f2cce81d0,"(34, 34, 9)",uint8
train,Malignant,BreaDM-Ma-2137,train/Malignant/BreaDM-Ma-2137/p-038.npy,3b2d7dd90c7984832248a0f3e60a0f1fb4d9fb122c488c9778430f0df2ee0b7a,"(34, 34, 9)",uint8
train,Malignant,BreaDM-Ma-2137,train/Malignant/BreaDM-Ma-2137/p-039.npy,8bd9d0b1798b1f42459125f4248fc0afd1cfc229cf3dd3e709bb8b67ae13cbec,"(34, 34, 9)",uint8
train,Malignant,BreaDM-Ma-2137,train/Malignant/BreaDM-Ma-2137/p-040.npy,81101155314e95e4aaff439616a8533d81d414700e300c26513f85bde3b04260,"(34, 34, 9)",uint8
train,Malignant,BreaDM-Ma-2137,train/Malignant/BreaDM-Ma-2137/p-041.npy,7bcd93fb6a1ac04d505aa4ab237e28c0cbd280d51939dffe470a9d42214f3f52,"(34, 34, 9)",uint8
train,Malignant,BreaDM-Ma-2137,train/Malignant/BreaDM-Ma-2137/p-042.npy,cea1d8317fd144043f218f7377883429c7015ebb302362a5d4d90f6741e26e3f,"(34, 34, 9)",uint8
train,Malignant,BreaDM-Ma-2137,train/Malignant/BreaDM-Ma-2137/p-043.npy,4b76aabd1116a617cdf28e80b8daaaa208f055ef7bb1701ffbdb9c04be576027,"(34, 34, 9)",uint8
train,Malignant,BreaDM-Ma-2137,train/Malignant/BreaDM-Ma-2137/p-044.npy,5d90d997b255b64cd44d4b42d1e445e77305f1e057e915f0aa04612b0d978112,"(34, 34, 9)",uint8
train,Malignant,BreaDM-Ma-2137,train/Malignant/BreaDM-Ma-2137/p-045.npy,0a897393645fd6bfb25239c1c22651ae35f0060f946455776a315a3ffc1ea2f2,"(34, 34, 9)",uint8
train,Malignant,BreaDM-Ma-2137,train/Malignant/BreaDM-Ma-2137/p-046.npy,2fb9520ca85b597d9d9a86c2cbdfd7a7abb620c29e21f676bda0585789a2991f,"(34, 34, 9)",uint8
train,Malignant,BreaDM-Ma-2137,train/Malignant/BreaDM-Ma-2137/p-047.npy,c0221e5f359d6652cae81a951a44149f1da8dc1eb203a3608a78f9303b0ed43f,"(34, 34, 9)",uint8
train,Malignant,BreaDM-Ma-2137,train/Malignant/BreaDM-Ma-2137/p-048.npy,7b81b0d0eb7eb462766191e0c3f28539a97b7414e24d20acf46ff5e989369f39,"(34, 34, 9)",uint8
train,Malignant,BreaDM-Ma-2137,train/Malignant/BreaDM-Ma-2137/p-049.npy,047ca22712e45ccf76a59184c8c07b93ec7f024c5fd5f6fdaf5be1f866ebf61d,"(34, 34, 9)",uint8
train,Malignant,BreaDM-Ma-2137,train/Malignant/BreaDM-Ma-2137/p-050.npy,46fe3cb414e63ab36eaf98465af8ae7644105b2dcd8efc47d149e2a62256d24a,"(34, 34, 9)",uint8
train,Malignant,BreaDM-Ma-2137,train/Malignant/BreaDM-Ma-2137/p-051.npy,b244134d3fd6be13449d857207535d213c4fc4c4c9b0a37ca17a489276542ff0,"(34, 34, 9)",uint8
train,Malignant,BreaDM-Ma-2137,train/Malignant/BreaDM-Ma-2137/p-052.npy,fe1694084129b032a3c9ebd9b76808225ecfe96f668960c7b0fe87424920d65d,"(34, 34, 9)",uint8
train,Malignant,BreaDM-Ma-2137,train/Malignant/BreaDM-Ma-2137/p-053.npy,7bfde2b652e7d4843dd2c9a5225afa4b52dd7e694badec9d9da50bb615576645,"(34, 34, 9)",uint8
train,Malignant,BreaDM-Ma-2137,train/Malignant/BreaDM-Ma-2137/p-054.npy,9a51e060dc8ec008e4ef124ed42f26c507469534257f2c197b0e59c335585539,"(34, 34, 9)",uint8
train,Malignant,BreaDM-Ma-2138,train/Malignant/BreaDM-Ma-2138/p-068.npy,6ff5a62ff1f2eb4368da22f70b487542cf5d48cd8d61a6b8e814aa88882c1ee7,"(24, 20, 9)",uint8
train,Malignant,BreaDM-Ma-2138,train/Malignant/BreaDM-Ma-2138/p-069.npy,f1b26a681e83563b73b59024328fcc3e8a4926159933a8ad272e0ca66c9ff3e4,"(24, 20, 9)",uint8
train,Malignant,BreaDM-Ma-2138,train/Malignant/BreaDM-Ma-2138/p-070.npy,29713992eafcf8e9f1b1aabd8c3f371d45ea8565d9a2ff5258a4728b510cb025,"(24, 20, 9)",uint8
train,Malignant,BreaDM-Ma-2138,train/Malignant/BreaDM-Ma-2138/p-071.npy,49e54e2beef7285dd0b454eddece1bce76d8339d3e8ec3af86b7f9e6d20d120d,"(24, 20, 9)",uint8
train,Malignant,BreaDM-Ma-2138,train/Malignant/BreaDM-Ma-2138/p-072.npy,9b9f5a907f7bfa64cf69bf60ab53c2389c084563d3f5e57dc000146e181dec82,"(24, 20, 9)",uint8
train,Malignant,BreaDM-Ma-2138,train/Malignant/BreaDM-Ma-2138/p-073.npy,284bd2558f7ece5e511f96b17e6c19bba0c530476c70bf4af03a08265b4ebf98,"(24, 20, 9)",uint8
train,Malignant,BreaDM-Ma-2138,train/Malignant/BreaDM-Ma-2138/p-074.npy,d412523d2fe8cbde34a301eb3f6b2a5b429f91ba4e0aa6b8c2fcc3518a042686,"(24, 20, 9)",uint8
train,Malignant,BreaDM-Ma-2138,train/Malignant/BreaDM-Ma-2138/p-075.npy,d2e23e7c5fa2c38421578c2f99f961c611c5a871ad99a8a132af2e2686e69793,"(24, 20, 9)",uint8
train,Malignant,BreaDM-Ma-2138,train/Malignant/BreaDM-Ma-2138/p-076.npy,eadaa2d3c16f30a7122d07f9b8f6ec10891b35e085cee425726a407d0cc3a141,"(24, 20, 9)",uint8
train,Malignant,BreaDM-Ma-2138,train/Malignant/BreaDM-Ma-2138/p-077.npy,e3ca06bf752fc5a78ddb751a91ab845ca0535611b3202e72f1fe39fe1306e23f,"(24, 20, 9)",uint8
train,Malignant,BreaDM-Ma-2138,train/Malignant/BreaDM-Ma-2138/p-078.npy,9e452f41079a886b6fe8fbd06e1228aa16041ddb5393edda9ff68b6932a6d44b,"(24, 20, 9)",uint8
train,Malignant,BreaDM-Ma-2138,train/Malignant/BreaDM-Ma-2138/p-079.npy,7fecb573cce785e2e59bf4663a3172b58f38ca2b88c1f4faee7108f96d252d84,"(24, 20, 9)",uint8
train,Malignant,BreaDM-Ma-2139,train/Malignant/BreaDM-Ma-2139/p-031.npy,3cf5899923cd6c997649eca447c8cf1efdfc0e63485face4363b090017d946c4,"(35, 33, 9)",uint8
train,Malignant,BreaDM-Ma-2139,train/Malignant/BreaDM-Ma-2139/p-032.npy,f81cd4697c9118dda971d8eb1b898fd77aa447e2118368633fc4de52a590bfc1,"(35, 33, 9)",uint8
train,Malignant,BreaDM-Ma-2139,train/Malignant/BreaDM-Ma-2139/p-033.npy,585e83ff8714638c7d584d02626af606137b1e0465f2e2fb7fa410767c34f46c,"(35, 33, 9)",uint8
train,Malignant,BreaDM-Ma-2139,train/Malignant/BreaDM-Ma-2139/p-034.npy,03e8de1c71b97dab180341f476cec76de7b11d4db98dfe1132d565a8df5a8aae,"(35, 33, 9)",uint8
train,Malignant,BreaDM-Ma-2139,train/Malignant/BreaDM-Ma-2139/p-035.npy,4eefcf695402a109857c145abaffdf8551074f74f2f9d3e4af6cf9cbad44f35f,"(35, 33, 9)",uint8
train,Malignant,BreaDM-Ma-2139,train/Malignant/BreaDM-Ma-2139/p-036.npy,ee3bff72cbaae58b1fccc5d7888ce7cd34966dcb18f78cd11597de72307cb7bd,"(35, 33, 9)",uint8
val,Benign,BreaDM-Be-1802,val/Benign/BreaDM-Be-1802/p-040.npy,6646135ae95703d1300579a089216749d32b8ead772ad9107824d692619a16f3,"(23, 19, 9)",uint8
val,Benign,BreaDM-Be-1802,val/Benign/BreaDM-Be-1802/p-041.npy,7fc56017ae6716079eec4c55e45844073f3aff53cc8904ec473d517d612646e3,"(23, 19, 9)",uint8
val,Benign,BreaDM-Be-1815,val/Benign/BreaDM-Be-1815/p-046.npy,bc35d08316d5272025a352af2f04bfbfc64c2d52d72650f028d650ba0662c09b,"(12, 17, 9)",uint8
val,Benign,BreaDM-Be-1815,val/Benign/BreaDM-Be-1815/p-047.npy,af1a49d1bdf83c9feae9c0429bbb21c681a6243be81aa011888921388104a220,"(12, 17, 9)",uint8
val,Benign,BreaDM-Be-1815,val/Benign/BreaDM-Be-1815/p-048.npy,f03501a9d368ae0de8721224106811793072581a770c5ce496d07bea66aaf950,"(12, 17, 9)",uint8
val,Benign,BreaDM-Be-1905,val/Benign/BreaDM-Be-1905/p-030.npy,325fc0b34bc3ef18b4419b22ab3d28c134731da3882eeec4c77a47f39169d020,"(14, 17, 9)",uint8
val,Benign,BreaDM-Be-1905,val/Benign/BreaDM-Be-1905/p-031.npy,899838559ed78dfc3a6e6f8d4217a7a85d393cb1a7cf8d159fd4401b541ee568,"(14, 17, 9)",uint8
val,Benign,BreaDM-Be-1905,val/Benign/BreaDM-Be-1905/p-032.npy,68c12f1203a11c7d65721ee05fcf75dec5e2ff0e2aadc8154272877e252952ef,"(14, 17, 9)",uint8
val,Benign,BreaDM-Be-2005,val/Benign/BreaDM-Be-2005/p-055.npy,98df8010a042c28924c86f2249cd9319730f68b9566276bf824e38ec9d72c9c4,"(10, 11, 9)",uint8
val,Benign,BreaDM-Be-2005,val/Benign/BreaDM-Be-2005/p-056.npy,b3ed5eb50a42fc2e37b24a5f69d79e0b06284927de7936709f58f051c90b37c0,"(10, 11, 9)",uint8
val,Benign,BreaDM-Be-2005,val/Benign/BreaDM-Be-2005/p-057.npy,f3f923bf16ef7df9cff2307a2730549ced7e10e1695dc7e6db2990991479c0ef,"(10, 11, 9)",uint8
val,Benign,BreaDM-Be-2105,val/Benign/BreaDM-Be-2105/p-026.npy,9b8433feace59caafb444bef7552934786b40c9dad832881be939b007b5cb27a,"(13, 14, 9)",uint8
val,Benign,BreaDM-Be-2105,val/Benign/BreaDM-Be-2105/p-027.npy,8aadcb1f20d53647e3f40f872c79d23db81667a3a9a7e0370bd9dbdc503cf80b,"(13, 14, 9)",uint8
val,Benign,BreaDM-Be-2105,val/Benign/BreaDM-Be-2105/p-028.npy,45194fe8baca48a69d208deaf075a077c967f7a1fa59956ffa111e1400637e51,"(13, 14, 9)",uint8
val,Benign,BreaDM-Be-2110,val/Benign/BreaDM-Be-2110/p-043.npy,a331b301535f76cd5cb445ecce5c4083b654fc53b559a2433558af39d74a2204,"(6, 9, 9)",uint8
val,Benign,BreaDM-Be-2110,val/Benign/BreaDM-Be-2110/p-044.npy,c220e608a1722ee319f58aafbcbaa4b9650973efb21fb6f7a0f9d497fdc3e659,"(6, 9, 9)",uint8
val,Benign,BreaDM-Be-2110,val/Benign/BreaDM-Be-2110/p-045.npy,ce54f6383d50a49840d6767153d4fda6edfceb5da442046d289c669711a66b5d,"(6, 9, 9)",uint8
val,Benign,BreaDM-Be-2110,val/Benign/BreaDM-Be-2110/p-046.npy,f98dd3917996062f11eedc4088c607e9aaf57ec0c9983f9ab4f002fab590feec,"(6, 9, 9)",uint8
val,Benign,BreaDM-Be-2110,val/Benign/BreaDM-Be-2110/p-047.npy,3301216df18b902c1d0821f2372d6c077a90bd16e1e7d6479f6d2fa66a21b634,"(6, 9, 9)",uint8
val,Benign,BreaDM-Be-2110,val/Benign/BreaDM-Be-2110/p-048.npy,753a947455e797d649435098312c6cded4c3949862d4c05dd3be1d871fa6aa72,"(6, 9, 9)",uint8
val,Benign,BreaDM-Be-2112,val/Benign/BreaDM-Be-2112/p-054.npy,e3575e8c96abc8c643a4e7b1ca65748837809baf1125e2ca5802c4c991e4a763,"(12, 10, 9)",uint8
val,Benign,BreaDM-Be-2112,val/Benign/BreaDM-Be-2112/p-055.npy,1152fbbab21bd64ff295a85387ce532a66c51d35dc44b22f587157bf88931b05,"(12, 10, 9)",uint8
val,Benign,BreaDM-Be-2112,val/Benign/BreaDM-Be-2112/p-056.npy,2501685b643fda3ce6c588da18866f8e18441502a3f19b8285cdd79289f4f34c,"(12, 10, 9)",uint8
val,Benign,BreaDM-Be-2112,val/Benign/BreaDM-Be-2112/p-057.npy,ff70db1027641509162fec25400ee6b387b24815429e9633666b7a21bbf3f22b,"(12, 10, 9)",uint8
val,Malignant,BreaDM-Ma-1805,val/Malignant/BreaDM-Ma-1805/p-032.npy,9ef20f3a0b68f936bb1054803c58fa8d25f2ea8aa1ea84a9ae358dfd437d6e82,"(29, 21, 9)",uint8
val,Malignant,BreaDM-Ma-1805,val/Malignant/BreaDM-Ma-1805/p-033.npy,fa2fb8cda02787c2f2168b0c4bfc7e74720bed71b23e822da8f04d204e4688de,"(29, 21, 9)",uint8
val,Malignant,BreaDM-Ma-1805,val/Malignant/BreaDM-Ma-1805/p-034.npy,7bfed70c79a6ff29e9839d24865b3a9151500efe01a2c60c39d3f7a34e8c6ca0,"(29, 21, 9)",uint8
val,Malignant,BreaDM-Ma-1805,val/Malignant/BreaDM-Ma-1805/p-035.npy,7a34576126da4a59d6caf16191f4ef041dfb6cf706767d69ef6a2fd1729ade40,"(29, 21, 9)",uint8
val,Malignant,BreaDM-Ma-1805,val/Malignant/BreaDM-Ma-1805/p-036.npy,54a09f900f45717fe31d756b1bad872e622875ade2c63292087da6ce5a5465c4,"(29, 21, 9)",uint8
val,Malignant,BreaDM-Ma-1805,val/Malignant/BreaDM-Ma-1805/p-037.npy,085a36917bf6b613c0aa3c60d04c29179d27978e52484a4a1afc505ebfebd185,"(29, 21, 9)",uint8
val,Malignant,BreaDM-Ma-1805,val/Malignant/BreaDM-Ma-1805/p-038.npy,10068cebe1e3b63d55488cf4436bb7343380fa7f66f37dee8b6086a099bd920b,"(29, 21, 9)",uint8
val,Malignant,BreaDM-Ma-1805,val/Malignant/BreaDM-Ma-1805/p-039.npy,336387f148af9267386ba616273fd75c54195767938b3ac69991b5fc3868bc66,"(29, 21, 9)",uint8
val,Malignant,BreaDM-Ma-1809,val/Malignant/BreaDM-Ma-1809/p-038.npy,bc0ad33c3f6bc9fe527d8af3c9ea91e09cc29a55480c03753e4f4dc21597ca73,"(54, 37, 9)",uint8
val,Malignant,BreaDM-Ma-1809,val/Malignant/BreaDM-Ma-1809/p-039.npy,e1bb14cf8abae1bee260146f8ef0cfe21b02d0e451ff906728e08226313097f1,"(54, 37, 9)",uint8
val,Malignant,BreaDM-Ma-1809,val/Malignant/BreaDM-Ma-1809/p-040.npy,eb234de10d5daa40f0464cf97274f051c03c02e6deaf793b18a23cb823655d77,"(54, 37, 9)",uint8
val,Malignant,BreaDM-Ma-1809,val/Malignant/BreaDM-Ma-1809/p-041.npy,33a90df223a677a9d79e7fc970b7bdc60fa91b44813494288d7a54aabd9ccdd6,"(54, 37, 9)",uint8
val,Malignant,BreaDM-Ma-1809,val/Malignant/BreaDM-Ma-1809/p-042.npy,b3f971309171100f0fb9d3da6c3d40a1e7a2f633c63a34a80b9233e6ef1ef52c,"(54, 37, 9)",uint8
val,Malignant,BreaDM-Ma-1809,val/Malignant/BreaDM-Ma-1809/p-043.npy,c58a3ee54fc31a3bedef61576f859a70de45cc28479ea70d56128ff9b01872f0,"(54, 37, 9)",uint8
val,Malignant,BreaDM-Ma-1809,val/Malignant/BreaDM-Ma-1809/p-044.npy,e7ebc4111df82b4a69f7f27da4a3a376f4ad368e38d2313597373414f00728b3,"(54, 37, 9)",uint8
val,Malignant,BreaDM-Ma-1809,val/Malignant/BreaDM-Ma-1809/p-045.npy,e8073655cbc6b5b34c63adc93c0146c89e644ba20468e82d04a6fb065217431d,"(54, 37, 9)",uint8
val,Malignant,BreaDM-Ma-1809,val/Malignant/BreaDM-Ma-1809/p-046.npy,6a58739abd5c61a77419fbaf48db095ab4fd7790f2ea1d3d86b839877187b5bb,"(54, 37, 9)",uint8
val,Malignant,BreaDM-Ma-1809,val/Malignant/BreaDM-Ma-1809/p-047.npy,e8170f2bdcdcf6a1dc721322a770e6bcba12e6444e0b108492ff1b9815338420,"(54, 37, 9)",uint8
val,Malignant,BreaDM-Ma-1809,val/Malignant/BreaDM-Ma-1809/p-048.npy,c3311d0d9f1abbce0940a731e391a2a0747e3e87706c05872d2497755623fc59,"(54, 37, 9)",uint8
val,Malignant,BreaDM-Ma-1809,val/Malignant/BreaDM-Ma-1809/p-049.npy,9fd355a60363091a34fd3d49a8816714c018fd75ccba72a4ed0047f9824e8b22,"(54, 37, 9)",uint8
val,Malignant,BreaDM-Ma-1809,val/Malignant/BreaDM-Ma-1809/p-050.npy,83c50721c049503096db42ab0cf47d00ffa332ff51716bfbb3d8210891dad302,"(54, 37, 9)",uint8
val,Malignant,BreaDM-Ma-1809,val/Malignant/BreaDM-Ma-1809/p-051.npy,deee39e7051e4acb857885dc6db5f4eb6cb174da8fa38e35da671af0e759473a,"(54, 37, 9)",uint8
val,Malignant,BreaDM-Ma-1809,val/Malignant/BreaDM-Ma-1809/p-052.npy,1f2ca40720584cf69b9867dabcc6fae73736e3e9e41ce371d71d16db8b8002cd,"(54, 37, 9)",uint8
val,Malignant,BreaDM-Ma-1809,val/Malignant/BreaDM-Ma-1809/p-053.npy,39807c56c1dcb74e38004848c683813a55ffc205a78f407e32418e0d9124bde4,"(54, 37, 9)",uint8
val,Malignant,BreaDM-Ma-1809,val/Malignant/BreaDM-Ma-1809/p-054.npy,ee0b989c0ae6a0c0d0016f13b728a2cf8ba94da820208ca2b97be7f6f83cbd76,"(54, 37, 9)",uint8
val,Malignant,BreaDM-Ma-1809,val/Malignant/BreaDM-Ma-1809/p-055.npy,4bf929991d2b4957f88402b0450f3244d3f839d195e17f9ab79ee1f363235ad1,"(54, 37, 9)",uint8
val,Malignant,BreaDM-Ma-1809,val/Malignant/BreaDM-Ma-1809/p-056.npy,bfdfc0aaa9cd65c8e68eca852c1fec966292932e56fe3432194702364974971d,"(54, 37, 9)",uint8
val,Malignant,BreaDM-Ma-1810,val/Malignant/BreaDM-Ma-1810/p-019.npy,e89aa2595bc977dd334adf914f354af97328970a1c1ab43b9f0be6cede034fd9,"(13, 23, 9)",uint8
val,Malignant,BreaDM-Ma-1810,val/Malignant/BreaDM-Ma-1810/p-020.npy,c2acec2a87d67205b48178ffff330949eaefc956ac2fa758ffa63bdfb75e1e4d,"(13, 23, 9)",uint8
val,Malignant,BreaDM-Ma-1810,val/Malignant/BreaDM-Ma-1810/p-021.npy,6cbc5012648a58e0601e7b1d8cb9965d74e660ecf8cef66045fe183e1412533e,"(13, 23, 9)",uint8
val,Malignant,BreaDM-Ma-1810,val/Malignant/BreaDM-Ma-1810/p-022.npy,c546666ef91283c0b895c45ab27d7e590b984f5336ff4a981a9f3f49069db4ed,"(13, 23, 9)",uint8
val,Malignant,BreaDM-Ma-1810,val/Malignant/BreaDM-Ma-1810/p-023.npy,8f59b5ff737b3fb7e42eeb618ef08286be75c199eb2aab3bcf3ca72530be4030,"(13, 23, 9)",uint8
val,Malignant,BreaDM-Ma-1812,val/Malignant/BreaDM-Ma-1812/p-053.npy,28d54ed78bbd75eec4c474e8d34cfb9116968b27ef67b871959c4ff673205dd6,"(17, 28, 9)",uint8
val,Malignant,BreaDM-Ma-1812,val/Malignant/BreaDM-Ma-1812/p-054.npy,43e7f04ab3323ac6af6407003d335cfa09c8070aa77a6dedb2e07d7ab7b4d40a,"(17, 28, 9)",uint8
val,Malignant,BreaDM-Ma-1812,val/Malignant/BreaDM-Ma-1812/p-055.npy,547206d9cead63a76957d781cd1d867f97a999bfbae171981b63d01d27893c18,"(17, 28, 9)",uint8
val,Malignant,BreaDM-Ma-1812,val/Malignant/BreaDM-Ma-1812/p-056.npy,9418fe1bbc034ec7c3053273fb72523df2d89db4df0c88600d524ee066142dee,"(17, 28, 9)",uint8
val,Malignant,BreaDM-Ma-1826,val/Malignant/BreaDM-Ma-1826/p-035.npy,dfc367503123d4e53c3a181b424d1eee1b89daa162cd8c30fcae524a2fb6c008,"(18, 19, 9)",uint8
val,Malignant,BreaDM-Ma-1826,val/Malignant/BreaDM-Ma-1826/p-036.npy,631bae7ba954c3c44514185ee6341017e2eb931a50615ef48abd960d180e75a8,"(18, 19, 9)",uint8
val,Malignant,BreaDM-Ma-1826,val/Malignant/BreaDM-Ma-1826/p-037.npy,c4c6b7172ad1199f6e3083b4c8f894fb996141e181db9da3a9bbe93aaf9a68c4,"(18, 19, 9)",uint8
val,Malignant,BreaDM-Ma-1826,val/Malignant/BreaDM-Ma-1826/p-038.npy,e35dee1c85352ab3273de82e853514a95657120c76054f335a6787216fa95560,"(18, 19, 9)",uint8
val,Malignant,BreaDM-Ma-1826,val/Malignant/BreaDM-Ma-1826/p-039.npy,71a32e8cadcb215ee4126ccdd331e1e53d0b0418e93845fbde9389ceb47c2da8,"(18, 19, 9)",uint8
val,Malignant,BreaDM-Ma-1826,val/Malignant/BreaDM-Ma-1826/p-040.npy,5969f1996bfe392414040dcad941fc0429bde8a0717f9b662ecc2b53fa1b1d63,"(18, 19, 9)",uint8
val,Malignant,BreaDM-Ma-1826,val/Malignant/BreaDM-Ma-1826/p-041.npy,d9adeb360498c55285881458ef2c5a66d17ebc052d7ebc6f9c239f0841ac5a6c,"(18, 19, 9)",uint8
val,Malignant,BreaDM-Ma-1827,val/Malignant/BreaDM-Ma-1827/p-044.npy,857698ff13b08da9c0e29e15d53707952d547ee553db4f1ed85e612c87b24207,"(12, 13, 9)",uint8
val,Malignant,BreaDM-Ma-1827,val/Malignant/BreaDM-Ma-1827/p-045.npy,590b9de304ef2965ec87d6e02798469947f03811c4356cb1c22f5022c798ffb2,"(12, 13, 9)",uint8
val,Malignant,BreaDM-Ma-1827,val/Malignant/BreaDM-Ma-1827/p-046.npy,d7a46b98b9498e208b21ae37a3ec4eeebe3dc0b2bd9fb073bde95cd492e4cd67,"(12, 13, 9)",uint8
val,Malignant,BreaDM-Ma-1910,val/Malignant/BreaDM-Ma-1910/p-035.npy,ffc8cd275d8e332d2db7d6a8e848ad5085926873e574b9d228a12ca3ceb8e5d3,"(12, 18, 9)",uint8
val,Malignant,BreaDM-Ma-1910,val/Malignant/BreaDM-Ma-1910/p-036.npy,0b79130c0919db208976b3666b658b8a9524a769c837b3a257115c848fba164f,"(12, 18, 9)",uint8
val,Malignant,BreaDM-Ma-1910,val/Malignant/BreaDM-Ma-1910/p-037.npy,b3f2fee783c92400a426ba4ac01028f4beed723830b3d08ec32557d0cc7e4c1e,"(12, 18, 9)",uint8
val,Malignant,BreaDM-Ma-1910,val/Malignant/BreaDM-Ma-1910/p-038.npy,5bf4f974eee513bf5cbe444324a0b1c8d9bd1a642176204b2789031f8daddff8,"(12, 18, 9)",uint8
val,Malignant,BreaDM-Ma-1910,val/Malignant/BreaDM-Ma-1910/p-039.npy,00048f5cc2864b8dc5f42e69d5c8a1a1d0cef3fa6c8740a293421575def164b1,"(12, 18, 9)",uint8
val,Malignant,BreaDM-Ma-1910,val/Malignant/BreaDM-Ma-1910/p-040.npy,787d5f378d67ef1d916ba5411ec17fee7f9a89a86ff54d1305348c7e6bdc7077,"(12, 18, 9)",uint8
val,Malignant,BreaDM-Ma-1910,val/Malignant/BreaDM-Ma-1910/p-041.npy,259237c517dbe5ee347d1dc59a4b9a53e75ae0159de0ad17751c9d26a23e4b54,"(12, 18, 9)",uint8
val,Malignant,BreaDM-Ma-1910,val/Malignant/BreaDM-Ma-1910/p-042.npy,26e666a7ebba2a4c0e07e78673da766623dd3cb61d62605f899f69b47f475af9,"(12, 18, 9)",uint8
val,Malignant,BreaDM-Ma-1925,val/Malignant/BreaDM-Ma-1925/p-043.npy,5e735e1dce8985b8ad94773d5a91deb5ae3778fa78ffa29b3942dee369277a69,"(24, 25, 9)",uint8
val,Malignant,BreaDM-Ma-1925,val/Malignant/BreaDM-Ma-1925/p-044.npy,64117c2816a03f0d3f7a501252b28917ab522d8cef02fd61739359a077939eb2,"(24, 25, 9)",uint8
val,Malignant,BreaDM-Ma-1925,val/Malignant/BreaDM-Ma-1925/p-045.npy,d94972a289d2cd41e80aec2ddfd35e20eaadffe7878b624707ecbf527e982145,"(24, 25, 9)",uint8
val,Malignant,BreaDM-Ma-1925,val/Malignant/BreaDM-Ma-1925/p-046.npy,28198db01be8338f0556f2a91509c92239f944497a6e43f539e3b3146430de6a,"(24, 25, 9)",uint8
val,Malignant,BreaDM-Ma-1925,val/Malignant/BreaDM-Ma-1925/p-047.npy,5f981d60e60e52ad9fc62e668ee97ae9d29918efee6c6c37bfd5f1faeb315b24,"(24, 25, 9)",uint8
val,Malignant,BreaDM-Ma-1925,val/Malignant/BreaDM-Ma-1925/p-048.npy,240098a4361b1a79c4a99056db330a7c0c7f332607a3f408661b3f69426d22a7,"(24, 25, 9)",uint8
val,Malignant,BreaDM-Ma-2017,val/Malignant/BreaDM-Ma-2017/p-073.npy,45308509cca7105b4056b2252632af5260c503997c59ac80b5232da574dc69ea,"(22, 27, 9)",uint8
val,Malignant,BreaDM-Ma-2017,val/Malignant/BreaDM-Ma-2017/p-074.npy,1b6adb59e78bc1ecf3c346d4b52c53aff6c8326ebf7ff71860213837741751fc,"(22, 27, 9)",uint8
val,Malignant,BreaDM-Ma-2017,val/Malignant/BreaDM-Ma-2017/p-075.npy,4936d6d8ee29110f1e13e02f9f43dcf9426f150a448a1a303ea119876cbac628,"(22, 27, 9)",uint8
val,Malignant,BreaDM-Ma-2017,val/Malignant/BreaDM-Ma-2017/p-076.npy,9a2e532bed234326da48f17266e73a8ba0f174699eb571d7bbdcdfb586d6583f,"(22, 27, 9)",uint8
val,Malignant,BreaDM-Ma-2017,val/Malignant/BreaDM-Ma-2017/p-077.npy,54e1f7cf563bd8777f428e67809cff3e650f30e7a715b599e3d79f9574c27920,"(22, 27, 9)",uint8
val,Malignant,BreaDM-Ma-2017,val/Malignant/BreaDM-Ma-2017/p-078.npy,fa24c49816edb03e24e6c72f19b6fe2d0db1c7006c66e820e83e54ef1c73d59d,"(22, 27, 9)",uint8
val,Malignant,BreaDM-Ma-2017,val/Malignant/BreaDM-Ma-2017/p-079.npy,40d091257960afd3b6ea3c74f8cb6660402d36401b2b7e31797055e9cc4a7ea0,"(22, 27, 9)",uint8
val,Malignant,BreaDM-Ma-2017,val/Malignant/BreaDM-Ma-2017/p-080.npy,a8e2128dc923e9dcf77d9487e22d07c398cc66cc3d594da0e67978a62d87b5be,"(22, 27, 9)",uint8
val,Malignant,BreaDM-Ma-2017,val/Malignant/BreaDM-Ma-2017/p-081.npy,64ae7cb4641f4c92ee95dbb476041728f2b0d12b38379efb32e7e374e0467f98,"(22, 27, 9)",uint8
val,Malignant,BreaDM-Ma-2017,val/Malignant/BreaDM-Ma-2017/p-082.npy,b4de3ff71f5b18d66ce8b21a2018d5e8858dda5f0c5de809b30889123e7fd482,"(22, 27, 9)",uint8
val,Malignant,BreaDM-Ma-2017,val/Malignant/BreaDM-Ma-2017/p-083.npy,d1503728ce0c252ad424929f57b0b4140e773364d3ad7749e09048a2c4201061,"(22, 27, 9)",uint8
val,Malignant,BreaDM-Ma-2029,val/Malignant/BreaDM-Ma-2029/p-043.npy,f8307dfa28b66932c023579f9abc5dd9c5aa80c3840f4ba8c0bf9b83015d24ef,"(21, 19, 9)",uint8
val,Malignant,BreaDM-Ma-2029,val/Malignant/BreaDM-Ma-2029/p-044.npy,e62f104c160b881c0bd547fa57f39c467ad61a9cc439a0acaf577b3fe7c39294,"(21, 19, 9)",uint8
val,Malignant,BreaDM-Ma-2029,val/Malignant/BreaDM-Ma-2029/p-045.npy,5bf279890335721f94d7661baf392a10dfa927b4ef9112dbe06c25bee6b074f1,"(21, 19, 9)",uint8
val,Malignant,BreaDM-Ma-2029,val/Malignant/BreaDM-Ma-2029/p-046.npy,44db1d1e5d214f60cf1da7a08dd6993df23e7aea461c96ed147481b2a5972e2d,"(21, 19, 9)",uint8
val,Malignant,BreaDM-Ma-2029,val/Malignant/BreaDM-Ma-2029/p-047.npy,7833b9fda0f497a712d7769e8d15ab6bf622a58164ba0ae3e1b0555fe2bec8be,"(21, 19, 9)",uint8
val,Malignant,BreaDM-Ma-2029,val/Malignant/BreaDM-Ma-2029/p-048.npy,acddb1443c82a42855223aa2b1d15cdc4ca46342efb55380487868c4e62f0cbb,"(21, 19, 9)",uint8
val,Malignant,BreaDM-Ma-2029,val/Malignant/BreaDM-Ma-2029/p-049.npy,56d020fda3e369fe4b332ea1f467516db03ee80755222d6e9903943bb5ecd89e,"(21, 19, 9)",uint8
val,Malignant,BreaDM-Ma-2029,val/Malignant/BreaDM-Ma-2029/p-050.npy,81126d77a16e84a963cbadba18c796c13e0d34c9070bffa301e405f283f96681,"(21, 19, 9)",uint8
val,Malignant,BreaDM-Ma-2041,val/Malignant/BreaDM-Ma-2041/p-069.npy,9c00cdc837e37ad14129d75568973c187f5cdd441acf0ca8d9e5dc956c4cfd94,"(20, 19, 9)",uint8
val,Malignant,BreaDM-Ma-2041,val/Malignant/BreaDM-Ma-2041/p-070.npy,68a703b43a3e1699d5858297a63787f1da20cf2b88a6b642189d74ac79e8a604,"(20, 19, 9)",uint8
val,Malignant,BreaDM-Ma-2041,val/Malignant/BreaDM-Ma-2041/p-071.npy,77372f47ffce7b501f1e8f0013b8f2478cd5e2c3b45eec16a03159771ae1c82f,"(20, 19, 9)",uint8
val,Malignant,BreaDM-Ma-2041,val/Malignant/BreaDM-Ma-2041/p-072.npy,c9142a84782ce9d3314e63a8f43cdb09a764428c859f0e409ddc4a20365f6449,"(20, 19, 9)",uint8
val,Malignant,BreaDM-Ma-2041,val/Malignant/BreaDM-Ma-2041/p-073.npy,564a085b5d87ed6b4a2034a053335275814a16e3aaac678b77779d10fcc27aa0,"(20, 19, 9)",uint8
val,Malignant,BreaDM-Ma-2041,val/Malignant/BreaDM-Ma-2041/p-074.npy,781f43873735c3d5301376a15d75098fbddf5d97031b808c7aacb3bfcf386c98,"(20, 19, 9)",uint8
val,Malignant,BreaDM-Ma-2041,val/Malignant/BreaDM-Ma-2041/p-075.npy,bbf8c3d6274f1e0d1260f2d1edff1ef0bc4dfe3e782e958ff76a9984b19e984c,"(20, 19, 9)",uint8
val,Malignant,BreaDM-Ma-2112,val/Malignant/BreaDM-Ma-2112/p-020.npy,d1fcb6af99c25803b7c0e70b921651f7911934e6ab3cd1988d7e73ff74fc05f3,"(24, 32, 9)",uint8
val,Malignant,BreaDM-Ma-2112,val/Malignant/BreaDM-Ma-2112/p-021.npy,25067a64d2e3ebc1128f64abbad5e11b6c3f00cd1cd0ab6b7fa019f40245b96f,"(24, 32, 9)",uint8
val,Malignant,BreaDM-Ma-2112,val/Malignant/BreaDM-Ma-2112/p-022.npy,c54bd43b9fc2fe31abd36d96d690c8ec2c6a46abf67fc66e13b9c1c97fabf4a2,"(24, 32, 9)",uint8
val,Malignant,BreaDM-Ma-2112,val/Malignant/BreaDM-Ma-2112/p-023.npy,10da55ce823896bf9b90876c2855b64120187b07a3d5795029e21c0d3cc32794,"(24, 32, 9)",uint8
val,Malignant,BreaDM-Ma-2112,val/Malignant/BreaDM-Ma-2112/p-024.npy,e6285017a7b410401e091f5c7caf9446c3f3769f60762d0e574027b01868d60d,"(24, 32, 9)",uint8
val,Malignant,BreaDM-Ma-2112,val/Malignant/BreaDM-Ma-2112/p-025.npy,c4a016cef7cec46ea6e6c418945c61534bb8d2e4dbc791f0a61eee0bd5bc0623,"(24, 32, 9)",uint8
val,Malignant,BreaDM-Ma-2112,val/Malignant/BreaDM-Ma-2112/p-026.npy,0ce41bb2876e7dbd14dd9d0e7ea20421ecc908777d559ac47f775f01482543e4,"(24, 32, 9)",uint8
test,Benign,BreaDM-Be-1810,test/Benign/BreaDM-Be-1810/p-030.npy,8586176e3652a52f692b04e8955c754995c15635a12779fc381714528b004727,"(15, 16, 9)",uint8
test,Benign,BreaDM-Be-1810,test/Benign/BreaDM-Be-1810/p-031.npy,56402d04fedcb703cac03596e47d6c15d1b3a9ad7c5ffaa9a79c0edf59da116d,"(15, 16, 9)",uint8
test,Benign,BreaDM-Be-1813,test/Benign/BreaDM-Be-1813/p-017.npy,30e96b95f2af8e4ddd6d36df79cb63f61d97434ce302ae7bf74f730e96df7e27,"(15, 14, 9)",uint8
test,Benign,BreaDM-Be-1813,test/Benign/BreaDM-Be-1813/p-018.npy,1ace24fdee5b58069b8c0421c6d15a1c23fe3edec02c49302fd6b1e66350207a,"(15, 14, 9)",uint8
test,Benign,BreaDM-Be-1813,test/Benign/BreaDM-Be-1813/p-019.npy,44d0cdc6fb319935e5e1df20345a959a9d85c8d425cf0f4d72ba3f70e6777361,"(15, 14, 9)",uint8
test,Benign,BreaDM-Be-1822,test/Benign/BreaDM-Be-1822/p-029.npy,7f8acdc8734b69fa55e1b3e8510c64fc5bc7781e9bafd706a80a84a5baa3a850,"(34, 28, 9)",uint8
test,Benign,BreaDM-Be-1822,test/Benign/BreaDM-Be-1822/p-030.npy,a8a769a37499ccb5f30ca4dae92ee57715597535cb747c762d24985c22d79516,"(34, 28, 9)",uint8
test,Benign,BreaDM-Be-1822,test/Benign/BreaDM-Be-1822/p-031.npy,ea997525034fc3187b6d348c0765d4ea89db61a5d5924a48b37de330c7a6dcf8,"(34, 28, 9)",uint8
test,Benign,BreaDM-Be-1822,test/Benign/BreaDM-Be-1822/p-032.npy,3e84f3fb05115d3fb49b83b837d67d7010f53b1566dc094098c6dd33176a7b2c,"(34, 28, 9)",uint8
test,Benign,BreaDM-Be-1822,test/Benign/BreaDM-Be-1822/p-033.npy,cb84a95012ed994518fb0a0a4c7180ea32501cf6aacd1d76b58c0ec0e23ee97a,"(34, 28, 9)",uint8
test,Benign,BreaDM-Be-1822,test/Benign/BreaDM-Be-1822/p-034.npy,6c0a8e9635b0873ab130f57a7848f880a5bb2772caf5952f06da9f7892badca5,"(34, 28, 9)",uint8
test,Benign,BreaDM-Be-1822,test/Benign/BreaDM-Be-1822/p-035.npy,09f2b8425b13f2ede1e89b4ac407fbe5ec185db00b687dcb3806d78ecf5cddd9,"(34, 28, 9)",uint8
test,Benign,BreaDM-Be-1822,test/Benign/BreaDM-Be-1822/p-036.npy,a7fd538f618c0d775e18cb58a6a655fbd756c7510574cf3c00ed458dd7881e3f,"(34, 28, 9)",uint8
test,Benign,BreaDM-Be-1822,test/Benign/BreaDM-Be-1822/p-037.npy,6cbb7bf190caa641d88c21aaa4743ee689c2e2c81931f72ddc8de3fb47baaaf9,"(34, 28, 9)",uint8
test,Benign,BreaDM-Be-1822,test/Benign/BreaDM-Be-1822/p-038.npy,1cc31fd71674813228751df0fd9e5db89a94365ce5255983d7330afd21efc8c7,"(34, 28, 9)",uint8
test,Benign,BreaDM-Be-1822,test/Benign/BreaDM-Be-1822/p-039.npy,9c0fd3a57c8736b3e64a928ad1512a169ccadb1a3a43cef65d5af986a63550fb,"(34, 28, 9)",uint8
test,Benign,BreaDM-Be-1826,test/Benign/BreaDM-Be-1826/p-026.npy,241cd9b6dedc9580c60ab2af7971baca065ea95bbccb57d40ffedbfcea707c3d,"(14, 12, 9)",uint8
test,Benign,BreaDM-Be-1826,test/Benign/BreaDM-Be-1826/p-027.npy,d9fd86f33a8cf83469a83b6b408483d664c263217f838aaf313c48641ccfa2b7,"(14, 12, 9)",uint8
test,Benign,BreaDM-Be-1906,test/Benign/BreaDM-Be-1906/p-010.npy,19afbf7e56131ed0aeda9f48529eec8918fb00542864b2055fe2459d20e4449e,"(29, 26, 9)",uint8
test,Benign,BreaDM-Be-1906,test/Benign/BreaDM-Be-1906/p-011.npy,b80b7c721eea56ce5d92cbf8221a5eb5372f5dd8c6ea606cb05c98dcc9928ecd,"(29, 26, 9)",uint8
test,Benign,BreaDM-Be-1906,test/Benign/BreaDM-Be-1906/p-012.npy,f7ceadc7d3c822ecebd728a582c1b311671b888e0f84d807922f5d28adf59fc6,"(29, 26, 9)",uint8
test,Benign,BreaDM-Be-1906,test/Benign/BreaDM-Be-1906/p-013.npy,0f92d3b073701c2c0aacee3e51d5fa0fceb6c689a7548342e76869b343730d93,"(29, 26, 9)",uint8
test,Benign,BreaDM-Be-1906,test/Benign/BreaDM-Be-1906/p-014.npy,49f526ef3ca4fbe72c260a9f1a9ed27f2e00066617326428ad061af50bd1b069,"(29, 26, 9)",uint8
test,Benign,BreaDM-Be-1906,test/Benign/BreaDM-Be-1906/p-015.npy,731f574aca47e8fb307dbf068bec6f727e5741f98b123bdd8fb65bc29db8dbd9,"(29, 26, 9)",uint8
test,Benign,BreaDM-Be-1906,test/Benign/BreaDM-Be-1906/p-016.npy,973d1e1b24fed1afd5b3d86250bbd76603789da60efafb00a42d51b6c12b1d89,"(29, 26, 9)",uint8
test,Benign,BreaDM-Be-1906,test/Benign/BreaDM-Be-1906/p-017.npy,5fe37ce7d22fcf81b4e163216164fd3dffe299698a52964981b483eb999ad54f,"(29, 26, 9)",uint8
test,Benign,BreaDM-Be-1906,test/Benign/BreaDM-Be-1906/p-018.npy,57bbb9a7f7075d0e9166593e6c2798fbe501c77cafca7fffbe444de227ddfe8c,"(29, 26, 9)",uint8
test,Benign,BreaDM-Be-1906,test/Benign/BreaDM-Be-1906/p-019.npy,b34615e0aa4237bbf9d4a603bb8b24664249db9fe73ffb1256d79e82d554ce17,"(29, 26, 9)",uint8
test,Benign,BreaDM-Be-1907,test/Benign/BreaDM-Be-1907/p-029.npy,a79a6c27ca6b14ae8741c250a23b8e449b222174f0468cf6289667f6ab723307,"(13, 17, 9)",uint8
test,Benign,BreaDM-Be-1907,test/Benign/BreaDM-Be-1907/p-030.npy,5261ac3aac8e144f4c71f12241c94656ef4431ba4fa2b9272dbf7798afe90b68,"(13, 17, 9)",uint8
test,Benign,BreaDM-Be-1907,test/Benign/BreaDM-Be-1907/p-031.npy,a7661b0890ef591c62ba433f815b002553b36ed1428eef24bc273170824b7103,"(13, 17, 9)",uint8
test,Benign,BreaDM-Be-1909,test/Benign/BreaDM-Be-1909/p-023.npy,fac729cc180cd1173a14e4d5688b899db43ec634539f1a64136ad0f2f7d24a36,"(55, 44, 9)",uint8
test,Benign,BreaDM-Be-1909,test/Benign/BreaDM-Be-1909/p-024.npy,246f4ffd059d8e6fa14727eeb3683ee92d8ad2f0b0e49f00a29f9b10e34bc512,"(55, 44, 9)",uint8
test,Benign,BreaDM-Be-1909,test/Benign/BreaDM-Be-1909/p-025.npy,dded45212313706cd249a7bd9039274a8b52b6af852764d51403163652aadd5b,"(55, 44, 9)",uint8
test,Benign,BreaDM-Be-1909,test/Benign/BreaDM-Be-1909/p-026.npy,6867074acd1970e4ca91e57329d17af490135df064dde9c421164e5eb4fa2c5c,"(55, 44, 9)",uint8
test,Benign,BreaDM-Be-1909,test/Benign/BreaDM-Be-1909/p-027.npy,6bacddcad234a011c1f8b79174d81eb286e825abff19039e2c4d30c4eaf55631,"(55, 44, 9)",uint8
test,Benign,BreaDM-Be-1909,test/Benign/BreaDM-Be-1909/p-028.npy,bbdc35695fec579623a5bdd9c7616fcac5d547cfc71199c1d541eef481c3b791,"(55, 44, 9)",uint8
test,Benign,BreaDM-Be-1909,test/Benign/BreaDM-Be-1909/p-029.npy,7ff8253985663fe210384c8692d50c34e6ef58f69e4835d0416f91f1b1878212,"(55, 44, 9)",uint8
test,Benign,BreaDM-Be-1909,test/Benign/BreaDM-Be-1909/p-030.npy,a8abc11ab34e209589854e53fec7ee3ccb32544b9c2d853a8944c8de8dae6aea,"(55, 44, 9)",uint8
test,Benign,BreaDM-Be-1909,test/Benign/BreaDM-Be-1909/p-031.npy,ea5a27ac786e66b7b7c6c16fae16e116dd1e0d494dee23a2fa7f2b11e580dd9f,"(55, 44, 9)",uint8
test,Benign,BreaDM-Be-1909,test/Benign/BreaDM-Be-1909/p-032.npy,911bd28504ae5ca20590d842fe3e7a919581586d327f296968d01985e05aefab,"(55, 44, 9)",uint8
test,Benign,BreaDM-Be-1909,test/Benign/BreaDM-Be-1909/p-033.npy,b5954d1682bcf32b4ac85a5b690912e71a898e8fceb80681110311c73f83c5f0,"(55, 44, 9)",uint8
test,Benign,BreaDM-Be-1909,test/Benign/BreaDM-Be-1909/p-034.npy,be6cb0d62715b6228aa438a052373854c06dbb972b06edfbb0ad1f2c2722a54e,"(55, 44, 9)",uint8
test,Benign,BreaDM-Be-1909,test/Benign/BreaDM-Be-1909/p-035.npy,02a8b6b2f523c7be8c2a3acb67443a6be0c048bdb57bfec7777e22a2f2d92cc7,"(55, 44, 9)",uint8
test,Benign,BreaDM-Be-1909,test/Benign/BreaDM-Be-1909/p-036.npy,825a11a1446aa1d914c10225eeb848f811a0740a11e8c4b0edcf5d0f306f04e5,"(55, 44, 9)",uint8
test,Benign,BreaDM-Be-1909,test/Benign/BreaDM-Be-1909/p-037.npy,f1df5f3f55e6e78c45fa3f5d912f8b8fed0f07f0351bf1e8536cac85165e606e,"(55, 44, 9)",uint8
test,Benign,BreaDM-Be-1909,test/Benign/BreaDM-Be-1909/p-038.npy,0ad3fff3f87ef1e4a1b2309f191ba815ee58593c0c6b0d0f88cb6b4961e91a55,"(55, 44, 9)",uint8
test,Benign,BreaDM-Be-1909,test/Benign/BreaDM-Be-1909/p-039.npy,56d9778816992d890f19c2835bc00ed231f7b71c53838496ec139d00215b7abe,"(55, 44, 9)",uint8
test,Benign,BreaDM-Be-1909,test/Benign/BreaDM-Be-1909/p-040.npy,3795ef7f3765b8e0b3c11f5e901e97670d95b41129381fd51d67d5f25f8c4fc2,"(55, 44, 9)",uint8
test,Benign,BreaDM-Be-1909,test/Benign/BreaDM-Be-1909/p-041.npy,659319251c7c3cbcc6f3cd3f53ae2ea6f480b12af10af4ff98d027c47bd58bc5,"(55, 44, 9)",uint8
test,Benign,BreaDM-Be-1909,test/Benign/BreaDM-Be-1909/p-042.npy,59cb7b261472896bb9b631ba7f6d9e6bcc1cc24299c80951984f1e57185cdd41,"(55, 44, 9)",uint8
test,Benign,BreaDM-Be-1909,test/Benign/BreaDM-Be-1909/p-043.npy,bbc2d8680d27787e7e59cf6274de35672c4bae8d19e6d1771a57d6fb79cfa4b5,"(55, 44, 9)",uint8
test,Benign,BreaDM-Be-1909,test/Benign/BreaDM-Be-1909/p-044.npy,e81f580fb0ca5212a83eed8537182ed20dc527727a04591eddadae3f89e59115,"(55, 44, 9)",uint8
test,Benign,BreaDM-Be-1909,test/Benign/BreaDM-Be-1909/p-045.npy,4886c9358af017b1093d30038d9edd397b74513981d3883e20dfb5df21956158,"(55, 44, 9)",uint8
test,Benign,BreaDM-Be-1909,test/Benign/BreaDM-Be-1909/p-046.npy,ee25f65cfe923934d5fb7142e90f35465a2fce69d85b5708d7f5c05198fe2c00,"(55, 44, 9)",uint8
test,Benign,BreaDM-Be-1914,test/Benign/BreaDM-Be-1914/p-030.npy,13040c05b9820d5a3e1ec79dc4dd978e9ae1b8f3daa04e28360a42c025c8bf44,"(14, 17, 9)",uint8
test,Benign,BreaDM-Be-1914,test/Benign/BreaDM-Be-1914/p-031.npy,c74776034aec912a56ba1342c0c7ec580430f3f08b753c834795b23fa2bb5623,"(14, 17, 9)",uint8
test,Benign,BreaDM-Be-1914,test/Benign/BreaDM-Be-1914/p-032.npy,464df87a4b4f4b55fdc90a66f3531e3c69f245086b08212560f8dd0e8b072298,"(14, 17, 9)",uint8
test,Benign,BreaDM-Be-2001,test/Benign/BreaDM-Be-2001/p-031.npy,aad1b3ce16debda44285ebe1f9134fe4db0842ce491f8ac136f769d7226f1cb5,"(20, 18, 9)",uint8
test,Benign,BreaDM-Be-2001,test/Benign/BreaDM-Be-2001/p-032.npy,9b4ebec00f589f86dd4ddf3e6d6496b80d3f6454273e55383d821ad0a499dd50,"(20, 18, 9)",uint8
test,Benign,BreaDM-Be-2001,test/Benign/BreaDM-Be-2001/p-033.npy,f3abd0cec6e8850d27af1340caa40fc881367c72a2fe083da5a5b105327280fd,"(20, 18, 9)",uint8
test,Benign,BreaDM-Be-2001,test/Benign/BreaDM-Be-2001/p-034.npy,c4a897799a2fd1ce0c672c3405f07af9a68c7ae6faaaa7af4e758f1dfc0c9c51,"(20, 18, 9)",uint8
test,Benign,BreaDM-Be-2002,test/Benign/BreaDM-Be-2002/p-012.npy,41b63e274542053324cf4078a101ba0cf76e547d40842dc24b4ccde855555e57,"(20, 24, 9)",uint8
test,Benign,BreaDM-Be-2002,test/Benign/BreaDM-Be-2002/p-013.npy,8dd110cf68e7bcdbc715066d7f5ffbf4ed50d3be7e32e8676fc0c048f7357e79,"(20, 24, 9)",uint8
test,Benign,BreaDM-Be-2002,test/Benign/BreaDM-Be-2002/p-014.npy,e0889707f83ed7288c97548030bd2ead70fe784e3f965adced31c8394ac04c07,"(20, 24, 9)",uint8
test,Benign,BreaDM-Be-2002,test/Benign/BreaDM-Be-2002/p-015.npy,cb5cb3c86ac6be1a00b857581ac4ec41f024cc28a95919e3d9d48f5f44183d25,"(20, 24, 9)",uint8
test,Benign,BreaDM-Be-2002,test/Benign/BreaDM-Be-2002/p-016.npy,d80e9be9fadd5cad511f03643d8972b7543bec1bf464cc5b0966e84f4f8b711e,"(20, 24, 9)",uint8
test,Benign,BreaDM-Be-2013,test/Benign/BreaDM-Be-2013/p-031.npy,5dca43e2104a92484f27314aa032c6818b1168c9f2acfa621a92c41fc54630af,"(20, 21, 9)",uint8
test,Benign,BreaDM-Be-2013,test/Benign/BreaDM-Be-2013/p-032.npy,32b280d89753b917d135c6bdccf466437a498b84edfb0c76ad4d39002765f10e,"(20, 21, 9)",uint8
test,Benign,BreaDM-Be-2013,test/Benign/BreaDM-Be-2013/p-033.npy,559402e4818a83924d402b6c58bb3e7350ed56efed88d99c26aa4b2cbf958835,"(20, 21, 9)",uint8
test,Benign,BreaDM-Be-2013,test/Benign/BreaDM-Be-2013/p-034.npy,72d4416267a6c06f5e3bb21a09701ba2066f84e250e718ec0f53fa78bae643a5,"(20, 21, 9)",uint8
test,Benign,BreaDM-Be-2013,test/Benign/BreaDM-Be-2013/p-035.npy,23566f84a8084b6a59c47d4f72ded8e54e3b80e29c4e3478d83aa07e6a33261c,"(20, 21, 9)",uint8
test,Benign,BreaDM-Be-2019,test/Benign/BreaDM-Be-2019/p-052.npy,83ddaad1363e4fcf3a7133812170d3d19a5c99c779aee97b40e039689b95dfff,"(10, 11, 9)",uint8
test,Benign,BreaDM-Be-2019,test/Benign/BreaDM-Be-2019/p-053.npy,d8b7ed493d6375712510355db5d31e954e20c108328a267c822fc68670a48bd6,"(10, 11, 9)",uint8
test,Benign,BreaDM-Be-2019,test/Benign/BreaDM-Be-2019/p-054.npy,691f2222c50f4f426ac20b8baaa5ce04846a07e5f0b7761f401963e65000465f,"(10, 11, 9)",uint8
test,Benign,BreaDM-Be-2019,test/Benign/BreaDM-Be-2019/p-055.npy,8dbfe5a907a4b7c99fdf59f3c327ef0b4179409a4acf35107b0a828fdcdc8375,"(10, 11, 9)",uint8
test,Benign,BreaDM-Be-2020,test/Benign/BreaDM-Be-2020/p-042.npy,7249d3066894837b389a78a3f48b71f8eb0992d423c40f36a504fc976632901d,"(20, 23, 9)",uint8
test,Benign,BreaDM-Be-2020,test/Benign/BreaDM-Be-2020/p-043.npy,5a2630420ea97e640f180ac6b49937924b20767678bb61f272ef0e4d6e168fb0,"(20, 23, 9)",uint8
test,Benign,BreaDM-Be-2020,test/Benign/BreaDM-Be-2020/p-044.npy,607ebd06b0051dfe10e56d7331a2ac01b90565e636cdaa05965f02e3faa72eea,"(20, 23, 9)",uint8
test,Benign,BreaDM-Be-2020,test/Benign/BreaDM-Be-2020/p-045.npy,923564f7d38b2300c4f966218176b46d66d1a83525f07ce83b5be14ed221530a,"(20, 23, 9)",uint8
test,Benign,BreaDM-Be-2020,test/Benign/BreaDM-Be-2020/p-046.npy,2074e2ee45f16d1a312cea75ed19c90d9506cc42a661541af13c1bd140eaef4d,"(20, 23, 9)",uint8
test,Benign,BreaDM-Be-2020,test/Benign/BreaDM-Be-2020/p-047.npy,d001172db7759d2ad3efa6b7a9e13ab2b1a2d9f1d13269bceef8f5e2849e19e9,"(20, 23, 9)",uint8
test,Benign,BreaDM-Be-2020,test/Benign/BreaDM-Be-2020/p-048.npy,fdf1eb0eac9751acd762966662cc70b15da6125367a37e9eba38ec629723dd9c,"(20, 23, 9)",uint8
test,Benign,BreaDM-Be-2020,test/Benign/BreaDM-Be-2020/p-049.npy,537953e9b559db54c748ba232765c53a396170bbb2962fcf7b1fa69f91916e14,"(20, 23, 9)",uint8
test,Benign,BreaDM-Be-2020,test/Benign/BreaDM-Be-2020/p-050.npy,d5cc3627a6b0f5969dbb0e97cbb725c64064da934f9bc7c9eacf454db1652e7f,"(20, 23, 9)",uint8
test,Benign,BreaDM-Be-2022,test/Benign/BreaDM-Be-2022/p-030.npy,a8bab1a84d7d1f921f7e21143eccb6b0245e357392f99c304eb8e02a1f50a6dc,"(31, 21, 9)",uint8
test,Benign,BreaDM-Be-2022,test/Benign/BreaDM-Be-2022/p-031.npy,22126a85ae373e61c72ad511dc8fe091a2ade815ac08ae9a5f6c0945dfe18b19,"(31, 21, 9)",uint8
test,Benign,BreaDM-Be-2022,test/Benign/BreaDM-Be-2022/p-032.npy,f2ea5f940a6f96bcbb58847b8af34212c47c9341192812c60a189455c1e6a119,"(31, 21, 9)",uint8
test,Benign,BreaDM-Be-2022,test/Benign/BreaDM-Be-2022/p-033.npy,f72a95f855da6deb3227082f5a86b97d1db8da1c02bc167bc1d9303833cda524,"(31, 21, 9)",uint8
test,Benign,BreaDM-Be-2022,test/Benign/BreaDM-Be-2022/p-034.npy,768e5a61067367be1364797817eb8d7b54b1fa9aebfec3d34444035f270f793d,"(31, 21, 9)",uint8
test,Benign,BreaDM-Be-2022,test/Benign/BreaDM-Be-2022/p-035.npy,23384fa3c9f0dc84efe68d8ed61b10679ffe579ebb95be1313ada09fe6105066,"(31, 21, 9)",uint8
test,Benign,BreaDM-Be-2022,test/Benign/BreaDM-Be-2022/p-036.npy,2f5cb1992e7a42cf8bd9450d95a4200460b5670be2243da56e204acb97ba6ffe,"(31, 21, 9)",uint8
test,Benign,BreaDM-Be-2022,test/Benign/BreaDM-Be-2022/p-037.npy,548f9f81fe152758a0be47631e1b112368dbf499719aad5a3b5562d63b4cf1ec,"(31, 21, 9)",uint8
test,Benign,BreaDM-Be-2102,test/Benign/BreaDM-Be-2102/p-023.npy,5091b06d631ef1f5a06ea1c16e3a8dd788c960d51c06c6fd130e99536051a502,"(24, 23, 9)",uint8
test,Benign,BreaDM-Be-2102,test/Benign/BreaDM-Be-2102/p-024.npy,7dabec1dd34c6a92da2fb06c3db55f69a1ce2e17a5ec24ee86270bb53ac9f28d,"(24, 23, 9)",uint8
test,Benign,BreaDM-Be-2102,test/Benign/BreaDM-Be-2102/p-025.npy,54d9ffd6e44a84bf4f888ddaf1522569d566a0305b77469139553cb90cfd899b,"(24, 23, 9)",uint8
test,Benign,BreaDM-Be-2102,test/Benign/BreaDM-Be-2102/p-026.npy,4b00ec6e740fc9afc265689d0aef807767671f5395271061abb5f83b9fe703d8,"(24, 23, 9)",uint8
test,Benign,BreaDM-Be-2102,test/Benign/BreaDM-Be-2102/p-027.npy,3ce3a53414e1c733b944cb89de2910a7eee0ab9f15d3e83f7224c720649d75e7,"(24, 23, 9)",uint8
test,Benign,BreaDM-Be-2102,test/Benign/BreaDM-Be-2102/p-028.npy,225b32f0dd138f3b54003902370fba781e3e69df075b758b38bbdd0be0f7f950,"(24, 23, 9)",uint8
test,Benign,BreaDM-Be-2102,test/Benign/BreaDM-Be-2102/p-029.npy,e3081c6f60f3c1f19bc200179836ee0d28d8bd829202a9399f702d309f949896,"(24, 23, 9)",uint8
test,Benign,BreaDM-Be-2102,test/Benign/BreaDM-Be-2102/p-030.npy,8ea111e87d344d88f55c4db781265988c5d97ac314778224a51db8919b735a5b,"(24, 23, 9)",uint8
test,Benign,BreaDM-Be-2102,test/Benign/BreaDM-Be-2102/p-031.npy,56d1b3058e5fd68ef1730cf940524ae4c2fea7eeedc04e0a8ce5f269973bc0a2,"(24, 23, 9)",uint8
test,Benign,BreaDM-Be-2111,test/Benign/BreaDM-Be-2111/p-054.npy,4cb26a366e2b618cb06c2ddcefb4eca9b22d14af455042b37cdbe6d283a9689b,"(16, 18, 9)",uint8
test,Benign,BreaDM-Be-2111,test/Benign/BreaDM-Be-2111/p-055.npy,9c3a2a6289c9f712e3c53976d195207fc1d4a58cd56cf81e7d7a6fa779bff918,"(16, 18, 9)",uint8
test,Benign,BreaDM-Be-2111,test/Benign/BreaDM-Be-2111/p-056.npy,451833f3550416bce84304013c1aee1b5ad92f8c92ec010c74e3c5b63e8a3368,"(16, 18, 9)",uint8
test,Benign,BreaDM-Be-2113,test/Benign/BreaDM-Be-2113/p-063.npy,9901a7aaa8cc7e0aa11596e249f7f6647c2e19b47ea86d32da048b05cd30959a,"(13, 15, 9)",uint8
test,Benign,BreaDM-Be-2113,test/Benign/BreaDM-Be-2113/p-064.npy,e2d47825bda5cfb698ae287878e1f85317a4936861b506a82245540703337415,"(13, 15, 9)",uint8
test,Benign,BreaDM-Be-2113,test/Benign/BreaDM-Be-2113/p-065.npy,405440e3a07d7f111041c61fe6fe169398345f916180b8ce14bdeb2df3f63594,"(13, 15, 9)",uint8
test,Benign,BreaDM-Be-2113,test/Benign/BreaDM-Be-2113/p-066.npy,98940add709183e99e64727bd9e68c19a59a45b4eb7cfc0104447acc369a597d,"(13, 15, 9)",uint8
test,Benign,BreaDM-Be-2113,test/Benign/BreaDM-Be-2113/p-067.npy,290ca2c705c9f56ebbdde4b9009e240849b437c52009d8fe67dd477e48718cb8,"(13, 15, 9)",uint8
test,Benign,BreaDM-Be-2113,test/Benign/BreaDM-Be-2113/p-068.npy,7d3caf620ad0119fd969e4f114d2762e76c2dea212ee710c940d40cf6fed81f4,"(13, 15, 9)",uint8
test,Benign,BreaDM-Be-2113,test/Benign/BreaDM-Be-2113/p-069.npy,7c97adcfd7f9c9aa6a769b9f6488b995b231c3251846104148d48dbe1634be59,"(13, 15, 9)",uint8
test,Benign,BreaDM-Be-2113,test/Benign/BreaDM-Be-2113/p-070.npy,01c0a33c95487a5009e7f990fc9caa79a35a489577fa64581d37de445007c11b,"(13, 15, 9)",uint8
test,Benign,BreaDM-Be-2113,test/Benign/BreaDM-Be-2113/p-071.npy,f99256b5e872f0f0870f96a7e260ea051f795af4b096dff8a05371efd73a2b46,"(13, 15, 9)",uint8
test,Malignant,BreaDM-Ma-1801,test/Malignant/BreaDM-Ma-1801/p-041.npy,3b9755f6e59e30da5afe66df4ebdc037c16a44f3330bb59fa1303826ada29748,"(20, 17, 9)",uint8
test,Malignant,BreaDM-Ma-1801,test/Malignant/BreaDM-Ma-1801/p-042.npy,d4902c420439a99cb2501170f784eed14be0c0b15aee61e283c020433eb6ca3b,"(20, 17, 9)",uint8
test,Malignant,BreaDM-Ma-1801,test/Malignant/BreaDM-Ma-1801/p-043.npy,c9497007912e62ecccacf660dd28639c16fbeb06b46e191a4e4e41e313829bab,"(20, 17, 9)",uint8
test,Malignant,BreaDM-Ma-1801,test/Malignant/BreaDM-Ma-1801/p-044.npy,725c63c18a0221e47049195210bac965ab153b65234a5199b19974b21cdbf8b0,"(20, 17, 9)",uint8
test,Malignant,BreaDM-Ma-1801,test/Malignant/BreaDM-Ma-1801/p-045.npy,36aed0cfdb7dc2f1d72ce0efa6c77f467620730e6fedcfbe0c48545e22ba56d1,"(20, 17, 9)",uint8
test,Malignant,BreaDM-Ma-1821,test/Malignant/BreaDM-Ma-1821/p-042.npy,ea0c8e897bcc7aaad7455ee20bba7999c9465feb8b75134aefd389d6d00d6a4b,"(23, 21, 9)",uint8
test,Malignant,BreaDM-Ma-1821,test/Malignant/BreaDM-Ma-1821/p-043.npy,38a21e79212958f3c639f65afdc484aa2272ff3fb1aa71f2a5416abdd04bba86,"(23, 21, 9)",uint8
test,Malignant,BreaDM-Ma-1821,test/Malignant/BreaDM-Ma-1821/p-044.npy,2527149319dbf68c33321247ac0e46e1e9d7e65e83856e61d2637d8cd68c7510,"(23, 21, 9)",uint8
test,Malignant,BreaDM-Ma-1821,test/Malignant/BreaDM-Ma-1821/p-045.npy,39cbf63eef89705be36f4aebb58299fcd55d054d21c25f47d25e37d203a54061,"(23, 21, 9)",uint8
test,Malignant,BreaDM-Ma-1821,test/Malignant/BreaDM-Ma-1821/p-046.npy,19c5eac5212516ea95a71548260748a27e61933b32ce0887d0e6b198ac41080a,"(23, 21, 9)",uint8
test,Malignant,BreaDM-Ma-1821,test/Malignant/BreaDM-Ma-1821/p-047.npy,8ac365f478ea71bbc4b363b2b77cb1df3cc1968812cafebe094e5f06fd448506,"(23, 21, 9)",uint8
test,Malignant,BreaDM-Ma-1821,test/Malignant/BreaDM-Ma-1821/p-048.npy,31b7d98c29ba53d48dab00fd1daad403b292775e8fa90b7a005656e96bc7268b,"(23, 21, 9)",uint8
test,Malignant,BreaDM-Ma-1821,test/Malignant/BreaDM-Ma-1821/p-049.npy,8a4b43eb7681587146e44080caae54e3f154d8721c91832974043d2d858fac65,"(23, 21, 9)",uint8
test,Malignant,BreaDM-Ma-1824,test/Malignant/BreaDM-Ma-1824/p-029.npy,ca525be62077699eab0712e4de72ed7427ebef3d84ea531dbc7c214fbce1341d,"(24, 23, 9)",uint8
test,Malignant,BreaDM-Ma-1824,test/Malignant/BreaDM-Ma-1824/p-030.npy,48b980dfe50da6b03d84c76eadfdef9a1f84ff193528f723c031011ef1497664,"(24, 23, 9)",uint8
test,Malignant,BreaDM-Ma-1824,test/Malignant/BreaDM-Ma-1824/p-031.npy,250773e48b0e420f98a533b7312e192ba4137eb6979f791d748a24c5f427f4e8,"(24, 23, 9)",uint8
test,Malignant,BreaDM-Ma-1824,test/Malignant/BreaDM-Ma-1824/p-032.npy,712f1cde477c90a3c034681dcc47797038fce295f5d1cacbeb9aed5736f25d06,"(24, 23, 9)",uint8
test,Malignant,BreaDM-Ma-1824,test/Malignant/BreaDM-Ma-1824/p-033.npy,2370b71ecb34413dbbddcb3bf2c4816b2f8774a165984d155c734b6984b81a18,"(24, 23, 9)",uint8
test,Malignant,BreaDM-Ma-1908,test/Malignant/BreaDM-Ma-1908/p-042.npy,36b24c1b91b30c3da2b24f9b41425eb939a402d127ca1e4113e3ce4a8b55ac16,"(17, 17, 9)",uint8
test,Malignant,BreaDM-Ma-1908,test/Malignant/BreaDM-Ma-1908/p-043.npy,8c20869a3f34e7e0dd34bd93dff5c3ec54ab1b710884c7f2f09757f94a89848d,"(17, 17, 9)",uint8
test,Malignant,BreaDM-Ma-1908,test/Malignant/BreaDM-Ma-1908/p-044.npy,44a763dba9e2e1dae8b4a4b2db84aa4e28d20f721ef83b8cb876adb388369cad,"(17, 17, 9)",uint8
test,Malignant,BreaDM-Ma-1908,test/Malignant/BreaDM-Ma-1908/p-045.npy,36c3e8ba2242577af4fc4d6857a337bd115e09c57890d9bc5b798e403380a357,"(17, 17, 9)",uint8
test,Malignant,BreaDM-Ma-1908,test/Malignant/BreaDM-Ma-1908/p-046.npy,5252754beb2e5ccde4bf32a97c01e71886abd5ffaf7e547d771ab9888a86d329,"(17, 17, 9)",uint8
test,Malignant,BreaDM-Ma-1908,test/Malignant/BreaDM-Ma-1908/p-047.npy,d58a35a46b0440c7b3a06946cc812237a1965f38cc2564b3dbd1fc6c9c6646f1,"(17, 17, 9)",uint8
test,Malignant,BreaDM-Ma-1909,test/Malignant/BreaDM-Ma-1909/p-045.npy,e891351e5d68afa2bc7cdf2563676dc808bd152a7245b9335e8fd4088d71b18d,"(12, 14, 9)",uint8
test,Malignant,BreaDM-Ma-1909,test/Malignant/BreaDM-Ma-1909/p-046.npy,da2347c49f1b76ae14dd0bee6bf4884dd063a1b5fe0e2e459d249b807e370d21,"(12, 14, 9)",uint8
test,Malignant,BreaDM-Ma-1909,test/Malignant/BreaDM-Ma-1909/p-047.npy,1eaf578d4778a2133a179cbd064816241454f40abfb182890ea8dbf5dce5b7c6,"(12, 14, 9)",uint8
test,Malignant,BreaDM-Ma-1915,test/Malignant/BreaDM-Ma-1915/p-019.npy,75067629db930f0cad1632f220ad6eb39470132b7273f48b7c248e2ef081dc78,"(53, 58, 9)",uint8
test,Malignant,BreaDM-Ma-1915,test/Malignant/BreaDM-Ma-1915/p-020.npy,c0c01a6f9721260f24dde12bb06aee48339784774c1af7cd835101bafa661fb0,"(53, 58, 9)",uint8
test,Malignant,BreaDM-Ma-1915,test/Malignant/BreaDM-Ma-1915/p-021.npy,871f66d99365d820fd6839ef828d0a07ff78fee1398aff119ef54f153be8531d,"(53, 58, 9)",uint8
test,Malignant,BreaDM-Ma-1915,test/Malignant/BreaDM-Ma-1915/p-022.npy,264591151111cd81b3d3a60ed51d820fc41ebf29f2f4152366f7738ec8789498,"(53, 58, 9)",uint8
test,Malignant,BreaDM-Ma-1915,test/Malignant/BreaDM-Ma-1915/p-023.npy,527234b13e9cec33f7e764c6a6fc571506843d52a9077aca26843858e8966416,"(53, 58, 9)",uint8
test,Malignant,BreaDM-Ma-1915,test/Malignant/BreaDM-Ma-1915/p-024.npy,cd9a9b87de1f13e0938b9b7faaebcfb78153c0927cce4c329bff08ad7c4e2053,"(53, 58, 9)",uint8
test,Malignant,BreaDM-Ma-1915,test/Malignant/BreaDM-Ma-1915/p-025.npy,a2a06d55d9ec387cbba2d38f608ab7142900b37309e589594688e73c8bf80a6e,"(53, 58, 9)",uint8
test,Malignant,BreaDM-Ma-1915,test/Malignant/BreaDM-Ma-1915/p-026.npy,b73cfe5177f66b10b0937c22b026d8d9eed7e38d875373c285aa38dc8b88b42a,"(53, 58, 9)",uint8
test,Malignant,BreaDM-Ma-1915,test/Malignant/BreaDM-Ma-1915/p-027.npy,ff498390d5ee744f7ac100e50ca68d04ecac73bd827ae9cfc8ea87c8c0bfe5c2,"(53, 58, 9)",uint8
test,Malignant,BreaDM-Ma-1915,test/Malignant/BreaDM-Ma-1915/p-028.npy,f544b0e8e9e6cc66975fe6b706b2fed9a46bd2df23d7cbab0f0cac6fc582e5ca,"(53, 58, 9)",uint8
test,Malignant,BreaDM-Ma-1915,test/Malignant/BreaDM-Ma-1915/p-029.npy,4d9b2d9940ba9f71a999d531664419351fe55100f28c8f7df712c0976e5673d5,"(53, 58, 9)",uint8
test,Malignant,BreaDM-Ma-1915,test/Malignant/BreaDM-Ma-1915/p-030.npy,02cf1eadf1cf4b4b160e6a00275dad7578482ddb0e617127361c4ae7eff538da,"(53, 58, 9)",uint8
test,Malignant,BreaDM-Ma-1915,test/Malignant/BreaDM-Ma-1915/p-031.npy,5768e826918a5ac0e9e57a8a3fcce3c923e2fc55bad85233847398d014f5ab24,"(53, 58, 9)",uint8
test,Malignant,BreaDM-Ma-1915,test/Malignant/BreaDM-Ma-1915/p-032.npy,644e4e40d3a20ec54b7dcba7508d5354cd0b65b5c91da7d6160a79fc7a1b0d41,"(53, 58, 9)",uint8
test,Malignant,BreaDM-Ma-1915,test/Malignant/BreaDM-Ma-1915/p-033.npy,e98a052d192e7c092f2798a07838443802b6b50d64db74b4223bd4b199b86b0f,"(53, 58, 9)",uint8
test,Malignant,BreaDM-Ma-1915,test/Malignant/BreaDM-Ma-1915/p-034.npy,edbbb6e640ab63b25bad84af98fa092fb42120da32d137a130334e9a15e8d989,"(53, 58, 9)",uint8
test,Malignant,BreaDM-Ma-1916,test/Malignant/BreaDM-Ma-1916/p-036.npy,f892ebad65ae825069a5ed8250b2f2fd69edd1d25c9bcdda27b521e6b488b1c5,"(29, 30, 9)",uint8
test,Malignant,BreaDM-Ma-1916,test/Malignant/BreaDM-Ma-1916/p-037.npy,b0ea885fdd861babf650d160650a22b88aaee6b32d11a17fd20cd0f7085c07e0,"(29, 30, 9)",uint8
test,Malignant,BreaDM-Ma-1916,test/Malignant/BreaDM-Ma-1916/p-038.npy,1b29166317d003a7bcf562cbfb07421e91a971343331831bbf787b29344587db,"(29, 30, 9)",uint8
test,Malignant,BreaDM-Ma-1916,test/Malignant/BreaDM-Ma-1916/p-039.npy,2318948bacf4431a82162e8547c753b933ddf246e448376dbd72b7039571caff,"(29, 30, 9)",uint8
test,Malignant,BreaDM-Ma-1916,test/Malignant/BreaDM-Ma-1916/p-040.npy,55e2954d7d4cf4d12675094e102c931a37c44880a01d9b745f79d96dff46f9a3,"(29, 30, 9)",uint8
test,Malignant,BreaDM-Ma-1916,test/Malignant/BreaDM-Ma-1916/p-041.npy,23904def4435f2dff7440944b1552fa1b38c0eb4715f12e85bab6b68a3295ab6,"(29, 30, 9)",uint8
test,Malignant,BreaDM-Ma-1916,test/Malignant/BreaDM-Ma-1916/p-042.npy,8b4548358c0a027ff425e5e1165e99ec08bcb26ff0e12d1bd48e8da1b80d047c,"(29, 30, 9)",uint8
test,Malignant,BreaDM-Ma-1916,test/Malignant/BreaDM-Ma-1916/p-043.npy,2ac800e439467f07aae5bdb9a59886b62d6263a1ece6fca4b2a8c6a9a068b94e,"(29, 30, 9)",uint8
test,Malignant,BreaDM-Ma-1919,test/Malignant/BreaDM-Ma-1919/p-038.npy,6e31f6cf09ba97a8ebe27e083a6811589fb4c5cfb3eb84c7de5cd8f330742c66,"(35, 32, 9)",uint8
test,Malignant,BreaDM-Ma-1919,test/Malignant/BreaDM-Ma-1919/p-039.npy,48d9aae4f1cb210ceca5602b0f6a2d333f2ebd53efc965bc52d3470b196b822f,"(35, 32, 9)",uint8
test,Malignant,BreaDM-Ma-1919,test/Malignant/BreaDM-Ma-1919/p-040.npy,a51f6bb6ed95086e8133897257819e126f74607886c6a06b279efbae869e3ebb,"(35, 32, 9)",uint8
test,Malignant,BreaDM-Ma-1919,test/Malignant/BreaDM-Ma-1919/p-041.npy,09393df9cb4cfc0084ff6db7880b2c542ada6d716cba52e65dff52da968c6c60,"(35, 32, 9)",uint8
test,Malignant,BreaDM-Ma-1919,test/Malignant/BreaDM-Ma-1919/p-042.npy,c7e8451af98fcb4f558d7d30a40c07dd5ea69e7433cffdba29f4eccb879a8520,"(35, 32, 9)",uint8
test,Malignant,BreaDM-Ma-1919,test/Malignant/BreaDM-Ma-1919/p-043.npy,bfdbef4edf3660a2a198024f8fd448fe394a55e0789377385b53ccdc54c040c6,"(35, 32, 9)",uint8
test,Malignant,BreaDM-Ma-1919,test/Malignant/BreaDM-Ma-1919/p-044.npy,ffd9c387947779ad7ea7b786f3a893accf50c1dc2294f9bf466a440741e1fddd,"(35, 32, 9)",uint8
test,Malignant,BreaDM-Ma-1919,test/Malignant/BreaDM-Ma-1919/p-045.npy,cb19a43149b2db1067cb8e44a38f84224ef26813a0d935998933f8768fa8a630,"(35, 32, 9)",uint8
test,Malignant,BreaDM-Ma-1919,test/Malignant/BreaDM-Ma-1919/p-046.npy,7c23d5e70661ba4843a1cdc4131bbf7492b976d4c3d0b94691008d5e08d49350,"(35, 32, 9)",uint8
test,Malignant,BreaDM-Ma-1919,test/Malignant/BreaDM-Ma-1919/p-047.npy,7178c93c546ddc3a90940a17ae03b0244e471fb0b9e0b1c311e6fb01360f6a6d,"(35, 32, 9)",uint8
test,Malignant,BreaDM-Ma-1921,test/Malignant/BreaDM-Ma-1921/p-049.npy,d0c8d17d34bed9dde9a830ada6384de7ee62d892aee5c22da510f0975c4c30fa,"(17, 20, 9)",uint8
test,Malignant,BreaDM-Ma-1921,test/Malignant/BreaDM-Ma-1921/p-050.npy,b9f8731a732c2475388f8e02de3194c4999fdd9108629e7ed348d127885bc7d0,"(17, 20, 9)",uint8
test,Malignant,BreaDM-Ma-1921,test/Malignant/BreaDM-Ma-1921/p-051.npy,17556b8813535aba4f9d5d3f996f5065bb36c685d0d78f8f15b5d6c647fda1b8,"(17, 20, 9)",uint8
test,Malignant,BreaDM-Ma-1921,test/Malignant/BreaDM-Ma-1921/p-052.npy,be88a80fbbef037014d4feda576eb8e02e5731218671c6ff4130389a9326d170,"(17, 20, 9)",uint8
test,Malignant,BreaDM-Ma-1921,test/Malignant/BreaDM-Ma-1921/p-053.npy,764f77d13992c17b88ca7441e3fc9f86c8595e5b1a5004c49e71fe7298f2757c,"(17, 20, 9)",uint8
test,Malignant,BreaDM-Ma-1923,test/Malignant/BreaDM-Ma-1923/p-022.npy,cb81ac75c2a31fd03079823a6cd38decf608cdbe1d320c5d6c0beaff58345ed1,"(38, 40, 9)",uint8
test,Malignant,BreaDM-Ma-1923,test/Malignant/BreaDM-Ma-1923/p-023.npy,3eb84d79f254f96ab348a90202186568bbccd3ab4f336e434edd3612cda0a125,"(38, 40, 9)",uint8
test,Malignant,BreaDM-Ma-1923,test/Malignant/BreaDM-Ma-1923/p-024.npy,b1e3c4bd61bf79084f8453d890966b9f5d888bbe7cdf5f2c72a1598ca32d3eca,"(38, 40, 9)",uint8
test,Malignant,BreaDM-Ma-1923,test/Malignant/BreaDM-Ma-1923/p-025.npy,bbe7918684a10eac36e5bc5c165a56bb0e29c3ea62654cab01c352365cdc8351,"(38, 40, 9)",uint8
test,Malignant,BreaDM-Ma-1923,test/Malignant/BreaDM-Ma-1923/p-026.npy,2c4123a799a0a1d064f67e6ac9e3523556c167e09a96885a4bbda06c8a181cfe,"(38, 40, 9)",uint8
test,Malignant,BreaDM-Ma-1923,test/Malignant/BreaDM-Ma-1923/p-027.npy,31b5955f70253a357d6425885fa0f4ea62cf5b610f77be117216afb95cbb5a1d,"(38, 40, 9)",uint8
test,Malignant,BreaDM-Ma-1923,test/Malignant/BreaDM-Ma-1923/p-028.npy,8a5e242b79262e4bfa9e7f9547019fb61eb74280a69efca86624d46d057aa5fa,"(38, 40, 9)",uint8
test,Malignant,BreaDM-Ma-1923,test/Malignant/BreaDM-Ma-1923/p-029.npy,c6d377f812471df9a7f1a2cebc2f5798f0081cc5c9775d30787101833633b219,"(38, 40, 9)",uint8
test,Malignant,BreaDM-Ma-1923,test/Malignant/BreaDM-Ma-1923/p-030.npy,f80caa8564a8eb7dd3a4428612ac1bb1113d80786cc7b7d7cd019a38c68530a4,"(38, 40, 9)",uint8
test,Malignant,BreaDM-Ma-1923,test/Malignant/BreaDM-Ma-1923/p-031.npy,136affc92b0e24a4e8fc95395e2a40b4652243f08b4da11ae6e862c850183ea6,"(38, 40, 9)",uint8
test,Malignant,BreaDM-Ma-1923,test/Malignant/BreaDM-Ma-1923/p-032.npy,3374c191f622ee1a52b0bfceed124a557e332460dec1b5b5ac634b893abb49b0,"(38, 40, 9)",uint8
test,Malignant,BreaDM-Ma-1923,test/Malignant/BreaDM-Ma-1923/p-033.npy,ce40685e212da6e61c46c13c6156ab205c3af95057ca9308b6cd4215a58dc17a,"(38, 40, 9)",uint8
test,Malignant,BreaDM-Ma-1923,test/Malignant/BreaDM-Ma-1923/p-034.npy,227f4ae97787f1bc85a9ea3f6634d60b769a1774be541e0c2a8760e0dbad6468,"(38, 40, 9)",uint8
test,Malignant,BreaDM-Ma-2007,test/Malignant/BreaDM-Ma-2007/p-033.npy,a11f3d3266bb035e132d98e812f60a6fd4137ca77fc45c5478cb7f59a11afa0a,"(21, 28, 9)",uint8
test,Malignant,BreaDM-Ma-2007,test/Malignant/BreaDM-Ma-2007/p-034.npy,884f913b822d772906b86ed6d012411d8cf089a2fd21d18f60c83a4867c0982c,"(21, 28, 9)",uint8
test,Malignant,BreaDM-Ma-2007,test/Malignant/BreaDM-Ma-2007/p-035.npy,cc90f8f6e9be88e2b68fe85a32676987c6e30f03b8260a73c7f05babd9dc6821,"(21, 28, 9)",uint8
test,Malignant,BreaDM-Ma-2007,test/Malignant/BreaDM-Ma-2007/p-036.npy,dc468dfa185db0cf516f4bb69d8a965990614160835cbfc396c4160fab7e496a,"(21, 28, 9)",uint8
test,Malignant,BreaDM-Ma-2007,test/Malignant/BreaDM-Ma-2007/p-037.npy,41604aeb01a2f4c9e5dda3625875b03389bcbc448b28d13ab6477cdbf30f3f09,"(21, 28, 9)",uint8
test,Malignant,BreaDM-Ma-2007,test/Malignant/BreaDM-Ma-2007/p-038.npy,138cbe517aaf3760d1efc80e271dd6170cad5ae9c3ed1b899d96625276d99fcd,"(21, 28, 9)",uint8
test,Malignant,BreaDM-Ma-2007,test/Malignant/BreaDM-Ma-2007/p-039.npy,08ebab0033d7ba47f4677a2a2f9925cc1e5f20c296a0e36d6b432c5443886bdc,"(21, 28, 9)",uint8
test,Malignant,BreaDM-Ma-2007,test/Malignant/BreaDM-Ma-2007/p-040.npy,790658314f3a559c6fd347dbd3fff55b7f2870201c431771a4a7f38dbf4edb55,"(21, 28, 9)",uint8
test,Malignant,BreaDM-Ma-2007,test/Malignant/BreaDM-Ma-2007/p-041.npy,91fcb302372586be8ee3b49c0678870670be581e514b05611fb365278ff1ff14,"(21, 28, 9)",uint8
test,Malignant,BreaDM-Ma-2007,test/Malignant/BreaDM-Ma-2007/p-042.npy,1eba8c79a18aa9f206ef9782612a8313064293646a3d066595d0d5d66db3ff37,"(21, 28, 9)",uint8
test,Malignant,BreaDM-Ma-2007,test/Malignant/BreaDM-Ma-2007/p-043.npy,49129a06927e32426ecd5d2172fbae3d40a70701476cb94d601dfd15e11bf9e7,"(21, 28, 9)",uint8
test,Malignant,BreaDM-Ma-2007,test/Malignant/BreaDM-Ma-2007/p-044.npy,cfe0303b5a35fd14c900b6b297c61ff3a69648730430ababb9b33c47e2e65ab8,"(21, 28, 9)",uint8
test,Malignant,BreaDM-Ma-2007,test/Malignant/BreaDM-Ma-2007/p-045.npy,50c68b324559c001802d1ed8c7478f74bc48e4981cce4761f14a2c45c9f17e5f,"(21, 28, 9)",uint8
test,Malignant,BreaDM-Ma-2007,test/Malignant/BreaDM-Ma-2007/p-046.npy,34fe6b556d69f309473c7c3c1e246f4193c99f9043c106948af02fd05dcd73c9,"(21, 28, 9)",uint8
test,Malignant,BreaDM-Ma-2007,test/Malignant/BreaDM-Ma-2007/p-047.npy,b3be58ad0aa339c5d6a2c59e1c797c593d2e365203b8915deb4928af184a5ea7,"(21, 28, 9)",uint8
test,Malignant,BreaDM-Ma-2012,test/Malignant/BreaDM-Ma-2012/p-039.npy,5c78f06197c682a6ef11e8484cac52c455b58a1cade05d03d18cfceb10cfef57,"(44, 42, 9)",uint8
test,Malignant,BreaDM-Ma-2012,test/Malignant/BreaDM-Ma-2012/p-040.npy,9603b8785b9d5600f6ac668d6ecfd99f2ee152a62a757c239ac16c0c913a667a,"(44, 42, 9)",uint8
test,Malignant,BreaDM-Ma-2012,test/Malignant/BreaDM-Ma-2012/p-041.npy,2d6926af5dd9f2ad8c0a48b538266e50e85480c9fb2aeb08ade76e6040e2e625,"(44, 42, 9)",uint8
test,Malignant,BreaDM-Ma-2012,test/Malignant/BreaDM-Ma-2012/p-042.npy,655b02dab78de6d23b3f97f82ae135c0c49397a7c99c755b1fd3df37691bbc15,"(44, 42, 9)",uint8
test,Malignant,BreaDM-Ma-2012,test/Malignant/BreaDM-Ma-2012/p-043.npy,f80a01b899a3163a2362effef769f8804dce13f9208e5de1dcd0c1ac22f5886d,"(44, 42, 9)",uint8
test,Malignant,BreaDM-Ma-2012,test/Malignant/BreaDM-Ma-2012/p-044.npy,76b7e0b4eec5c368b9f2863602948608be5962fbbccb9072a8da5bed8adcbdae,"(44, 42, 9)",uint8
test,Malignant,BreaDM-Ma-2012,test/Malignant/BreaDM-Ma-2012/p-045.npy,a3311a4a447ee60ab8cc40eff12c37e7300e82db64582b11164659dfd3929d2d,"(44, 42, 9)",uint8
test,Malignant,BreaDM-Ma-2012,test/Malignant/BreaDM-Ma-2012/p-046.npy,88fd25a8ec91193a1cfe42c3653518e5203fffbb05f03bf6f29bf5eb15813d06,"(44, 42, 9)",uint8
test,Malignant,BreaDM-Ma-2012,test/Malignant/BreaDM-Ma-2012/p-047.npy,36dbe5ac5f8acd15fd3fc4445b08e37f384ac2c1068ac83d5b158a6050713f64,"(44, 42, 9)",uint8
test,Malignant,BreaDM-Ma-2012,test/Malignant/BreaDM-Ma-2012/p-048.npy,2e582c453c012493c51052ed207971ba21a0f6668a2483caceec9c33a4be0345,"(44, 42, 9)",uint8
test,Malignant,BreaDM-Ma-2012,test/Malignant/BreaDM-Ma-2012/p-049.npy,9ac27b512058dbf27f951a6999e0dba1ea96ff745b47b4a20a23dfb5a60b7e2d,"(44, 42, 9)",uint8
test,Malignant,BreaDM-Ma-2012,test/Malignant/BreaDM-Ma-2012/p-050.npy,d161a67b821d67781769b84a574b8c8a865bef66335868463c5b7e21428aa252,"(44, 42, 9)",uint8
test,Malignant,BreaDM-Ma-2012,test/Malignant/BreaDM-Ma-2012/p-051.npy,72579d387656567a26fe6c400385c612e328372e1d6a0764217c4d76e452a864,"(44, 42, 9)",uint8
test,Malignant,BreaDM-Ma-2012,test/Malignant/BreaDM-Ma-2012/p-052.npy,d286501bf16b32315fdf72916e4427a6c4d48d5e0dc822bfa5d58ba14443038c,"(44, 42, 9)",uint8
test,Malignant,BreaDM-Ma-2012,test/Malignant/BreaDM-Ma-2012/p-053.npy,9dc30aa684f883111dcb65e355d9d9f509cc58b97619aa52a8f2d23482c473ae,"(44, 42, 9)",uint8
test,Malignant,BreaDM-Ma-2026,test/Malignant/BreaDM-Ma-2026/p-060.npy,c0fb5d7180a3ebadf6b4959d8d8a5af5d91c2903e31aa478a9345f3f159ba8d3,"(17, 28, 9)",uint8
test,Malignant,BreaDM-Ma-2026,test/Malignant/BreaDM-Ma-2026/p-061.npy,cfe452c5e4ae686af3b573a9ea0a701d163ace4bd292959daa93b736942ccb98,"(17, 28, 9)",uint8
test,Malignant,BreaDM-Ma-2026,test/Malignant/BreaDM-Ma-2026/p-062.npy,8e19b87b09412ec84c0f76c57c1512f4b52421de524702e0f1f5a2d6e722549e,"(17, 28, 9)",uint8
test,Malignant,BreaDM-Ma-2026,test/Malignant/BreaDM-Ma-2026/p-063.npy,cc3e8b08792281db3c34c94ffd719e4aa6fab0bb5655ff03e7ec22453b12a642,"(17, 28, 9)",uint8
test,Malignant,BreaDM-Ma-2026,test/Malignant/BreaDM-Ma-2026/p-064.npy,62f21794add73e045eee576fd70679e14a712d8de1e849b66766aa70661c7958,"(17, 28, 9)",uint8
test,Malignant,BreaDM-Ma-2026,test/Malignant/BreaDM-Ma-2026/p-065.npy,e4003ada82efaea7ed60854fa12095f432b85a1c31172e3b0eb26861859d7853,"(17, 28, 9)",uint8
test,Malignant,BreaDM-Ma-2026,test/Malignant/BreaDM-Ma-2026/p-066.npy,a8f0aac0509829588f5738d2e1b9828b39c594d9c73b7af3a3a5a27e2c41d584,"(17, 28, 9)",uint8
test,Malignant,BreaDM-Ma-2026,test/Malignant/BreaDM-Ma-2026/p-067.npy,7a20383f8ed326ebf2a588fc4145f95989fe7ab36087702d7bafd8f5d798ccee,"(17, 28, 9)",uint8
test,Malignant,BreaDM-Ma-2026,test/Malignant/BreaDM-Ma-2026/p-068.npy,7932a97e4b4f92de5a66c0a8cd0802bf436a555e35637170625991e1f9b86524,"(17, 28, 9)",uint8
test,Malignant,BreaDM-Ma-2026,test/Malignant/BreaDM-Ma-2026/p-069.npy,7e1b3d9e97d3ad09cbac8414fd8c748eb79d284aa4943fcf86236a8b58c504b4,"(17, 28, 9)",uint8
test,Malignant,BreaDM-Ma-2026,test/Malignant/BreaDM-Ma-2026/p-070.npy,95b7b1307224afc67f98f0c90e5558b595ca4c3c67e2ec9d02eadc2292ea78ff,"(17, 28, 9)",uint8
test,Malignant,BreaDM-Ma-2026,test/Malignant/BreaDM-Ma-2026/p-071.npy,6f98aad94e687124e8a2b64ba16f9eb76ae4994da3a5c7bd770f55fe6537e197,"(17, 28, 9)",uint8
test,Malignant,BreaDM-Ma-2027,test/Malignant/BreaDM-Ma-2027/p-055.npy,181bd6d076b52da6011d0b9a212d316fd8b2fb35d0357a583b8c9469fb1b2d9d,"(24, 37, 9)",uint8
test,Malignant,BreaDM-Ma-2027,test/Malignant/BreaDM-Ma-2027/p-056.npy,8d079aece8b7b66b6c4dff5b2910b2aaf4deadd0067066bf22296bda2810a60a,"(24, 37, 9)",uint8
test,Malignant,BreaDM-Ma-2027,test/Malignant/BreaDM-Ma-2027/p-057.npy,27a5aad8a44b46237865e2dacc8cc7e7105d818323009bae73308463163ddaff,"(24, 37, 9)",uint8
test,Malignant,BreaDM-Ma-2027,test/Malignant/BreaDM-Ma-2027/p-058.npy,8e88de819d949cdabefd0147eb97682c966296603bb56870b290d780d9a27eff,"(24, 37, 9)",uint8
test,Malignant,BreaDM-Ma-2027,test/Malignant/BreaDM-Ma-2027/p-059.npy,18944b5d4e08fcac3d3ce067be9e9446bcd980d069411c466f69d3e93e9007b5,"(24, 37, 9)",uint8
test,Malignant,BreaDM-Ma-2027,test/Malignant/BreaDM-Ma-2027/p-060.npy,79091a8e54aca92ed5e11b667fa432c1a31d4564b8781c33690d15d7bbc1cb47,"(24, 37, 9)",uint8
test,Malignant,BreaDM-Ma-2027,test/Malignant/BreaDM-Ma-2027/p-061.npy,1a9919943ef18a9e545feddbd1d168647a3dc1c53b2499cf426b0688d2bbc41b,"(24, 37, 9)",uint8
test,Malignant,BreaDM-Ma-2027,test/Malignant/BreaDM-Ma-2027/p-062.npy,fcdabf8b145800fec189d0bc3dc4217179f338f74c0fafd213671495cc385613,"(24, 37, 9)",uint8
test,Malignant,BreaDM-Ma-2027,test/Malignant/BreaDM-Ma-2027/p-063.npy,8d5c97821d7c28b21610c93a18c8bb98727948301f49c4e53d21ceff78c4a687,"(24, 37, 9)",uint8
test,Malignant,BreaDM-Ma-2027,test/Malignant/BreaDM-Ma-2027/p-064.npy,562df91795390472e5bd665bc8a3da7f9961899b774542ba5c31ae7113b8e6c0,"(24, 37, 9)",uint8
test,Malignant,BreaDM-Ma-2027,test/Malignant/BreaDM-Ma-2027/p-065.npy,333602d887cd6b9c2c451a9ee8938abee76415c6dcc45a2483904f1d9287ff6c,"(24, 37, 9)",uint8
test,Malignant,BreaDM-Ma-2027,test/Malignant/BreaDM-Ma-2027/p-066.npy,85e39626db9c661e8aa29659fb66493249d85a3b20c1fe0fb59cc01f2843da18,"(24, 37, 9)",uint8
test,Malignant,BreaDM-Ma-2027,test/Malignant/BreaDM-Ma-2027/p-067.npy,93eb75f05c31c2efdf826b8b9ae90c2bebf547d0e3b757f0394d1f62bfd74074,"(24, 37, 9)",uint8
test,Malignant,BreaDM-Ma-2027,test/Malignant/BreaDM-Ma-2027/p-068.npy,39d575d04b4f96f7bc72b23505a43bee781da320f92b757e4c85883d52c024bc,"(24, 37, 9)",uint8
test,Malignant,BreaDM-Ma-2027,test/Malignant/BreaDM-Ma-2027/p-069.npy,b2256d97afdc915ba50f5ad02068930ab9fbb7d5f35e7d4bbb3c01c416d7d09f,"(24, 37, 9)",uint8
test,Malignant,BreaDM-Ma-2027,test/Malignant/BreaDM-Ma-2027/p-070.npy,a47ef1bf3ad8e68cc803b611111157e42bb9e16df533928c03d803cdf87e443c,"(24, 37, 9)",uint8
test,Malignant,BreaDM-Ma-2027,test/Malignant/BreaDM-Ma-2027/p-071.npy,a1eb94abc15dba58c051c39fc0f73cca577542da5dcd7681f6546e06f0fba032,"(24, 37, 9)",uint8
test,Malignant,BreaDM-Ma-2027,test/Malignant/BreaDM-Ma-2027/p-072.npy,8b46d17740f29d7195b8854e502b7056b60f1fac066f2f203d5c6cdcdf143d5a,"(24, 37, 9)",uint8
test,Malignant,BreaDM-Ma-2027,test/Malignant/BreaDM-Ma-2027/p-073.npy,a7b747f9de1dc585107cc2fe1edeb1b5089c06ce228561e7e200d9940552754f,"(24, 37, 9)",uint8
test,Malignant,BreaDM-Ma-2027,test/Malignant/BreaDM-Ma-2027/p-074.npy,d0d97a5a0f6179d86af47e28f78cc9a4a073d75eb947b2bfdbe822e281ab4abe,"(24, 37, 9)",uint8
test,Malignant,BreaDM-Ma-2027,test/Malignant/BreaDM-Ma-2027/p-075.npy,472620d5c66c880dac5bc793aa7f16d7cdd46eb4f4a1962f9a183d1aac6b1515,"(24, 37, 9)",uint8
test,Malignant,BreaDM-Ma-2027,test/Malignant/BreaDM-Ma-2027/p-076.npy,ce06425a88e80008ae1f418a6f5390cfc41b9ccd649837e76a9eae8a64895546,"(24, 37, 9)",uint8
test,Malignant,BreaDM-Ma-2038,test/Malignant/BreaDM-Ma-2038/p-026.npy,947633a76947fae4a17daa2b321d28f44a7bb50cf259df26f83f7d0d53b138fb,"(13, 12, 9)",uint8
test,Malignant,BreaDM-Ma-2038,test/Malignant/BreaDM-Ma-2038/p-027.npy,df203ea3002f159ff955afa7fafb41cf8c66dc7b2bb1c9471df011db1e938371,"(13, 12, 9)",uint8
test,Malignant,BreaDM-Ma-2039,test/Malignant/BreaDM-Ma-2039/p-028.npy,ad5d0273bc53ef95cf4424b52675733bad81403b54478a7ac8841b7b5b8e2164,"(16, 17, 9)",uint8
test,Malignant,BreaDM-Ma-2039,test/Malignant/BreaDM-Ma-2039/p-029.npy,5110e9de7fc2b4f9058a92f0b4d3397298afc8b39100fd7d342f15180ba6a727,"(16, 17, 9)",uint8
test,Malignant,BreaDM-Ma-2039,test/Malignant/BreaDM-Ma-2039/p-030.npy,e39b83eb6aca008004fe7ba57aab1e2f8b6113891970362fa7fe9a20c9b2ecf8,"(16, 17, 9)",uint8
test,Malignant,BreaDM-Ma-2039,test/Malignant/BreaDM-Ma-2039/p-031.npy,7bd74e54faf22e9f221246bdc2568aac7b8c70d632ddad4f2a3def889d648c2e,"(16, 17, 9)",uint8
test,Malignant,BreaDM-Ma-2039,test/Malignant/BreaDM-Ma-2039/p-032.npy,58b696d4cb3e99d12b8a6f1254445188c252b85afeb64a5b2c6b314281ec8878,"(16, 17, 9)",uint8
test,Malignant,BreaDM-Ma-2039,test/Malignant/BreaDM-Ma-2039/p-033.npy,d323f9e2e5edc3ff38bab1a16d76de4c6575db246037e86948b42beeaa250425,"(16, 17, 9)",uint8
test,Malignant,BreaDM-Ma-2039,test/Malignant/BreaDM-Ma-2039/p-034.npy,a3a3aac8a3ea08c39666ecda4d843d708db3d43db109e2e5814facd6bd799b2b,"(16, 17, 9)",uint8
test,Malignant,BreaDM-Ma-2039,test/Malignant/BreaDM-Ma-2039/p-035.npy,4db255f16574824bc9a39a38a5ed378991ef0fbe3e7dc101db6c0ec97c768e3d,"(16, 17, 9)",uint8
test,Malignant,BreaDM-Ma-2039,test/Malignant/BreaDM-Ma-2039/p-036.npy,38a6138c4eec9c10430044ad51a5014585690d9b9f011014f6e87dd5a4ec707a,"(16, 17, 9)",uint8
test,Malignant,BreaDM-Ma-2043,test/Malignant/BreaDM-Ma-2043/p-055.npy,3a11c9e58c948acea67c6c3be023706ccc7f67eac9e3c78b9e35c20002044a0f,"(24, 18, 9)",uint8
test,Malignant,BreaDM-Ma-2043,test/Malignant/BreaDM-Ma-2043/p-056.npy,f27b18b88f95b075b8b8d22031014d472371b29d005446d975324a3123fee3eb,"(24, 18, 9)",uint8
test,Malignant,BreaDM-Ma-2043,test/Malignant/BreaDM-Ma-2043/p-057.npy,e42217a2fa2463b6a7f43341249fde2ca9ecab1c880e21885c0c9d4fa9eb057b,"(24, 18, 9)",uint8
test,Malignant,BreaDM-Ma-2043,test/Malignant/BreaDM-Ma-2043/p-058.npy,ca3f29ff9182bf9f48b2a1a3c711de7520428ff10dfcce25c3441b3a3d98f0d9,"(24, 18, 9)",uint8
test,Malignant,BreaDM-Ma-2043,test/Malignant/BreaDM-Ma-2043/p-059.npy,2a8ac8d31e48b2527f45dbaf2f3c35dc8bc64864ffe74cd95852fc0bc698589a,"(24, 18, 9)",uint8
test,Malignant,BreaDM-Ma-2043,test/Malignant/BreaDM-Ma-2043/p-060.npy,e7b253e76ca6473577ffb61e7eb5734c5b71173895a3532594e9fcf9a22bc93f,"(24, 18, 9)",uint8
test,Malignant,BreaDM-Ma-2043,test/Malignant/BreaDM-Ma-2043/p-061.npy,8cbddbf46e3408a2aa67d1a2bf06fe547eef4dcbe303d20afae820d4ab15e838,"(24, 18, 9)",uint8
test,Malignant,BreaDM-Ma-2043,test/Malignant/BreaDM-Ma-2043/p-062.npy,31b8ec87fbc27465684fe450f6eba4e405ed1fa31f4ea176d342132f65823f2b,"(24, 18, 9)",uint8
test,Malignant,BreaDM-Ma-2043,test/Malignant/BreaDM-Ma-2043/p-063.npy,7f46e47fe9157a4595e5e83c18e2d9b9b71e835d9a7343a529d604b030b4b96b,"(24, 18, 9)",uint8
test,Malignant,BreaDM-Ma-2043,test/Malignant/BreaDM-Ma-2043/p-064.npy,84e9510bc068bc537ad32a4bb7e484fc934cf5c9e46012cd46c38d8d351c10bf,"(24, 18, 9)",uint8
test,Malignant,BreaDM-Ma-2043,test/Malignant/BreaDM-Ma-2043/p-065.npy,88e13261ea16f839c4616c98728abc3bd9a5a91f2a6d49900c5383373d30b32f,"(24, 18, 9)",uint8
test,Malignant,BreaDM-Ma-2044,test/Malignant/BreaDM-Ma-2044/p-054.npy,c4892efcab8168bb41b1492a7e2e5f7c363d14da581cc52e26b13b1b4d9aae1f,"(27, 26, 9)",uint8
test,Malignant,BreaDM-Ma-2044,test/Malignant/BreaDM-Ma-2044/p-055.npy,8ed085580b0a70dade8ba5028ebfa100d65dd27bc742f1378a2a59cabdbda6b4,"(27, 26, 9)",uint8
test,Malignant,BreaDM-Ma-2044,test/Malignant/BreaDM-Ma-2044/p-056.npy,c0fa9513815bce89528e1114501f5cbedce9832b14c83aeabd92e6bebd59a16f,"(27, 26, 9)",uint8
test,Malignant,BreaDM-Ma-2044,test/Malignant/BreaDM-Ma-2044/p-057.npy,72257029cb776b46a313348321faafabab304e33b895cbadef9ec14921fd6485,"(27, 26, 9)",uint8
test,Malignant,BreaDM-Ma-2044,test/Malignant/BreaDM-Ma-2044/p-058.npy,f132635bd831781821a4a0774dd014017fafd86e94ed0d049baf5f6de4380d7e,"(27, 26, 9)",uint8
test,Malignant,BreaDM-Ma-2044,test/Malignant/BreaDM-Ma-2044/p-059.npy,5fc2dc855af6d2275127490db1155bb7174cc88529b010b068a0bef7584c09f8,"(27, 26, 9)",uint8
test,Malignant,BreaDM-Ma-2044,test/Malignant/BreaDM-Ma-2044/p-060.npy,cb34d43c77856398a5df0327578ca36d2309c861e254c04778aff6e37404871d,"(27, 26, 9)",uint8
test,Malignant,BreaDM-Ma-2044,test/Malignant/BreaDM-Ma-2044/p-061.npy,6c43ab3dc206c44d744f65f3e2296ee16926bb303a1e0147d812f82953a127bb,"(27, 26, 9)",uint8
test,Malignant,BreaDM-Ma-2044,test/Malignant/BreaDM-Ma-2044/p-062.npy,04979fb598045485adc41367c713d9cf5cf3e6f4e7f3520c2f570f17db46a1ff,"(27, 26, 9)",uint8
test,Malignant,BreaDM-Ma-2044,test/Malignant/BreaDM-Ma-2044/p-063.npy,3119d15fdd1f28817d960db1f139208216703b4e45ed0b5cf2ecdacd73dee90b,"(27, 26, 9)",uint8
test,Malignant,BreaDM-Ma-2044,test/Malignant/BreaDM-Ma-2044/p-064.npy,b10470b57d005db855e0da107e337a3ecce0733fb356b7106e68ded95e1b7058,"(27, 26, 9)",uint8
test,Malignant,BreaDM-Ma-2107,test/Malignant/BreaDM-Ma-2107/p-058.npy,aae143b60f63bf6ed920818a7d47d5cb9d37e7ebc7b072f59a5dd5900db05b92,"(22, 26, 9)",uint8
test,Malignant,BreaDM-Ma-2107,test/Malignant/BreaDM-Ma-2107/p-059.npy,2a95a14f5c0e057833e5c3739bc3eb99f9a46a5cac7e2583c16b4d8a4b53179c,"(22, 26, 9)",uint8
test,Malignant,BreaDM-Ma-2107,test/Malignant/BreaDM-Ma-2107/p-060.npy,cf2a33272b335794a0bb87767f2f87def137c22927ce4e5c4195ab909e7ccf17,"(22, 26, 9)",uint8
test,Malignant,BreaDM-Ma-2107,test/Malignant/BreaDM-Ma-2107/p-061.npy,4dfa8625ff4a1bb7eb00ea7de142ef2d965814f4ce64391da0f3aa8c55e7f357,"(22, 26, 9)",uint8
test,Malignant,BreaDM-Ma-2107,test/Malignant/BreaDM-Ma-2107/p-062.npy,00989d902e407d73b6d9d4825113014bd7c144584642a6fb8365b61e319b2396,"(22, 26, 9)",uint8
test,Malignant,BreaDM-Ma-2107,test/Malignant/BreaDM-Ma-2107/p-063.npy,73596a08d3808ce7a92827e73b229bbf80d86a290424b8b23afc88e963d3e0e7,"(22, 26, 9)",uint8
test,Malignant,BreaDM-Ma-2107,test/Malignant/BreaDM-Ma-2107/p-064.npy,0b420d1cfada95665fcd9bd80c3a56747c689c784e5e1d5f8f881a1ea5e68842,"(22, 26, 9)",uint8
test,Malignant,BreaDM-Ma-2107,test/Malignant/BreaDM-Ma-2107/p-065.npy,cb46f732db36fc5f9a055244cecd093356c7816b72f7ff4a6a449cd24e79a936,"(22, 26, 9)",uint8
test,Malignant,BreaDM-Ma-2107,test/Malignant/BreaDM-Ma-2107/p-066.npy,956b88948ee7cfcd1c8c5a33ddf676d4a971746dea547aeb3153f29ea36ef96c,"(22, 26, 9)",uint8
test,Malignant,BreaDM-Ma-2107,test/Malignant/BreaDM-Ma-2107/p-067.npy,69c10b36f8d7ff5852efa6c37d7558b662086f8cc6893560a996dadb72a5af94,"(22, 26, 9)",uint8
test,Malignant,BreaDM-Ma-2107,test/Malignant/BreaDM-Ma-2107/p-068.npy,47c30487a6800c4c2d777396e957ed904f18537756990a222551e8e5dbec0c71,"(22, 26, 9)",uint8
test,Malignant,BreaDM-Ma-2107,test/Malignant/BreaDM-Ma-2107/p-069.npy,c03b7d474f9adc7e0f92cc8dad6e0447ba28c7c0e44f5cf216ee42c33933c47b,"(22, 26, 9)",uint8
test,Malignant,BreaDM-Ma-2107,test/Malignant/BreaDM-Ma-2107/p-070.npy,03ee04e5ce0e048b32798a343fbbac3156e304a63c78b04f337842380ed676cb,"(22, 26, 9)",uint8
test,Malignant,BreaDM-Ma-2108,test/Malignant/BreaDM-Ma-2108/p-061.npy,db561a47ba238bf919f80e8df9862ceded55149771ee3b263924593123cce16a,"(26, 26, 9)",uint8
test,Malignant,BreaDM-Ma-2108,test/Malignant/BreaDM-Ma-2108/p-062.npy,4fa79603b4c417fe3a4161bb51734dac621ce2750b56a8472dca9134cf1c5fab,"(26, 26, 9)",uint8
test,Malignant,BreaDM-Ma-2108,test/Malignant/BreaDM-Ma-2108/p-063.npy,aa902f979c415e652c9bdd185794fed3ac3cd94d6092ec30046b22b5fd06f8a0,"(26, 26, 9)",uint8
test,Malignant,BreaDM-Ma-2108,test/Malignant/BreaDM-Ma-2108/p-064.npy,a496ceec0f61fe691dc1089ac05cf360f0c24b334ad35371824d26acaaecd6ff,"(26, 26, 9)",uint8
test,Malignant,BreaDM-Ma-2108,test/Malignant/BreaDM-Ma-2108/p-065.npy,83e072fb364d95725a90949cc0e12a5e964fe5e3c96fe723016409b077db159d,"(26, 26, 9)",uint8
test,Malignant,BreaDM-Ma-2108,test/Malignant/BreaDM-Ma-2108/p-066.npy,1296e3146c1dcd69ac13269d401d0e52d9ae9c69db2eeaffd21b27ebf5cc3e07,"(26, 26, 9)",uint8
test,Malignant,BreaDM-Ma-2108,test/Malignant/BreaDM-Ma-2108/p-067.npy,195cb72012061c22118658c846f2f3dd0da185e07a935a71034c81fa5ce97b9f,"(26, 26, 9)",uint8
test,Malignant,BreaDM-Ma-2108,test/Malignant/BreaDM-Ma-2108/p-068.npy,a25c0486d7f6a25186d1f4803e4debc715b171726b4390f3c69bd91ca19f7ac3,"(26, 26, 9)",uint8
test,Malignant,BreaDM-Ma-2108,test/Malignant/BreaDM-Ma-2108/p-069.npy,78f877c6fe09ef1155167d1dc7ade5b2431734a9282998e7a13f7c083e65d155,"(26, 26, 9)",uint8
test,Malignant,BreaDM-Ma-2108,test/Malignant/BreaDM-Ma-2108/p-070.npy,b35f8f2d3c4311eddb6e10d243488ffd455d44bc2bfcef3c8cb0888c86dd7989,"(26, 26, 9)",uint8
test,Malignant,BreaDM-Ma-2108,test/Malignant/BreaDM-Ma-2108/p-071.npy,43d4c80b1e0eb44cb44935487dbb0604ace3720b619b8abfda83282be634e94d,"(26, 26, 9)",uint8
test,Malignant,BreaDM-Ma-2108,test/Malignant/BreaDM-Ma-2108/p-072.npy,a987611037f4d8ee43b048a65a05ccfbbf8a297bf4ede25e7079855e29a5d68b,"(26, 26, 9)",uint8
test,Malignant,BreaDM-Ma-2109,test/Malignant/BreaDM-Ma-2109/p-049.npy,44b9e4a9c76337a371c256d0c5f47ddc8a79a50dceb14da76b06cc66bec00203,"(36, 25, 9)",uint8
test,Malignant,BreaDM-Ma-2109,test/Malignant/BreaDM-Ma-2109/p-050.npy,4bd95dc29708619bf5f26bc8d221f154d2defc85945d2ee86fd66d84e8c824d5,"(36, 25, 9)",uint8
test,Malignant,BreaDM-Ma-2109,test/Malignant/BreaDM-Ma-2109/p-051.npy,39f0e30ea538e9ae5b10f3ef114b03cf658f6e6a3ccc6aad0902926f84d802de,"(36, 25, 9)",uint8
test,Malignant,BreaDM-Ma-2109,test/Malignant/BreaDM-Ma-2109/p-052.npy,5ccd198dd8c2de5267b9ff7341fcee9de04a722695f93dbd743a8e4d0dd3b65a,"(36, 25, 9)",uint8
test,Malignant,BreaDM-Ma-2109,test/Malignant/BreaDM-Ma-2109/p-053.npy,dca73da66fded653aac8c7b5a17350d1ab09e33462fb0fdd8f3bccbe44ab8157,"(36, 25, 9)",uint8
test,Malignant,BreaDM-Ma-2116,test/Malignant/BreaDM-Ma-2116/p-054.npy,47ae61238563a00745ed7a0e2855763291c74d18da50cdd6ae720b1ea7d0dcaf,"(30, 25, 9)",uint8
test,Malignant,BreaDM-Ma-2116,test/Malignant/BreaDM-Ma-2116/p-055.npy,c54c020d2e25a51fb0d7923f19672c58a7ca06fd064cbf0f745f1d706bb866bb,"(30, 25, 9)",uint8
test,Malignant,BreaDM-Ma-2116,test/Malignant/BreaDM-Ma-2116/p-056.npy,49bbfc02875b52f48ce5bdde25837380136063b878e70bb3937fd0f30a9ed7fa,"(30, 25, 9)",uint8
test,Malignant,BreaDM-Ma-2116,test/Malignant/BreaDM-Ma-2116/p-057.npy,69c5e4be62f7828bc9625842b8c0f80c65e4a62c3b1fa59b4e260fe7b0034897,"(30, 25, 9)",uint8
test,Malignant,BreaDM-Ma-2116,test/Malignant/BreaDM-Ma-2116/p-058.npy,4f2e89fec9a4f9fb63eff539b4f094205e08e4bfe63de4e8ca160cbec50207c7,"(30, 25, 9)",uint8
test,Malignant,BreaDM-Ma-2116,test/Malignant/BreaDM-Ma-2116/p-059.npy,1266e5c010cbcc35571f567a939fe2a425ca6b9a3228135f5d53a005c3395958,"(30, 25, 9)",uint8
test,Malignant,BreaDM-Ma-2116,test/Malignant/BreaDM-Ma-2116/p-060.npy,ba65c12e7e31098db1ae5602575b7be3128d77a576eb6333e0b5ef3b0e3fd42a,"(30, 25, 9)",uint8
test,Malignant,BreaDM-Ma-2116,test/Malignant/BreaDM-Ma-2116/p-061.npy,1e0be1a6c0fea65937985fa57a89b7022b0126d303c4d47dfaa152ce92813d67,"(30, 25, 9)",uint8
test,Malignant,BreaDM-Ma-2116,test/Malignant/BreaDM-Ma-2116/p-062.npy,6223d636b22b9eecbed973e57717a0c4718437b1967df5a426f74f5bb1d5a3cb,"(30, 25, 9)",uint8
test,Malignant,BreaDM-Ma-2116,test/Malignant/BreaDM-Ma-2116/p-063.npy,ed487ea42993f2c3b43c8a76d048b5da44f868675844818ab61ca24206199836,"(30, 25, 9)",uint8
test,Malignant,BreaDM-Ma-2116,test/Malignant/BreaDM-Ma-2116/p-064.npy,74133726199821026373893dee265c47b2305a835c147c8275f2c6f5358c1451,"(30, 25, 9)",uint8
test,Malignant,BreaDM-Ma-2116,test/Malignant/BreaDM-Ma-2116/p-065.npy,3648fc44614104f460caa0c51a34db10abb7c635a1993dc5110438cf4c6c908f,"(30, 25, 9)",uint8
test,Malignant,BreaDM-Ma-2116,test/Malignant/BreaDM-Ma-2116/p-066.npy,ae3beb934aca91309b9bed41eb126582e69f173ebd0f98a1b08c5097d2bb75f0,"(30, 25, 9)",uint8
test,Malignant,BreaDM-Ma-2118,test/Malignant/BreaDM-Ma-2118/p-046.npy,2ece899011170a9011f9c75936c10443b4f46b2e375092822420b92980c7cecf,"(18, 37, 9)",uint8
test,Malignant,BreaDM-Ma-2118,test/Malignant/BreaDM-Ma-2118/p-047.npy,020d1186b9c48b5ec9aac2c95ca191848f2262a867a62d93c69ac5a6cad6ec17,"(18, 37, 9)",uint8
test,Malignant,BreaDM-Ma-2118,test/Malignant/BreaDM-Ma-2118/p-048.npy,a8cf4df336bc62c230145415b437f134664308a8f99cf4a7070014ae37349b05,"(18, 37, 9)",uint8
test,Malignant,BreaDM-Ma-2118,test/Malignant/BreaDM-Ma-2118/p-049.npy,c2ab66fd8f870d6894d1d0062e85d71c0741ac9ffd7c4ec21138d38748c3ecbf,"(18, 37, 9)",uint8
test,Malignant,BreaDM-Ma-2118,test/Malignant/BreaDM-Ma-2118/p-050.npy,8cd4bd449fe50256bc270cdcf8d888935b39cce6d8a6b35ee23e4844f4224c92,"(18, 37, 9)",uint8
test,Malignant,BreaDM-Ma-2118,test/Malignant/BreaDM-Ma-2118/p-051.npy,3f6d436b507f54c474dd8d9e750e22091b30fe71c5c47038cc04f32e5e92a2eb,"(18, 37, 9)",uint8
test,Malignant,BreaDM-Ma-2118,test/Malignant/BreaDM-Ma-2118/p-052.npy,c2fb7bc042b71ac300b11a007e24892eab12cc9ece86095db2aa78443841ae69,"(18, 37, 9)",uint8
test,Malignant,BreaDM-Ma-2118,test/Malignant/BreaDM-Ma-2118/p-053.npy,285e1f3339a9a01d14cc12e67ae77a5664622008bfa5df8f6fb088ec0bcbbdde,"(18, 37, 9)",uint8
test,Malignant,BreaDM-Ma-2118,test/Malignant/BreaDM-Ma-2118/p-054.npy,99ea4a15cb995e9af756ead3c775087483329b91d7b2442e3d044cb6ce18a720,"(18, 37, 9)",uint8
test,Malignant,BreaDM-Ma-2118,test/Malignant/BreaDM-Ma-2118/p-055.npy,45fbcf14bd0dc5a8fbb570eec7f435e4f318285ca3404ae1cc50429c859df280,"(18, 37, 9)",uint8
test,Malignant,BreaDM-Ma-2118,test/Malignant/BreaDM-Ma-2118/p-056.npy,369a88c41cbb28e539ae469b5aedd74222f3c29f162d2bcaff0da6a6e7f6d8a2,"(18, 37, 9)",uint8
test,Malignant,BreaDM-Ma-2122,test/Malignant/BreaDM-Ma-2122/p-027.npy,94e3c13f002609a3232b6997582ab0546ce803a571b46340a1e6318d739ef6dd,"(20, 14, 9)",uint8
test,Malignant,BreaDM-Ma-2122,test/Malignant/BreaDM-Ma-2122/p-028.npy,d3680c98fb3c4442cd8d35e5f02243f22f84e913fb1186c494f81c46e0324164,"(20, 14, 9)",uint8
test,Malignant,BreaDM-Ma-2122,test/Malignant/BreaDM-Ma-2122/p-029.npy,003f00954924eb90290320b9de569951f0abe63a2c50b0b1abd3a521ef89b969,"(20, 14, 9)",uint8
test,Malignant,BreaDM-Ma-2122,test/Malignant/BreaDM-Ma-2122/p-030.npy,4ca8e1c0b802e9e57e79c31aec976015d6545aeae5d621e4e5fc0c1f701f4817,"(20, 14, 9)",uint8
test,Malignant,BreaDM-Ma-2122,test/Malignant/BreaDM-Ma-2122/p-031.npy,5d0112f7fa2f5107777caeea9b4155a35590c6ee9c3698951205371d0cbb720d,"(20, 14, 9)",uint8
test,Malignant,BreaDM-Ma-2125,test/Malignant/BreaDM-Ma-2125/p-018.npy,4ab36e14092941e5cd8cbf94adbcb759d1867deced788efc20aebc42767af4d2,"(28, 36, 9)",uint8
test,Malignant,BreaDM-Ma-2125,test/Malignant/BreaDM-Ma-2125/p-019.npy,8f6b55fac1b9c2693f7c947a480abf511f0213364f1c1a76387b80b075cc2996,"(28, 36, 9)",uint8
test,Malignant,BreaDM-Ma-2125,test/Malignant/BreaDM-Ma-2125/p-020.npy,a3734b4c48d31939d65f68471e61d0c3c37a135d2ef8527ab2165f0d4341670a,"(28, 36, 9)",uint8
test,Malignant,BreaDM-Ma-2125,test/Malignant/BreaDM-Ma-2125/p-021.npy,95bbe25cfef4de3bc049c4ba61c7726a2bb4597914e8859abec2d6ff8c5af1de,"(28, 36, 9)",uint8
test,Malignant,BreaDM-Ma-2125,test/Malignant/BreaDM-Ma-2125/p-022.npy,e6ab8cb4526c96c94cd7a9567b5eaae124a875be6dabcc13fcc33ff51a56f012,"(28, 36, 9)",uint8
test,Malignant,BreaDM-Ma-2125,test/Malignant/BreaDM-Ma-2125/p-023.npy,7b024c0ae13047055c4744edc4516119aea38fc7b5f87fc551bd0000d46018fb,"(28, 36, 9)",uint8
test,Malignant,BreaDM-Ma-2126,test/Malignant/BreaDM-Ma-2126/p-040.npy,bab2b530a4e30949257217bba52da68e67f77be663e8ff510ac52c356c449477,"(16, 25, 9)",uint8
test,Malignant,BreaDM-Ma-2126,test/Malignant/BreaDM-Ma-2126/p-041.npy,88c8657124fae3f81e34d501cadec938c08abc39077b8070d5823cf10c26940d,"(16, 25, 9)",uint8
test,Malignant,BreaDM-Ma-2126,test/Malignant/BreaDM-Ma-2126/p-042.npy,a38e23224e0d3565545962be21d7b6fc17299a9ba0c3d0abf69ba9cd21e92283,"(16, 25, 9)",uint8
test,Malignant,BreaDM-Ma-2126,test/Malignant/BreaDM-Ma-2126/p-043.npy,4b28ee5052603e50b02b05ecf425e11a5bd29a8f74e58e66b8b2b5a44630e61b,"(16, 25, 9)",uint8
test,Malignant,BreaDM-Ma-2126,test/Malignant/BreaDM-Ma-2126/p-044.npy,84fc8da8c22233913a8d1abacb791c320bd34aee3a9f0f2a09d3062555c85db1,"(16, 25, 9)",uint8
test,Malignant,BreaDM-Ma-2126,test/Malignant/BreaDM-Ma-2126/p-045.npy,a57e53bf3038311ed9e9237664e643d4a4a141b0a5fd9b2d5816463f1d3d4a3c,"(16, 25, 9)",uint8
test,Malignant,BreaDM-Ma-2126,test/Malignant/BreaDM-Ma-2126/p-046.npy,a02cdc3067db2c1c2e225c7f95a36e9f5cba0e22be21b30ea093b395a2a26a29,"(16, 25, 9)",uint8
test,Malignant,BreaDM-Ma-2131,test/Malignant/BreaDM-Ma-2131/p-051.npy,6b6b1cd3de5ca0475101be2c80026ee25ff2c0b4205bbd53bece69b74c0f8f5f,"(24, 29, 9)",uint8
test,Malignant,BreaDM-Ma-2131,test/Malignant/BreaDM-Ma-2131/p-052.npy,4fb97e8b80961e7a9ec59de91dce1d223038ead448a6e3e37a5a42c72f0ebfe5,"(24, 29, 9)",uint8
test,Malignant,BreaDM-Ma-2131,test/Malignant/BreaDM-Ma-2131/p-053.npy,1c3eb113c238301efa420680e048c56829124ae689ef7e9e7e3015a4bcd3821d,"(24, 29, 9)",uint8
test,Malignant,BreaDM-Ma-2131,test/Malignant/BreaDM-Ma-2131/p-054.npy,c61dc3221dec07d2b540878aeab0e041ec00373618856dd9f3dae5216466150b,"(24, 29, 9)",uint8
test,Malignant,BreaDM-Ma-2131,test/Malignant/BreaDM-Ma-2131/p-055.npy,ed1f98b4f2d79ddae058f9337ad5bdde1035b55965111639babb00d46b6bf75d,"(24, 29, 9)",uint8
test,Malignant,BreaDM-Ma-2131,test/Malignant/BreaDM-Ma-2131/p-056.npy,0f0e19116157134761447876885854f2bbd3c3e575f6d23121b7e73f9313ec6d,"(24, 29, 9)",uint8
test,Malignant,BreaDM-Ma-2131,test/Malignant/BreaDM-Ma-2131/p-057.npy,6c5f7c28c3ad8ed3b71dfe69a7a0d5b0660abaf5a4b45e407a723f71dbd27a71,"(24, 29, 9)",uint8
test,Malignant,BreaDM-Ma-2131,test/Malignant/BreaDM-Ma-2131/p-058.npy,d9b35b6e0944948b098c063398a7a5c74ad9294ec9a01ea744909556b2d5187f,"(24, 29, 9)",uint8
test,Malignant,BreaDM-Ma-2131,test/Malignant/BreaDM-Ma-2131/p-059.npy,da929395837f65206d59841c3bfc0747333ce190b5c150ed63598346a4c32746,"(24, 29, 9)",uint8
test,Malignant,BreaDM-Ma-2131,test/Malignant/BreaDM-Ma-2131/p-060.npy,71d91a592de8383a19661aa99e74117dab9501d4f87568362281ad89fb94ec52,"(24, 29, 9)",uint8
test,Malignant,BreaDM-Ma-2131,test/Malignant/BreaDM-Ma-2131/p-061.npy,eed77bef05d04a3195149e96a8d7731af97f6b37a9f0809d74782a079204261d,"(24, 29, 9)",uint8
test,Malignant,BreaDM-Ma-2131,test/Malignant/BreaDM-Ma-2131/p-062.npy,d7b6701adc3bc61605d2e1fae102391e358e066db1de145b646f645cc455741f,"(24, 29, 9)",uint8
test,Malignant,BreaDM-Ma-2131,test/Malignant/BreaDM-Ma-2131/p-063.npy,4e9d39114f7ca3e876115b88d0f69a3075042879cf974e0cbb9a5438136f14f7,"(24, 29, 9)",uint8
test,Malignant,BreaDM-Ma-2131,test/Malignant/BreaDM-Ma-2131/p-064.npy,c27769c8e69819dc68092ea1a09050fafa0ad1817b8ef8c49e344a601a7e7630,"(24, 29, 9)",uint8
test,Malignant,BreaDM-Ma-2131,test/Malignant/BreaDM-Ma-2131/p-065.npy,0d812ddba47da2baec5e4e39321336626a5ac4f58c2cfb7e17b602febebe008f,"(24, 29, 9)",uint8
test,Malignant,BreaDM-Ma-2134,test/Malignant/BreaDM-Ma-2134/p-042.npy,cde72587c8df18c8165b755d1e323ae48d0f54e45abffd9e072f770946c9956b,"(24, 24, 9)",uint8
test,Malignant,BreaDM-Ma-2134,test/Malignant/BreaDM-Ma-2134/p-043.npy,e069e4b8bf46ed2729d9ca906d63612c7d7a770992069b1e2b4b2638f0d4349b,"(24, 24, 9)",uint8
test,Malignant,BreaDM-Ma-2134,test/Malignant/BreaDM-Ma-2134/p-044.npy,d065e997a27b46b082c843413b368dd088faff58aaa73fa0c719d930c1a03a88,"(24, 24, 9)",uint8
test,Malignant,BreaDM-Ma-2134,test/Malignant/BreaDM-Ma-2134/p-045.npy,5c6df238afa2da6d0bb8d71f3404e82b55d2cfaaa9858b4003cd52e992267ea6,"(24, 24, 9)",uint8
test,Malignant,BreaDM-Ma-2134,test/Malignant/BreaDM-Ma-2134/p-046.npy,7e221dc5d7476d0fa364e72bd139cb0f74fb3a4dc74db630ae018dbb0540dc92,"(24, 24, 9)",uint8
test,Malignant,BreaDM-Ma-2134,test/Malignant/BreaDM-Ma-2134/p-047.npy,c165c294fbeb0a3fec7395d2e45561b96690c0ed9a4ff934aa980f596ffe68bf,"(24, 24, 9)",uint8
test,Malignant,BreaDM-Ma-2134,test/Malignant/BreaDM-Ma-2134/p-048.npy,82fcf21b6e6d04dcd442733dd826171b305ed0a306a99d3a8ec5b6fbc1491f93,"(24, 24, 9)",uint8
test,Malignant,BreaDM-Ma-2134,test/Malignant/BreaDM-Ma-2134/p-049.npy,6a320fdbba0108048c17a7446eef7a3601ddde706a02925c1fdd3c5627041c51,"(24, 24, 9)",uint8
test,Malignant,BreaDM-Ma-2134,test/Malignant/BreaDM-Ma-2134/p-050.npy,1b93ec0d79114678be6d083ba3a3771e8911eadf55ac8c64cf031732f4a17365,"(24, 24, 9)",uint8
test,Malignant,BreaDM-Ma-2134,test/Malignant/BreaDM-Ma-2134/p-051.npy,0c7cd130fa6b6fdd7e9de55b0a050bc47d637ffa14e683bb0279a2b4fb6ef159,"(24, 24, 9)",uint8
test,Malignant,BreaDM-Ma-2140,test/Malignant/BreaDM-Ma-2140/p-034.npy,463157186e09e808c25c431c6bcc702d380ff3ec543a281f744bc1f64b18af95,"(23, 24, 9)",uint8
test,Malignant,BreaDM-Ma-2140,test/Malignant/BreaDM-Ma-2140/p-035.npy,4fa49538a5b06ff9594c6681d1c57157bb5450dca03e2de58591a80365ae9fe8,"(23, 24, 9)",uint8
test,Malignant,BreaDM-Ma-2140,test/Malignant/BreaDM-Ma-2140/p-036.npy,cc7a2ee5e13d59bb6de5a237ee8c865d665d7930024510f4bfd708cf05b1f7d7,"(23, 24, 9)",uint8
test,Malignant,BreaDM-Ma-2140,test/Malignant/BreaDM-Ma-2140/p-037.npy,fec601462bcf96e87953a58c827ec2623ebba00976b3325f7e5e65d3f231ea34,"(23, 24, 9)",uint8
test,Malignant,BreaDM-Ma-2140,test/Malignant/BreaDM-Ma-2140/p-038.npy,bfbb4b0f3d8b81f9a21b470e712037236335e15530c76df4ec249e597cbce92b,"(23, 24, 9)",uint8
test,Malignant,BreaDM-Ma-2140,test/Malignant/BreaDM-Ma-2140/p-039.npy,cb3bd6c6ec9799bc6aa82dc639a1e024e12e2ea48c7683a167720196edae26cc,"(23, 24, 9)",uint8
test,Malignant,BreaDM-Ma-2140,test/Malignant/BreaDM-Ma-2140/p-040.npy,3ac631c48714a83a58c0001a91693e98be3271b394243d5d66317ecfd159a34b,"(23, 24, 9)",uint8
test,Malignant,BreaDM-Ma-2140,test/Malignant/BreaDM-Ma-2140/p-041.npy,877c985eb031ef11a86d4a48be94e536afc0a4ee716cb2e9cc27d445dc844dc1,"(23, 24, 9)",uint8
test,Malignant,BreaDM-Ma-2140,test/Malignant/BreaDM-Ma-2140/p-042.npy,6193a85e974a45d599fa33f503bedeacc068842b5339b3fc8e9a04c5ce1c3e8d,"(23, 24, 9)",uint8
test,Malignant,BreaDM-Ma-2140,test/Malignant/BreaDM-Ma-2140/p-043.npy,e9843bd14fae53ea287da8d06b1224d3edb2f9263e87e5537e708c01f49ed27c,"(23, 24, 9)",uint8
test,Malignant,BreaDM-Ma-2140,test/Malignant/BreaDM-Ma-2140/p-044.npy,9892b1bc86fabff52a3ef2fa25cd462293c6330a820c59a9bda3c07cde7f217d,"(23, 24, 9)",uint8
test,Malignant,BreaDM-Ma-2141,test/Malignant/BreaDM-Ma-2141/p-018.npy,737e7ed45416748381e0c828bf7a0922e0fee1f517042ef1520cc647b6d98195,"(15, 20, 9)",uint8
test,Malignant,BreaDM-Ma-2141,test/Malignant/BreaDM-Ma-2141/p-019.npy,70e515b55c1ad4237769c84cd181fd71fe72ecd8a9996e5b5e2ea99f32e9f686,"(15, 20, 9)",uint8
test,Malignant,BreaDM-Ma-2141,test/Malignant/BreaDM-Ma-2141/p-020.npy,1354d070ff66cd4bb7ce468309cddbd38a0c3a9060d4ecd9b5a8f617b726c1af,"(15, 20, 9)",uint8
test,Malignant,BreaDM-Ma-2141,test/Malignant/BreaDM-Ma-2141/p-021.npy,66e72c4cbb1cb05e62e592e9fc0b5e2e48fb84787ebcc1ca7920ec992db8d4d4,"(15, 20, 9)",uint8
test,Malignant,BreaDM-Ma-2141,test/Malignant/BreaDM-Ma-2141/p-022.npy,ff6d6ac3c3e35606bfbcf9f3c33fb7d28badd491593ce433ac3958cdf26b5c61,"(15, 20, 9)",uint8
