Exp2 New Channel,Formula,Pre Channel,Post Channel,Exact Files,Total Files,File Match Rate,Pixel Match Rate,Max Abs Difference
0,post-pre_clipped,0,1,0,403,0.0,0.033688622549047635,255
0,post-pre_clipped,0,2,0,403,0.0,0.03390591316380853,255
0,post-pre_clipped,0,3,0,403,0.0,0.034114626517460445,255
0,post-pre_clipped,0,4,0,403,0.0,0.034166090084114344,255
0,post-pre_clipped,0,5,0,403,0.0,0.03468644392472596,255
0,post-pre_clipped,0,6,0,403,0.0,0.03503811163019425,255
0,post-pre_clipped,0,7,0,403,0.0,0.034943761757995434,255
0,post-pre_clipped,0,8,0,403,0.0,0.03493518449688646,255
0,post-pre_clipped,1,0,0,403,0.0,0.007230631114872399,255
0,post-pre_clipped,1,2,0,403,0.0,0.017077326867984514,255
0,post-pre_clipped,1,3,0,403,0.0,0.017489035401215682,255
0,post-pre_clipped,1,4,0,403,0.0,0.018655542912037328,255
0,post-pre_clipped,1,5,0,403,0.0,0.017583385273414492,255
0,post-pre_clipped,1,6,0,403,0.0,0.015636347001675426,255
0,post-pre_clipped,1,7,0,403,0.0,0.016585563897736175,255
0,post-pre_clipped,1,8,0,403,0.0,0.014581343885270555,255
0,post-pre_clipped,2,0,0,403,0.0,0.008651597371927196,255
0,post-pre_clipped,2,1,0,403,0.0,0.03087242181826499,255
0,post-pre_clipped,2,3,0,403,0.0,0.021365957422475854,255
0,post-pre_clipped,2,4,0,403,0.0,0.02417072180511319,255
0,post-pre_clipped,2,5,0,403,0.0,0.024250776242130363,255
0,post-pre_clipped,2,6,0,403,0.0,0.021354521074330546,255
0,post-pre_clipped,2,7,0,403,0.0,0.022352342450008864,255
0,post-pre_clipped,2,8,0,403,0.0,0.019733418724732818,255
0,post-pre_clipped,3,0,0,403,0.0,0.008757383592271316,255
0,post-pre_clipped,3,1,0,403,0.0,0.03156146179401993,255
0,post-pre_clipped,3,2,0,403,0.0,0.027472967332071524,255
0,post-pre_clipped,3,4,0,403,0.0,0.025102784178955975,255
0,post-pre_clipped,3,5,0,403,0.0,0.0246281757309256,255
0,post-pre_clipped,3,6,0,403,0.0,0.02286983720358415,255
0,post-pre_clipped,3,7,0,403,0.0,0.024022049279224158,255
0,post-pre_clipped,3,8,0,403,0.0,0.021814834087179283,255
0,post-pre_clipped,4,0,0,403,0.0,0.008814565332997867,255
0,post-pre_clipped,4,1,0,403,0.0,0.030597949462777545,255
0,post-pre_clipped,4,2,0,403,0.0,0.024719666516088083,255
0,post-pre_clipped,4,3,0,403,0.0,0.02244669232220767,255
0,post-pre_clipped,4,5,0,403,0.0,0.02294131437949234,255
0,post-pre_clipped,4,6,0,403,0.0,0.02035098152457957,255
0,post-pre_clipped,4,7,0,403,0.0,0.0215260662965102,255
0,post-pre_clipped,4,8,0,403,0.0,0.019876373076549197,255
0,post-pre_clipped,5,0,0,403,0.0,0.008894619770015039,255
0,post-pre_clipped,5,1,0,403,0.0,0.030969630777500128,255
0,post-pre_clipped,5,2,0,403,0.0,0.025245738530772353,255
0,post-pre_clipped,5,3,0,403,0.0,0.023144309559071596,255
0,post-pre_clipped,5,4,0,403,0.0,0.025231443095590715,255
0,post-pre_clipped,5,6,0,403,0.0,0.02140884372802077,255
0,post-pre_clipped,5,7,0,403,0.0,0.02235520153704519,255
0,post-pre_clipped,5,8,0,403,0.0,0.02051680857268657,255
0,post-pre_clipped,6,0,0,403,0.0,0.009718036836477376,255
0,post-pre_clipped,6,1,0,403,0.0,0.03177875240878083,255
0,post-pre_clipped,6,2,0,403,0.0,0.027504417289471127,255
0,post-pre_clipped,6,3,0,403,0.0,0.025806119589892554,255
0,post-pre_clipped,6,4,0,403,0.0,0.028396452444805324,255
0,post-pre_clipped,6,5,0,403,0.0,0.02574321967509335,255
0,post-pre_clipped,6,7,0,403,0.0,0.025503056364041835,255
0,post-pre_clipped,6,8,0,403,0.0,0.022592505761060377,255
0,post-pre_clipped,7,0,0,403,0.0,0.009529337092079758,255
0,post-pre_clipped,7,1,0,403,0.0,0.03111830330338916,255
0,post-pre_clipped,7,2,0,403,0.0,0.026709591093372065,255
0,post-pre_clipped,7,3,0,403,0.0,0.024731102864233395,255
0,post-pre_clipped,7,4,0,403,0.0,0.027444376461708248,255
0,post-pre_clipped,7,5,0,403,0.0,0.025254315791881338,255
0,post-pre_clipped,7,6,0,403,0.0,0.022981341598000925,255
0,post-pre_clipped,7,8,0,403,0.0,0.02061115844488538,255
0,post-pre_clipped,8,0,0,403,0.0,0.009743768619804324,255
0,post-pre_clipped,8,1,0,403,0.0,0.03227623355310182,255
0,post-pre_clipped,8,2,0,403,0.0,0.02813341643746319,255
0,post-pre_clipped,8,3,0,403,0.0,0.026858263619261098,255
0,post-pre_clipped,8,4,0,403,0.0,0.02937426021122935,255
0,post-pre_clipped,8,5,0,403,0.0,0.02749869911539847,255
0,post-pre_clipped,8,6,0,403,0.0,0.02648944139157484,255
0,post-pre_clipped,8,7,0,403,0.0,0.027621639857960557,255
0,pre-post_clipped,0,1,0,403,0.0,0.033688622549047635,255
0,pre-post_clipped,0,2,0,403,0.0,0.03390591316380853,255
0,pre-post_clipped,0,3,0,403,0.0,0.034114626517460445,255
0,pre-post_clipped,0,4,0,403,0.0,0.034166090084114344,255
0,pre-post_clipped,0,5,0,403,0.0,0.03468644392472596,255
0,pre-post_clipped,0,6,0,403,0.0,0.03503811163019425,255
0,pre-post_clipped,0,7,0,403,0.0,0.034943761757995434,255
0,pre-post_clipped,0,8,0,403,0.0,0.03493518449688646,255
0,pre-post_clipped,1,0,0,403,0.0,0.007230631114872399,255
0,pre-post_clipped,1,2,0,403,0.0,0.017077326867984514,255
0,pre-post_clipped,1,3,0,403,0.0,0.017489035401215682,255
0,pre-post_clipped,1,4,0,403,0.0,0.018655542912037328,255
0,pre-post_clipped,1,5,0,403,0.0,0.017583385273414492,255
0,pre-post_clipped,1,6,0,403,0.0,0.015636347001675426,255
0,pre-post_clipped,1,7,0,403,0.0,0.016585563897736175,255
0,pre-post_clipped,1,8,0,403,0.0,0.014581343885270555,255
0,pre-post_clipped,2,0,0,403,0.0,0.008651597371927196,255
0,pre-post_clipped,2,1,0,403,0.0,0.03087242181826499,255
0,pre-post_clipped,2,3,0,403,0.0,0.021365957422475854,255
0,pre-post_clipped,2,4,0,403,0.0,0.02417072180511319,255
0,pre-post_clipped,2,5,0,403,0.0,0.024250776242130363,255
0,pre-post_clipped,2,6,0,403,0.0,0.021354521074330546,255
0,pre-post_clipped,2,7,0,403,0.0,0.022352342450008864,255
0,pre-post_clipped,2,8,0,403,0.0,0.019733418724732818,255
0,pre-post_clipped,3,0,0,403,0.0,0.008757383592271316,255
0,pre-post_clipped,3,1,0,403,0.0,0.03156146179401993,255
0,pre-post_clipped,3,2,0,403,0.0,0.027472967332071524,255
0,pre-post_clipped,3,4,0,403,0.0,0.025102784178955975,255
0,pre-post_clipped,3,5,0,403,0.0,0.0246281757309256,255
0,pre-post_clipped,3,6,0,403,0.0,0.02286983720358415,255
0,pre-post_clipped,3,7,0,403,0.0,0.024022049279224158,255
0,pre-post_clipped,3,8,0,403,0.0,0.021814834087179283,255
0,pre-post_clipped,4,0,0,403,0.0,0.008814565332997867,255
0,pre-post_clipped,4,1,0,403,0.0,0.030597949462777545,255
0,pre-post_clipped,4,2,0,403,0.0,0.024719666516088083,255
0,pre-post_clipped,4,3,0,403,0.0,0.02244669232220767,255
0,pre-post_clipped,4,5,0,403,0.0,0.02294131437949234,255
0,pre-post_clipped,4,6,0,403,0.0,0.02035098152457957,255
0,pre-post_clipped,4,7,0,403,0.0,0.0215260662965102,255
0,pre-post_clipped,4,8,0,403,0.0,0.019876373076549197,255
0,pre-post_clipped,5,0,0,403,0.0,0.008894619770015039,255
0,pre-post_clipped,5,1,0,403,0.0,0.030969630777500128,255
0,pre-post_clipped,5,2,0,403,0.0,0.025245738530772353,255
0,pre-post_clipped,5,3,0,403,0.0,0.023144309559071596,255
0,pre-post_clipped,5,4,0,403,0.0,0.025231443095590715,255
0,pre-post_clipped,5,6,0,403,0.0,0.02140884372802077,255
0,pre-post_clipped,5,7,0,403,0.0,0.02235520153704519,255
0,pre-post_clipped,5,8,0,403,0.0,0.02051680857268657,255
0,pre-post_clipped,6,0,0,403,0.0,0.009718036836477376,255
0,pre-post_clipped,6,1,0,403,0.0,0.03177875240878083,255
0,pre-post_clipped,6,2,0,403,0.0,0.027504417289471127,255
0,pre-post_clipped,6,3,0,403,0.0,0.025806119589892554,255
0,pre-post_clipped,6,4,0,403,0.0,0.028396452444805324,255
0,pre-post_clipped,6,5,0,403,0.0,0.02574321967509335,255
0,pre-post_clipped,6,7,0,403,0.0,0.025503056364041835,255
0,pre-post_clipped,6,8,0,403,0.0,0.022592505761060377,255
0,pre-post_clipped,7,0,0,403,0.0,0.009529337092079758,255
0,pre-post_clipped,7,1,0,403,0.0,0.03111830330338916,255
0,pre-post_clipped,7,2,0,403,0.0,0.026709591093372065,255
0,pre-post_clipped,7,3,0,403,0.0,0.024731102864233395,255
0,pre-post_clipped,7,4,0,403,0.0,0.027444376461708248,255
0,pre-post_clipped,7,5,0,403,0.0,0.025254315791881338,255
0,pre-post_clipped,7,6,0,403,0.0,0.022981341598000925,255
0,pre-post_clipped,7,8,0,403,0.0,0.02061115844488538,255
0,pre-post_clipped,8,0,0,403,0.0,0.009743768619804324,255
0,pre-post_clipped,8,1,0,403,0.0,0.03227623355310182,255
0,pre-post_clipped,8,2,0,403,0.0,0.02813341643746319,255
0,pre-post_clipped,8,3,0,403,0.0,0.026858263619261098,255
0,pre-post_clipped,8,4,0,403,0.0,0.02937426021122935,255
0,pre-post_clipped,8,5,0,403,0.0,0.02749869911539847,255
0,pre-post_clipped,8,6,0,403,0.0,0.02648944139157484,255
0,pre-post_clipped,8,7,0,403,0.0,0.027621639857960557,255
0,absolute_difference,0,1,0,403,0.0,0.006881822496440437,255
0,absolute_difference,0,2,0,403,0.0,0.008520079368256129,255
0,absolute_difference,0,3,0,403,0.0,0.008834578942252161,255
0,absolute_difference,0,4,0,403,0.0,0.008943224249632608,255
0,absolute_difference,0,5,0,403,0.0,0.009543632527261394,255
0,absolute_difference,0,6,0,403,0.0,0.010718717299192023,255
0,absolute_difference,0,7,0,403,0.0,0.010435667682595594,255
0,absolute_difference,0,8,0,403,0.0,0.010641521949211178,255
0,absolute_difference,1,0,0,403,0.0,0.006881822496440437,255
0,absolute_difference,1,2,0,403,0.0,0.013912317518769906,255
0,absolute_difference,1,3,0,403,0.0,0.015013066027756016,255
0,absolute_difference,1,4,0,403,0.0,0.015216061207335273,255
0,absolute_difference,1,5,0,403,0.0,0.014515584883435021,255
0,absolute_difference,1,6,0,403,0.0,0.013377668242976653,255
0,absolute_difference,1,7,0,403,0.0,0.013666436033645736,255
0,absolute_difference,1,8,0,403,0.0,0.012820146270892778,255
0,absolute_difference,2,0,0,403,0.0,0.008520079368256129,255
0,absolute_difference,2,1,0,403,0.0,0.013912317518769906,255
0,absolute_difference,2,3,0,403,0.0,0.014801493587067777,255
0,absolute_difference,2,4,0,403,0.0,0.014852957153721674,255
0,absolute_difference,2,5,0,403,0.0,0.015459083605423116,255
0,absolute_difference,2,6,0,403,0.0,0.01482150719632207,255
0,absolute_difference,2,7,0,403,0.0,0.015024502375901328,255
0,absolute_difference,2,8,0,403,0.0,0.013829403994716407,255
0,absolute_difference,3,0,0,403,0.0,0.008834578942252161,255
0,absolute_difference,3,1,0,403,0.0,0.015013066027756016,255
0,absolute_difference,3,2,0,403,0.0,0.014801493587067777,255
0,absolute_difference,3,4,0,403,0.0,0.013512045333684048,255
0,absolute_difference,3,5,0,403,0.0,0.013735054122517599,255
0,absolute_difference,3,6,0,403,0.0,0.014638525625997106,255
0,absolute_difference,3,7,0,403,0.0,0.014715720975977951,255
0,absolute_difference,3,8,0,403,0.0,0.014635666538960779,255
0,absolute_difference,4,0,0,403,0.0,0.008943224249632608,255
0,absolute_difference,4,1,0,403,0.0,0.015216061207335273,255
0,absolute_difference,4,2,0,403,0.0,0.014852957153721674,255
0,absolute_difference,4,3,0,403,0.0,0.013512045333684048,255
0,absolute_difference,4,5,0,403,0.0,0.014135326307603457,255
0,absolute_difference,4,6,0,403,0.0,0.014710002801905295,255
0,absolute_difference,4,7,0,403,0.0,0.014933011590738845,255
0,absolute_difference,4,8,0,403,0.0,0.015213202120298946,255
0,absolute_difference,5,0,0,403,0.0,0.009543632527261394,255
0,absolute_difference,5,1,0,403,0.0,0.014515584883435021,255
0,absolute_difference,5,2,0,403,0.0,0.015459083605423116,255
0,absolute_difference,5,3,0,403,0.0,0.013735054122517599,255
0,absolute_difference,5,4,0,403,0.0,0.014135326307603457,255
0,absolute_difference,5,6,0,403,0.0,0.013114632235634516,255
0,absolute_difference,5,7,0,403,0.0,0.013572086161446928,255
0,absolute_difference,5,8,0,403,0.0,0.01397807652060544,255
0,absolute_difference,6,0,0,403,0.0,0.010718717299192023,255
0,absolute_difference,6,1,0,403,0.0,0.013377668242976653,255
0,absolute_difference,6,2,0,403,0.0,0.01482150719632207,255
0,absolute_difference,6,3,0,403,0.0,0.014638525625997106,255
0,absolute_difference,6,4,0,403,0.0,0.014710002801905295,255
0,absolute_difference,6,5,0,403,0.0,0.013114632235634516,255
0,absolute_difference,6,7,0,403,0.0,0.01444696679456316,255
0,absolute_difference,6,8,0,403,0.0,0.01504451598515562,255
0,absolute_difference,7,0,0,403,0.0,0.010435667682595594,255
0,absolute_difference,7,1,0,403,0.0,0.013666436033645736,255
0,absolute_difference,7,2,0,403,0.0,0.015024502375901328,255
0,absolute_difference,7,3,0,403,0.0,0.014715720975977951,255
0,absolute_difference,7,4,0,403,0.0,0.014933011590738845,255
0,absolute_difference,7,5,0,403,0.0,0.013572086161446928,255
0,absolute_difference,7,6,0,403,0.0,0.01444696679456316,255
0,absolute_difference,7,8,0,403,0.0,0.014195367135366335,255
0,absolute_difference,8,0,0,403,0.0,0.010641521949211178,255
0,absolute_difference,8,1,0,403,0.0,0.012820146270892778,255
0,absolute_difference,8,2,0,403,0.0,0.013829403994716407,255
0,absolute_difference,8,3,0,403,0.0,0.014635666538960779,255
0,absolute_difference,8,4,0,403,0.0,0.015213202120298946,255
0,absolute_difference,8,5,0,403,0.0,0.01397807652060544,255
0,absolute_difference,8,6,0,403,0.0,0.01504451598515562,255
0,absolute_difference,8,7,0,403,0.0,0.014195367135366335,255
1,post-pre_clipped,0,1,0,403,0.0,0.0180093892418273,255
1,post-pre_clipped,0,2,0,403,0.0,0.017955066588137076,255
1,post-pre_clipped,0,3,0,403,0.0,0.01816377994178899,255
1,post-pre_clipped,0,4,0,403,0.0,0.01825241163991514,255
1,post-pre_clipped,0,5,0,403,0.0,0.018638388389819363,255
1,post-pre_clipped,0,6,0,403,0.0,0.018789920002744723,255
1,post-pre_clipped,0,7,0,403,0.0,0.018855679004580257,255
1,post-pre_clipped,0,8,0,403,0.0,0.019072969619341153,255
1,post-pre_clipped,1,0,0,403,0.0,0.006953299672348626,255
1,post-pre_clipped,1,2,0,403,0.0,0.016605577506990467,255
1,post-pre_clipped,1,3,0,403,0.0,0.0139323311280242,255
1,post-pre_clipped,1,4,0,403,0.0,0.014767184542631847,255
1,post-pre_clipped,1,5,0,403,0.0,0.015336142862861031,255
1,post-pre_clipped,1,6,0,403,0.0,0.014535598492689315,255
1,post-pre_clipped,1,7,0,403,0.0,0.015133147683281774,255
1,post-pre_clipped,1,8,0,403,0.0,0.013620690641064494,255
1,post-pre_clipped,2,0,0,403,0.0,0.006127023518849961,255
1,post-pre_clipped,2,1,0,403,0.0,0.0108616716510084,255
1,post-pre_clipped,2,3,0,403,0.0,0.009566505223552015,255
1,post-pre_clipped,2,4,0,403,0.0,0.010970316958388847,255
1,post-pre_clipped,2,5,0,403,0.0,0.011161875789822794,255
1,post-pre_clipped,2,6,0,403,0.0,0.010692985515865073,255
1,post-pre_clipped,2,7,0,403,0.0,0.011184748486113415,255
1,post-pre_clipped,2,8,0,403,0.0,0.010698703689937729,255
1,post-pre_clipped,3,0,0,403,0.0,0.006390059526192096,255
1,post-pre_clipped,3,1,0,403,0.0,0.014478416751962764,255
1,post-pre_clipped,3,2,0,403,0.0,0.017360376484580945,255
1,post-pre_clipped,3,4,0,403,0.0,0.013692167816972684,255
1,post-pre_clipped,3,5,0,403,0.0,0.013120350409707172,255
1,post-pre_clipped,3,6,0,403,0.0,0.012614292004277194,255
1,post-pre_clipped,3,7,0,403,0.0,0.01349774989850241,255
1,post-pre_clipped,3,8,0,403,0.0,0.012316946952499129,255
1,post-pre_clipped,4,0,0,403,0.0,0.006587336531698698,255
1,post-pre_clipped,4,1,0,403,0.0,0.014321166964964747,255
1,post-pre_clipped,4,2,0,403,0.0,0.016611295681063124,255
1,post-pre_clipped,4,3,0,403,0.0,0.013574945248483255,255
1,post-pre_clipped,4,5,0,403,0.0,0.013177532150433723,255
1,post-pre_clipped,4,6,0,403,0.0,0.012296933343244835,255
1,post-pre_clipped,4,7,0,403,0.0,0.01299455058010876,255
1,post-pre_clipped,4,8,0,403,0.0,0.012013883726648406,255
1,post-pre_clipped,5,0,0,403,0.0,0.006289991479920632,255
1,post-pre_clipped,5,1,0,403,0.0,0.014878688937048622,255
1,post-pre_clipped,5,2,0,403,0.0,0.0167542500328795,255
1,post-pre_clipped,5,3,0,403,0.0,0.01420108530943899,255
1,post-pre_clipped,5,4,0,403,0.0,0.014181071700184697,255
1,post-pre_clipped,5,6,0,403,0.0,0.01262001017834985,255
1,post-pre_clipped,5,7,0,403,0.0,0.01318039123747005,255
1,post-pre_clipped,5,8,0,403,0.0,0.011816606721141805,255
1,post-pre_clipped,6,0,0,403,0.0,0.006733149970551404,255
1,post-pre_clipped,6,1,0,403,0.0,0.015481956301713737,255
1,post-pre_clipped,6,2,0,403,0.0,0.017454726356779752,255
1,post-pre_clipped,6,3,0,403,0.0,0.015193188511044653,255
1,post-pre_clipped,6,4,0,403,0.0,0.01539618369062391,255
1,post-pre_clipped,6,5,0,403,0.0,0.014263985224238196,255
1,post-pre_clipped,6,7,0,403,0.0,0.01434118057421904,255
1,post-pre_clipped,6,8,0,403,0.0,0.012845878054219726,255
1,post-pre_clipped,7,0,0,403,0.0,0.006524436616899491,255
1,post-pre_clipped,7,1,0,403,0.0,0.01535043829804267,255
1,post-pre_clipped,7,2,0,403,0.0,0.017103058651311464,255
1,post-pre_clipped,7,3,0,403,0.0,0.014701425540796313,255
1,post-pre_clipped,7,4,0,403,0.0,0.015027361462937655,255
1,post-pre_clipped,7,5,0,403,0.0,0.0144927121871444,255
1,post-pre_clipped,7,6,0,403,0.0,0.01310033680045288,255
1,post-pre_clipped,7,8,0,403,0.0,0.011605034280453565,255
1,post-pre_clipped,8,0,0,403,0.0,0.006590195618735025,255
1,post-pre_clipped,8,1,0,403,0.0,0.016271064323740144,255
1,post-pre_clipped,8,2,0,403,0.0,0.017580526186378165,255
1,post-pre_clipped,8,3,0,403,0.0,0.01600802831639801,255
1,post-pre_clipped,8,4,0,403,0.0,0.016162419016359696,255
1,post-pre_clipped,8,5,0,403,0.0,0.015530560781331306,255
1,post-pre_clipped,8,6,0,403,0.0,0.014978756983320086,255
1,post-pre_clipped,8,7,0,403,0.0,0.015556292564658254,255
1,pre-post_clipped,0,1,0,403,0.0,0.0180093892418273,255
1,pre-post_clipped,0,2,0,403,0.0,0.017955066588137076,255
1,pre-post_clipped,0,3,0,403,0.0,0.01816377994178899,255
1,pre-post_clipped,0,4,0,403,0.0,0.01825241163991514,255
1,pre-post_clipped,0,5,0,403,0.0,0.018638388389819363,255
1,pre-post_clipped,0,6,0,403,0.0,0.018789920002744723,255
1,pre-post_clipped,0,7,0,403,0.0,0.018855679004580257,255
1,pre-post_clipped,0,8,0,403,0.0,0.019072969619341153,255
1,pre-post_clipped,1,0,0,403,0.0,0.006953299672348626,255
1,pre-post_clipped,1,2,0,403,0.0,0.016605577506990467,255
1,pre-post_clipped,1,3,0,403,0.0,0.0139323311280242,255
1,pre-post_clipped,1,4,0,403,0.0,0.014767184542631847,255
1,pre-post_clipped,1,5,0,403,0.0,0.015336142862861031,255
1,pre-post_clipped,1,6,0,403,0.0,0.014535598492689315,255
1,pre-post_clipped,1,7,0,403,0.0,0.015133147683281774,255
1,pre-post_clipped,1,8,0,403,0.0,0.013620690641064494,255
1,pre-post_clipped,2,0,0,403,0.0,0.006127023518849961,255
1,pre-post_clipped,2,1,0,403,0.0,0.0108616716510084,255
1,pre-post_clipped,2,3,0,403,0.0,0.009566505223552015,255
1,pre-post_clipped,2,4,0,403,0.0,0.010970316958388847,255
1,pre-post_clipped,2,5,0,403,0.0,0.011161875789822794,255
1,pre-post_clipped,2,6,0,403,0.0,0.010692985515865073,255
1,pre-post_clipped,2,7,0,403,0.0,0.011184748486113415,255
1,pre-post_clipped,2,8,0,403,0.0,0.010698703689937729,255
1,pre-post_clipped,3,0,0,403,0.0,0.006390059526192096,255
1,pre-post_clipped,3,1,0,403,0.0,0.014478416751962764,255
1,pre-post_clipped,3,2,0,403,0.0,0.017360376484580945,255
1,pre-post_clipped,3,4,0,403,0.0,0.013692167816972684,255
1,pre-post_clipped,3,5,0,403,0.0,0.013120350409707172,255
1,pre-post_clipped,3,6,0,403,0.0,0.012614292004277194,255
1,pre-post_clipped,3,7,0,403,0.0,0.01349774989850241,255
1,pre-post_clipped,3,8,0,403,0.0,0.012316946952499129,255
1,pre-post_clipped,4,0,0,403,0.0,0.006587336531698698,255
1,pre-post_clipped,4,1,0,403,0.0,0.014321166964964747,255
1,pre-post_clipped,4,2,0,403,0.0,0.016611295681063124,255
1,pre-post_clipped,4,3,0,403,0.0,0.013574945248483255,255
1,pre-post_clipped,4,5,0,403,0.0,0.013177532150433723,255
1,pre-post_clipped,4,6,0,403,0.0,0.012296933343244835,255
1,pre-post_clipped,4,7,0,403,0.0,0.01299455058010876,255
1,pre-post_clipped,4,8,0,403,0.0,0.012013883726648406,255
1,pre-post_clipped,5,0,0,403,0.0,0.006289991479920632,255
1,pre-post_clipped,5,1,0,403,0.0,0.014878688937048622,255
1,pre-post_clipped,5,2,0,403,0.0,0.0167542500328795,255
1,pre-post_clipped,5,3,0,403,0.0,0.01420108530943899,255
1,pre-post_clipped,5,4,0,403,0.0,0.014181071700184697,255
1,pre-post_clipped,5,6,0,403,0.0,0.01262001017834985,255
1,pre-post_clipped,5,7,0,403,0.0,0.01318039123747005,255
1,pre-post_clipped,5,8,0,403,0.0,0.011816606721141805,255
1,pre-post_clipped,6,0,0,403,0.0,0.006733149970551404,255
1,pre-post_clipped,6,1,0,403,0.0,0.015481956301713737,255
1,pre-post_clipped,6,2,0,403,0.0,0.017454726356779752,255
1,pre-post_clipped,6,3,0,403,0.0,0.015193188511044653,255
1,pre-post_clipped,6,4,0,403,0.0,0.01539618369062391,255
1,pre-post_clipped,6,5,0,403,0.0,0.014263985224238196,255
1,pre-post_clipped,6,7,0,403,0.0,0.01434118057421904,255
1,pre-post_clipped,6,8,0,403,0.0,0.012845878054219726,255
1,pre-post_clipped,7,0,0,403,0.0,0.006524436616899491,255
1,pre-post_clipped,7,1,0,403,0.0,0.01535043829804267,255
1,pre-post_clipped,7,2,0,403,0.0,0.017103058651311464,255
1,pre-post_clipped,7,3,0,403,0.0,0.014701425540796313,255
1,pre-post_clipped,7,4,0,403,0.0,0.015027361462937655,255
1,pre-post_clipped,7,5,0,403,0.0,0.0144927121871444,255
1,pre-post_clipped,7,6,0,403,0.0,0.01310033680045288,255
1,pre-post_clipped,7,8,0,403,0.0,0.011605034280453565,255
1,pre-post_clipped,8,0,0,403,0.0,0.006590195618735025,255
1,pre-post_clipped,8,1,0,403,0.0,0.016271064323740144,255
1,pre-post_clipped,8,2,0,403,0.0,0.017580526186378165,255
1,pre-post_clipped,8,3,0,403,0.0,0.01600802831639801,255
1,pre-post_clipped,8,4,0,403,0.0,0.016162419016359696,255
1,pre-post_clipped,8,5,0,403,0.0,0.015530560781331306,255
1,pre-post_clipped,8,6,0,403,0.0,0.014978756983320086,255
1,pre-post_clipped,8,7,0,403,0.0,0.015556292564658254,255
1,absolute_difference,0,1,0,403,0.0,0.0069447224112396426,255
1,absolute_difference,0,2,0,403,0.0,0.006064123604050754,255
1,absolute_difference,0,3,0,403,0.0,0.006535872965044802,255
1,absolute_difference,0,4,0,403,0.0,0.006821781668677558,255
1,absolute_difference,0,5,0,403,0.0,0.006910413366803712,255
1,absolute_difference,0,6,0,403,0.0,0.007505103470359845,255
1,absolute_difference,0,7,0,403,0.0,0.007362149118543467,255
1,absolute_difference,0,8,0,403,0.0,0.007645198735139895,255
1,absolute_difference,1,0,0,403,0.0,0.0069447224112396426,255
1,absolute_difference,1,2,0,403,0.0,0.009449282655062586,255
1,absolute_difference,1,3,0,403,0.0,0.01039278137705068,255
1,absolute_difference,1,4,0,403,0.0,0.011070385004660312,255
1,absolute_difference,1,5,0,403,0.0,0.01219686529697337,255
1,absolute_difference,1,6,0,403,0.0,0.01199958829146677,255
1,absolute_difference,1,7,0,403,0.0,0.012465619478388161,255
1,absolute_difference,1,8,0,403,0.0,0.011873788461868356,255
1,absolute_difference,2,0,0,403,0.0,0.006064123604050754,255
1,absolute_difference,2,1,0,403,0.0,0.009449282655062586,255
1,absolute_difference,2,3,0,403,0.0,0.008908915205196677,255
1,absolute_difference,2,4,0,403,0.0,0.009563646136515688,255
1,absolute_difference,2,5,0,403,0.0,0.009898159319766012,255
1,absolute_difference,2,6,0,403,0.0,0.010129745369708544,255
1,absolute_difference,2,7,0,403,0.0,0.010269840634488596,255
1,absolute_difference,2,8,0,403,0.0,0.010261263373379612,255
1,absolute_difference,3,0,0,403,0.0,0.006535872965044802,255
1,absolute_difference,3,1,0,403,0.0,0.01039278137705068,255
1,absolute_difference,3,2,0,403,0.0,0.008908915205196677,255
1,absolute_difference,3,4,0,403,0.0,0.009249146562519656,255
1,absolute_difference,3,5,0,403,0.0,0.00930346921620988,255
1,absolute_difference,3,6,0,403,0.0,0.009789514012385566,255
1,absolute_difference,3,7,0,403,0.0,0.010181208936362441,255
1,absolute_difference,3,8,0,403,0.0,0.010307008765960853,255
1,absolute_difference,4,0,0,403,0.0,0.006821781668677558,255
1,absolute_difference,4,1,0,403,0.0,0.011070385004660312,255
1,absolute_difference,4,2,0,403,0.0,0.009563646136515688,255
1,absolute_difference,4,3,0,403,0.0,0.009249146562519656,255
1,absolute_difference,4,5,0,403,0.0,0.009340637347682139,255
1,absolute_difference,4,6,0,403,0.0,0.009675150530932463,255
1,absolute_difference,4,7,0,403,0.0,0.010003945540110132,255
1,absolute_difference,4,8,0,403,0.0,0.01015833624007182,255
1,absolute_difference,5,0,0,403,0.0,0.006910413366803712,255
1,absolute_difference,5,1,0,403,0.0,0.01219686529697337,255
1,absolute_difference,5,2,0,403,0.0,0.009898159319766012,255
1,absolute_difference,5,3,0,403,0.0,0.00930346921620988,255
1,absolute_difference,5,4,0,403,0.0,0.009340637347682139,255
1,absolute_difference,5,6,0,403,0.0,0.008866028899651763,255
1,absolute_difference,5,7,0,403,0.0,0.00965513692167817,255
1,absolute_difference,5,8,0,403,0.0,0.009329200999536828,255
1,absolute_difference,6,0,0,403,0.0,0.007505103470359845,255
1,absolute_difference,6,1,0,403,0.0,0.01199958829146677,255
1,absolute_difference,6,2,0,403,0.0,0.010129745369708544,255
1,absolute_difference,6,3,0,403,0.0,0.009789514012385566,255
1,absolute_difference,6,4,0,403,0.0,0.009675150530932463,255
1,absolute_difference,6,5,0,403,0.0,0.008866028899651763,255
1,absolute_difference,6,7,0,403,0.0,0.009423550871735638,255
1,absolute_difference,6,8,0,403,0.0,0.009806668534603531,255
1,absolute_difference,7,0,0,403,0.0,0.007362149118543467,255
1,absolute_difference,7,1,0,403,0.0,0.012465619478388161,255
1,absolute_difference,7,2,0,403,0.0,0.010269840634488596,255
1,absolute_difference,7,3,0,403,0.0,0.010181208936362441,255
1,absolute_difference,7,4,0,403,0.0,0.010003945540110132,255
1,absolute_difference,7,5,0,403,0.0,0.00965513692167817,255
1,absolute_difference,7,6,0,403,0.0,0.009423550871735638,255
1,absolute_difference,7,8,0,403,0.0,0.009143360342175536,255
1,absolute_difference,8,0,0,403,0.0,0.007645198735139895,255
1,absolute_difference,8,1,0,403,0.0,0.011873788461868356,255
1,absolute_difference,8,2,0,403,0.0,0.010261263373379612,255
1,absolute_difference,8,3,0,403,0.0,0.010307008765960853,255
1,absolute_difference,8,4,0,403,0.0,0.01015833624007182,255
1,absolute_difference,8,5,0,403,0.0,0.009329200999536828,255
1,absolute_difference,8,6,0,403,0.0,0.009806668534603531,255
1,absolute_difference,8,7,0,403,0.0,0.009143360342175536,255
2,post-pre_clipped,0,1,0,403,0.0,0.011707961413761358,255
2,post-pre_clipped,0,2,0,403,0.0,0.011696525065616048,255
2,post-pre_clipped,0,3,0,403,0.0,0.011650779673034807,255
2,post-pre_clipped,0,4,0,403,0.0,0.011922392941485924,255
2,post-pre_clipped,0,5,0,403,0.0,0.012093938163665578,255
2,post-pre_clipped,0,6,0,403,0.0,0.01216255625253744,255
2,post-pre_clipped,0,7,0,403,0.0,0.012236892515481957,255
2,post-pre_clipped,0,8,0,403,0.0,0.012414155911734266,255
2,post-pre_clipped,1,0,0,403,0.0,0.006461536702100285,255
2,post-pre_clipped,1,2,0,403,0.0,0.009966777408637873,255
2,post-pre_clipped,1,3,0,403,0.0,0.011919533854449597,255
2,post-pre_clipped,1,4,0,403,0.0,0.011207621182404036,255
2,post-pre_clipped,1,5,0,403,0.0,0.01141347544901962,255
2,post-pre_clipped,1,6,0,403,0.0,0.011733693197088306,255
2,post-pre_clipped,1,7,0,403,0.0,0.012648601048713124,255
2,post-pre_clipped,1,8,0,403,0.0,0.012096797250701907,255
2,post-pre_clipped,2,0,0,403,0.0,0.006269977870666339,255
2,post-pre_clipped,2,1,0,403,0.0,0.009160514864393501,255
2,post-pre_clipped,2,3,0,403,0.0,0.01074444908251897,255
2,post-pre_clipped,2,4,0,403,0.0,0.009935327451238271,255
2,post-pre_clipped,2,5,0,403,0.0,0.009909595667911322,255
2,post-pre_clipped,2,6,0,403,0.0,0.010195504371544078,255
2,post-pre_clipped,2,7,0,403,0.0,0.010801630823245522,255
2,post-pre_clipped,2,8,0,403,0.0,0.010389922290014352,255
2,post-pre_clipped,3,0,0,403,0.0,0.005598092417129362,255
2,post-pre_clipped,3,1,0,403,0.0,0.007710957736975429,255
2,post-pre_clipped,3,2,0,403,0.0,0.007942543786917961,255
2,post-pre_clipped,3,4,0,403,0.0,0.008094075399843323,255
2,post-pre_clipped,3,5,0,403,0.0,0.00811980718317027,255
2,post-pre_clipped,3,6,0,403,0.0,0.008379984103476078,255
2,post-pre_clipped,3,7,0,403,0.0,0.008797410810779902,255
2,post-pre_clipped,3,8,0,403,0.0,0.008391420451621388,255
2,post-pre_clipped,4,0,0,403,0.0,0.005620965113419983,255
2,post-pre_clipped,4,1,0,403,0.0,0.009028996860722434,255
2,post-pre_clipped,4,2,0,403,0.0,0.009254864736592311,255
2,post-pre_clipped,4,3,0,403,0.0,0.010941726088025572,255
2,post-pre_clipped,4,5,0,403,0.0,0.009106192210703279,255
2,post-pre_clipped,4,6,0,403,0.0,0.009054728644049383,255
2,post-pre_clipped,4,7,0,403,0.0,0.009449282655062586,255
2,post-pre_clipped,4,8,0,403,0.0,0.008948942423705263,255
2,post-pre_clipped,5,0,0,403,0.0,0.005826819380035567,255
2,post-pre_clipped,5,1,0,403,0.0,0.009472155351353206,255
2,post-pre_clipped,5,2,0,403,0.0,0.009669432356859808,255
2,post-pre_clipped,5,3,0,403,0.0,0.011027498699115398,255
2,post-pre_clipped,5,4,0,403,0.0,0.010026818236400753,255
2,post-pre_clipped,5,6,0,403,0.0,0.009386382740263379,255
2,post-pre_clipped,5,7,0,403,0.0,0.00943212813284462,255
2,post-pre_clipped,5,8,0,403,0.0,0.009294891955100897,255
2,post-pre_clipped,6,0,0,403,0.0,0.005340774583859882,255
2,post-pre_clipped,6,1,0,403,0.0,0.009469296264316878,255
2,post-pre_clipped,6,2,0,403,0.0,0.009835259404966806,255
2,post-pre_clipped,6,3,0,403,0.0,0.011078962265769295,255
2,post-pre_clipped,6,4,0,403,0.0,0.010104013586381596,255
2,post-pre_clipped,6,5,0,403,0.0,0.009417832697662982,255
2,post-pre_clipped,6,7,0,403,0.0,0.009472155351353206,255
2,post-pre_clipped,6,8,0,403,0.0,0.008988969642213848,255
2,post-pre_clipped,7,0,0,403,0.0,0.005292170104242313,255
2,post-pre_clipped,7,1,0,403,0.0,0.009469296264316878,255
2,post-pre_clipped,7,2,0,403,0.0,0.009981072843819511,255
2,post-pre_clipped,7,3,0,403,0.0,0.011076103178732966,255
2,post-pre_clipped,7,4,0,403,0.0,0.01015833624007182,255
2,post-pre_clipped,7,5,0,403,0.0,0.009500746221716481,255
2,post-pre_clipped,7,6,0,403,0.0,0.009386382740263379,255
2,post-pre_clipped,7,8,0,403,0.0,0.008391420451621388,255
2,post-pre_clipped,8,0,0,403,0.0,0.005183524796861866,255
2,post-pre_clipped,8,1,0,403,0.0,0.010132604456744873,255
2,post-pre_clipped,8,2,0,403,0.0,0.010372767767796387,255
2,post-pre_clipped,8,3,0,403,0.0,0.01154213436565436,255
2,post-pre_clipped,8,4,0,403,0.0,0.010712999125119367,255
2,post-pre_clipped,8,5,0,403,0.0,0.009906736580874995,255
2,post-pre_clipped,8,6,0,403,0.0,0.01010115449934527,255
2,post-pre_clipped,8,7,0,403,0.0,0.010186927110435095,255
2,pre-post_clipped,0,1,0,403,0.0,0.011707961413761358,255
2,pre-post_clipped,0,2,0,403,0.0,0.011696525065616048,255
2,pre-post_clipped,0,3,0,403,0.0,0.011650779673034807,255
2,pre-post_clipped,0,4,0,403,0.0,0.011922392941485924,255
2,pre-post_clipped,0,5,0,403,0.0,0.012093938163665578,255
2,pre-post_clipped,0,6,0,403,0.0,0.01216255625253744,255
2,pre-post_clipped,0,7,0,403,0.0,0.012236892515481957,255
2,pre-post_clipped,0,8,0,403,0.0,0.012414155911734266,255
2,pre-post_clipped,1,0,0,403,0.0,0.006461536702100285,255
2,pre-post_clipped,1,2,0,403,0.0,0.009966777408637873,255
2,pre-post_clipped,1,3,0,403,0.0,0.011919533854449597,255
2,pre-post_clipped,1,4,0,403,0.0,0.011207621182404036,255
2,pre-post_clipped,1,5,0,403,0.0,0.01141347544901962,255
2,pre-post_clipped,1,6,0,403,0.0,0.011733693197088306,255
2,pre-post_clipped,1,7,0,403,0.0,0.012648601048713124,255
2,pre-post_clipped,1,8,0,403,0.0,0.012096797250701907,255
2,pre-post_clipped,2,0,0,403,0.0,0.006269977870666339,255
2,pre-post_clipped,2,1,0,403,0.0,0.009160514864393501,255
2,pre-post_clipped,2,3,0,403,0.0,0.01074444908251897,255
2,pre-post_clipped,2,4,0,403,0.0,0.009935327451238271,255
2,pre-post_clipped,2,5,0,403,0.0,0.009909595667911322,255
2,pre-post_clipped,2,6,0,403,0.0,0.010195504371544078,255
2,pre-post_clipped,2,7,0,403,0.0,0.010801630823245522,255
2,pre-post_clipped,2,8,0,403,0.0,0.010389922290014352,255
2,pre-post_clipped,3,0,0,403,0.0,0.005598092417129362,255
2,pre-post_clipped,3,1,0,403,0.0,0.007710957736975429,255
2,pre-post_clipped,3,2,0,403,0.0,0.007942543786917961,255
2,pre-post_clipped,3,4,0,403,0.0,0.008094075399843323,255
2,pre-post_clipped,3,5,0,403,0.0,0.00811980718317027,255
2,pre-post_clipped,3,6,0,403,0.0,0.008379984103476078,255
2,pre-post_clipped,3,7,0,403,0.0,0.008797410810779902,255
2,pre-post_clipped,3,8,0,403,0.0,0.008391420451621388,255
2,pre-post_clipped,4,0,0,403,0.0,0.005620965113419983,255
2,pre-post_clipped,4,1,0,403,0.0,0.009028996860722434,255
2,pre-post_clipped,4,2,0,403,0.0,0.009254864736592311,255
2,pre-post_clipped,4,3,0,403,0.0,0.010941726088025572,255
2,pre-post_clipped,4,5,0,403,0.0,0.009106192210703279,255
2,pre-post_clipped,4,6,0,403,0.0,0.009054728644049383,255
2,pre-post_clipped,4,7,0,403,0.0,0.009449282655062586,255
2,pre-post_clipped,4,8,0,403,0.0,0.008948942423705263,255
2,pre-post_clipped,5,0,0,403,0.0,0.005826819380035567,255
2,pre-post_clipped,5,1,0,403,0.0,0.009472155351353206,255
2,pre-post_clipped,5,2,0,403,0.0,0.009669432356859808,255
2,pre-post_clipped,5,3,0,403,0.0,0.011027498699115398,255
2,pre-post_clipped,5,4,0,403,0.0,0.010026818236400753,255
2,pre-post_clipped,5,6,0,403,0.0,0.009386382740263379,255
2,pre-post_clipped,5,7,0,403,0.0,0.00943212813284462,255
2,pre-post_clipped,5,8,0,403,0.0,0.009294891955100897,255
2,pre-post_clipped,6,0,0,403,0.0,0.005340774583859882,255
2,pre-post_clipped,6,1,0,403,0.0,0.009469296264316878,255
2,pre-post_clipped,6,2,0,403,0.0,0.009835259404966806,255
2,pre-post_clipped,6,3,0,403,0.0,0.011078962265769295,255
2,pre-post_clipped,6,4,0,403,0.0,0.010104013586381596,255
2,pre-post_clipped,6,5,0,403,0.0,0.009417832697662982,255
2,pre-post_clipped,6,7,0,403,0.0,0.009472155351353206,255
2,pre-post_clipped,6,8,0,403,0.0,0.008988969642213848,255
2,pre-post_clipped,7,0,0,403,0.0,0.005292170104242313,255
2,pre-post_clipped,7,1,0,403,0.0,0.009469296264316878,255
2,pre-post_clipped,7,2,0,403,0.0,0.009981072843819511,255
2,pre-post_clipped,7,3,0,403,0.0,0.011076103178732966,255
2,pre-post_clipped,7,4,0,403,0.0,0.01015833624007182,255
2,pre-post_clipped,7,5,0,403,0.0,0.009500746221716481,255
2,pre-post_clipped,7,6,0,403,0.0,0.009386382740263379,255
2,pre-post_clipped,7,8,0,403,0.0,0.008391420451621388,255
2,pre-post_clipped,8,0,0,403,0.0,0.005183524796861866,255
2,pre-post_clipped,8,1,0,403,0.0,0.010132604456744873,255
2,pre-post_clipped,8,2,0,403,0.0,0.010372767767796387,255
2,pre-post_clipped,8,3,0,403,0.0,0.01154213436565436,255
2,pre-post_clipped,8,4,0,403,0.0,0.010712999125119367,255
2,pre-post_clipped,8,5,0,403,0.0,0.009906736580874995,255
2,pre-post_clipped,8,6,0,403,0.0,0.01010115449934527,255
2,pre-post_clipped,8,7,0,403,0.0,0.010186927110435095,255
2,absolute_difference,0,1,0,403,0.0,0.006367186829901476,255
2,absolute_difference,0,2,0,403,0.0,0.006164191650322219,255
2,absolute_difference,0,3,0,403,0.0,0.005446560804204002,255
2,absolute_difference,0,4,0,403,0.0,0.00574104676894574,255
2,absolute_difference,0,5,0,403,0.0,0.006118446257740978,255
2,absolute_difference,0,6,0,403,0.0,0.005701019550437154,255
2,absolute_difference,0,7,0,403,0.0,0.005726751333764103,255
2,absolute_difference,0,8,0,403,0.0,0.005795369422635964,255
2,absolute_difference,1,0,0,403,0.0,0.006367186829901476,255
2,absolute_difference,1,2,0,403,0.0,0.007324980987071209,255
2,absolute_difference,1,3,0,403,0.0,0.007828180305464859,255
2,absolute_difference,1,4,0,403,0.0,0.008434306757166301,255
2,absolute_difference,1,5,0,403,0.0,0.009083319514412658,255
2,absolute_difference,1,6,0,403,0.0,0.009400678175445017,255
2,absolute_difference,1,7,0,403,0.0,0.010315586027069836,255
2,absolute_difference,1,8,0,403,0.0,0.010427090421486611,255
2,absolute_difference,2,0,0,403,0.0,0.006164191650322219,255
2,absolute_difference,2,1,0,403,0.0,0.007324980987071209,255
2,absolute_difference,2,3,0,403,0.0,0.0068846815834767644,255
2,absolute_difference,2,4,0,403,0.0,0.007387880901870415,255
2,absolute_difference,2,5,0,403,0.0,0.007776716738810963,255
2,absolute_difference,2,6,0,403,0.0,0.008228452490550717,255
2,absolute_difference,2,7,0,403,0.0,0.008980392381104865,255
2,absolute_difference,2,8,0,403,0.0,0.008960378771850573,255
2,absolute_difference,3,0,0,403,0.0,0.005446560804204002,255
2,absolute_difference,3,1,0,403,0.0,0.007828180305464859,255
2,absolute_difference,3,2,0,403,0.0,0.0068846815834767644,255
2,absolute_difference,3,4,0,403,0.0,0.007233490201908726,255
2,absolute_difference,3,5,0,403,0.0,0.007344994596325502,255
2,absolute_difference,3,6,0,403,0.0,0.007656635083285205,255
2,absolute_difference,3,7,0,403,0.0,0.008071202703552702,255
2,absolute_difference,3,8,0,403,0.0,0.00813124353131558,255
2,absolute_difference,4,0,0,403,0.0,0.00574104676894574,255
2,absolute_difference,4,1,0,403,0.0,0.008434306757166301,255
2,absolute_difference,4,2,0,403,0.0,0.007387880901870415,255
2,absolute_difference,4,3,0,403,0.0,0.007233490201908726,255
2,absolute_difference,4,5,0,403,0.0,0.007330699161143863,255
2,absolute_difference,4,6,0,403,0.0,0.007356430944470811,255
2,absolute_difference,4,7,0,403,0.0,0.007805307609174239,255
2,absolute_difference,4,8,0,403,0.0,0.007859630262864462,255
2,absolute_difference,5,0,0,403,0.0,0.006118446257740978,255
2,absolute_difference,5,1,0,403,0.0,0.009083319514412658,255
2,absolute_difference,5,2,0,403,0.0,0.007776716738810963,255
2,absolute_difference,5,3,0,403,0.0,0.007344994596325502,255
2,absolute_difference,5,4,0,403,0.0,0.007330699161143863,255
2,absolute_difference,5,6,0,403,0.0,0.007001904151966194,255
2,absolute_difference,5,7,0,403,0.0,0.007130563068600934,255
2,absolute_difference,5,8,0,403,0.0,0.007399317250015725,255
2,absolute_difference,6,0,0,403,0.0,0.005701019550437154,255
2,absolute_difference,6,1,0,403,0.0,0.009400678175445017,255
2,absolute_difference,6,2,0,403,0.0,0.008228452490550717,255
2,absolute_difference,6,3,0,403,0.0,0.007656635083285205,255
2,absolute_difference,6,4,0,403,0.0,0.007356430944470811,255
2,absolute_difference,6,5,0,403,0.0,0.007001904151966194,255
2,absolute_difference,6,7,0,403,0.0,0.007056226805656418,255
2,absolute_difference,6,8,0,403,0.0,0.0072878128555989505,255
2,absolute_difference,7,0,0,403,0.0,0.005726751333764103,255
2,absolute_difference,7,1,0,403,0.0,0.010315586027069836,255
2,absolute_difference,7,2,0,403,0.0,0.008980392381104865,255
2,absolute_difference,7,3,0,403,0.0,0.008071202703552702,255
2,absolute_difference,7,4,0,403,0.0,0.007805307609174239,255
2,absolute_difference,7,5,0,403,0.0,0.007130563068600934,255
2,absolute_difference,7,6,0,403,0.0,0.007056226805656418,255
2,absolute_difference,7,8,0,403,0.0,0.006776036276096317,255
2,absolute_difference,8,0,0,403,0.0,0.005795369422635964,255
2,absolute_difference,8,1,0,403,0.0,0.010427090421486611,255
2,absolute_difference,8,2,0,403,0.0,0.008960378771850573,255
2,absolute_difference,8,3,0,403,0.0,0.00813124353131558,255
2,absolute_difference,8,4,0,403,0.0,0.007859630262864462,255
2,absolute_difference,8,5,0,403,0.0,0.007399317250015725,255
2,absolute_difference,8,6,0,403,0.0,0.0072878128555989505,255
2,absolute_difference,8,7,0,403,0.0,0.006776036276096317,255
3,post-pre_clipped,0,1,0,403,0.0,0.013466299941102808,255
3,post-pre_clipped,0,2,0,403,0.0,0.013649281511427771,255
3,post-pre_clipped,0,3,0,403,0.0,0.013692167816972684,255
3,post-pre_clipped,0,4,0,403,0.0,0.013634986076246133,255
3,post-pre_clipped,0,5,0,403,0.0,0.013695026904009013,255
3,post-pre_clipped,0,6,0,403,0.0,0.014009526478005043,255
3,post-pre_clipped,0,7,0,403,0.0,0.014060990044658939,255
3,post-pre_clipped,0,8,0,403,0.0,0.014063849131695267,255
3,post-pre_clipped,1,0,0,403,0.0,0.006332877785465545,255
3,post-pre_clipped,1,2,0,403,0.0,0.010012522801219115,255
3,post-pre_clipped,1,3,0,403,0.0,0.01043852676963192,255
3,post-pre_clipped,1,4,0,403,0.0,0.013243291152269257,255
3,post-pre_clipped,1,5,0,403,0.0,0.011616470628598876,255
3,post-pre_clipped,1,6,0,403,0.0,0.012628587439458832,255
3,post-pre_clipped,1,7,0,403,0.0,0.013091759539343897,255
3,post-pre_clipped,1,8,0,403,0.0,0.013017423276399381,255
3,post-pre_clipped,2,0,0,403,0.0,0.005912591991125394,255
3,post-pre_clipped,2,1,0,403,0.0,0.010349895071505766,255
3,post-pre_clipped,2,3,0,403,0.0,0.010258404286343285,255
3,post-pre_clipped,2,4,0,403,0.0,0.013186109411542706,255
3,post-pre_clipped,2,5,0,403,0.0,0.01147065718974617,255
3,post-pre_clipped,2,6,0,403,0.0,0.012091079076629251,255
3,post-pre_clipped,2,7,0,403,0.0,0.012305510604353817,255
3,post-pre_clipped,2,8,0,403,0.0,0.012131106295137837,255
3,post-pre_clipped,3,0,0,403,0.0,0.005086315837626729,255
3,post-pre_clipped,3,1,0,403,0.0,0.010003945540110132,255
3,post-pre_clipped,3,2,0,403,0.0,0.010149758978962838,255
3,post-pre_clipped,3,4,0,403,0.0,0.013208982107833327,255
3,post-pre_clipped,3,5,0,403,0.0,0.010775899039918574,255
3,post-pre_clipped,3,6,0,403,0.0,0.012053910945156992,255
3,post-pre_clipped,3,7,0,403,0.0,0.011745129545233615,255
3,post-pre_clipped,3,8,0,403,0.0,0.0113076892286755,255
3,post-pre_clipped,4,0,0,403,0.0,0.004431584906307718,255
3,post-pre_clipped,4,1,0,403,0.0,0.007536553427759448,255
3,post-pre_clipped,4,2,0,403,0.0,0.006939004237166988,255
3,post-pre_clipped,4,3,0,403,0.0,0.006876104322367782,255
3,post-pre_clipped,4,5,0,403,0.0,0.007313544638925898,255
3,post-pre_clipped,4,6,0,403,0.0,0.007868207523973445,255
3,post-pre_clipped,4,7,0,403,0.0,0.00829421149238625,255
3,post-pre_clipped,4,8,0,403,0.0,0.007242067463017709,255
3,post-pre_clipped,5,0,0,403,0.0,0.0048432934395388864,255
3,post-pre_clipped,5,1,0,403,0.0,0.010089718151199958,255
3,post-pre_clipped,5,2,0,403,0.0,0.009620827877242239,255
3,post-pre_clipped,5,3,0,403,0.0,0.010152618065999165,255
3,post-pre_clipped,5,4,0,403,0.0,0.01274866909498459,255
3,post-pre_clipped,5,6,0,403,0.0,0.011104694049096243,255
3,post-pre_clipped,5,7,0,403,0.0,0.011244789313876293,255
3,post-pre_clipped,5,8,0,403,0.0,0.010418513160377629,255
3,post-pre_clipped,6,0,0,403,0.0,0.004751802654376405,255
3,post-pre_clipped,6,1,0,403,0.0,0.009440705393953603,255
3,post-pre_clipped,6,2,0,403,0.0,0.008977533294068538,255
3,post-pre_clipped,6,3,0,403,0.0,0.008768819940416625,255
3,post-pre_clipped,6,4,0,403,0.0,0.012820146270892778,255
3,post-pre_clipped,6,5,0,403,0.0,0.009446423568026259,255
3,post-pre_clipped,6,7,0,403,0.0,0.01048713124924949,255
3,post-pre_clipped,6,8,0,403,0.0,0.009169092125502485,255
3,post-pre_clipped,7,0,0,403,0.0,0.004889038832120127,255
3,post-pre_clipped,7,1,0,403,0.0,0.0097723594901676,255
3,post-pre_clipped,7,2,0,403,0.0,0.009360650956936431,255
3,post-pre_clipped,7,3,0,403,0.0,0.009380664566190723,255
3,post-pre_clipped,7,4,0,403,0.0,0.012599996569095556,255
3,post-pre_clipped,7,5,0,403,0.0,0.009746627706840651,255
3,post-pre_clipped,7,6,0,403,0.0,0.010358472332614749,255
3,post-pre_clipped,7,8,0,403,0.0,0.00950360530875281,255
3,post-pre_clipped,8,0,0,403,0.0,0.004688902739577198,255
3,post-pre_clipped,8,1,0,403,0.0,0.010324163288178818,255
3,post-pre_clipped,8,2,0,403,0.0,0.009812386708676185,255
3,post-pre_clipped,8,3,0,403,0.0,0.010232672503016337,255
3,post-pre_clipped,8,4,0,403,0.0,0.012988832406036105,255
3,post-pre_clipped,8,5,0,403,0.0,0.010344176897433112,255
3,post-pre_clipped,8,6,0,403,0.0,0.01131912557682081,255
3,post-pre_clipped,8,7,0,403,0.0,0.011359152795329395,255
3,pre-post_clipped,0,1,0,403,0.0,0.013466299941102808,255
3,pre-post_clipped,0,2,0,403,0.0,0.013649281511427771,255
3,pre-post_clipped,0,3,0,403,0.0,0.013692167816972684,255
3,pre-post_clipped,0,4,0,403,0.0,0.013634986076246133,255
3,pre-post_clipped,0,5,0,403,0.0,0.013695026904009013,255
3,pre-post_clipped,0,6,0,403,0.0,0.014009526478005043,255
3,pre-post_clipped,0,7,0,403,0.0,0.014060990044658939,255
3,pre-post_clipped,0,8,0,403,0.0,0.014063849131695267,255
3,pre-post_clipped,1,0,0,403,0.0,0.006332877785465545,255
3,pre-post_clipped,1,2,0,403,0.0,0.010012522801219115,255
3,pre-post_clipped,1,3,0,403,0.0,0.01043852676963192,255
3,pre-post_clipped,1,4,0,403,0.0,0.013243291152269257,255
3,pre-post_clipped,1,5,0,403,0.0,0.011616470628598876,255
3,pre-post_clipped,1,6,0,403,0.0,0.012628587439458832,255
3,pre-post_clipped,1,7,0,403,0.0,0.013091759539343897,255
3,pre-post_clipped,1,8,0,403,0.0,0.013017423276399381,255
3,pre-post_clipped,2,0,0,403,0.0,0.005912591991125394,255
3,pre-post_clipped,2,1,0,403,0.0,0.010349895071505766,255
3,pre-post_clipped,2,3,0,403,0.0,0.010258404286343285,255
3,pre-post_clipped,2,4,0,403,0.0,0.013186109411542706,255
3,pre-post_clipped,2,5,0,403,0.0,0.01147065718974617,255
3,pre-post_clipped,2,6,0,403,0.0,0.012091079076629251,255
3,pre-post_clipped,2,7,0,403,0.0,0.012305510604353817,255
3,pre-post_clipped,2,8,0,403,0.0,0.012131106295137837,255
3,pre-post_clipped,3,0,0,403,0.0,0.005086315837626729,255
3,pre-post_clipped,3,1,0,403,0.0,0.010003945540110132,255
3,pre-post_clipped,3,2,0,403,0.0,0.010149758978962838,255
3,pre-post_clipped,3,4,0,403,0.0,0.013208982107833327,255
3,pre-post_clipped,3,5,0,403,0.0,0.010775899039918574,255
3,pre-post_clipped,3,6,0,403,0.0,0.012053910945156992,255
3,pre-post_clipped,3,7,0,403,0.0,0.011745129545233615,255
3,pre-post_clipped,3,8,0,403,0.0,0.0113076892286755,255
3,pre-post_clipped,4,0,0,403,0.0,0.004431584906307718,255
3,pre-post_clipped,4,1,0,403,0.0,0.007536553427759448,255
3,pre-post_clipped,4,2,0,403,0.0,0.006939004237166988,255
3,pre-post_clipped,4,3,0,403,0.0,0.006876104322367782,255
3,pre-post_clipped,4,5,0,403,0.0,0.007313544638925898,255
3,pre-post_clipped,4,6,0,403,0.0,0.007868207523973445,255
3,pre-post_clipped,4,7,0,403,0.0,0.00829421149238625,255
3,pre-post_clipped,4,8,0,403,0.0,0.007242067463017709,255
3,pre-post_clipped,5,0,0,403,0.0,0.0048432934395388864,255
3,pre-post_clipped,5,1,0,403,0.0,0.010089718151199958,255
3,pre-post_clipped,5,2,0,403,0.0,0.009620827877242239,255
3,pre-post_clipped,5,3,0,403,0.0,0.010152618065999165,255
3,pre-post_clipped,5,4,0,403,0.0,0.01274866909498459,255
3,pre-post_clipped,5,6,0,403,0.0,0.011104694049096243,255
3,pre-post_clipped,5,7,0,403,0.0,0.011244789313876293,255
3,pre-post_clipped,5,8,0,403,0.0,0.010418513160377629,255
3,pre-post_clipped,6,0,0,403,0.0,0.004751802654376405,255
3,pre-post_clipped,6,1,0,403,0.0,0.009440705393953603,255
3,pre-post_clipped,6,2,0,403,0.0,0.008977533294068538,255
3,pre-post_clipped,6,3,0,403,0.0,0.008768819940416625,255
3,pre-post_clipped,6,4,0,403,0.0,0.012820146270892778,255
3,pre-post_clipped,6,5,0,403,0.0,0.009446423568026259,255
3,pre-post_clipped,6,7,0,403,0.0,0.01048713124924949,255
3,pre-post_clipped,6,8,0,403,0.0,0.009169092125502485,255
3,pre-post_clipped,7,0,0,403,0.0,0.004889038832120127,255
3,pre-post_clipped,7,1,0,403,0.0,0.0097723594901676,255
3,pre-post_clipped,7,2,0,403,0.0,0.009360650956936431,255
3,pre-post_clipped,7,3,0,403,0.0,0.009380664566190723,255
3,pre-post_clipped,7,4,0,403,0.0,0.012599996569095556,255
3,pre-post_clipped,7,5,0,403,0.0,0.009746627706840651,255
3,pre-post_clipped,7,6,0,403,0.0,0.010358472332614749,255
3,pre-post_clipped,7,8,0,403,0.0,0.00950360530875281,255
3,pre-post_clipped,8,0,0,403,0.0,0.004688902739577198,255
3,pre-post_clipped,8,1,0,403,0.0,0.010324163288178818,255
3,pre-post_clipped,8,2,0,403,0.0,0.009812386708676185,255
3,pre-post_clipped,8,3,0,403,0.0,0.010232672503016337,255
3,pre-post_clipped,8,4,0,403,0.0,0.012988832406036105,255
3,pre-post_clipped,8,5,0,403,0.0,0.010344176897433112,255
3,pre-post_clipped,8,6,0,403,0.0,0.01131912557682081,255
3,pre-post_clipped,8,7,0,403,0.0,0.011359152795329395,255
3,absolute_difference,0,1,0,403,0.0,0.006152755302176909,255
3,absolute_difference,0,2,0,403,0.0,0.005915451078161721,255
3,absolute_difference,0,3,0,403,0.0,0.00513206123020797,255
3,absolute_difference,0,4,0,403,0.0,0.004420148558162407,255
3,absolute_difference,0,5,0,403,0.0,0.004891897919156455,255
3,absolute_difference,0,6,0,403,0.0,0.005114906707990005,255
3,absolute_difference,0,7,0,403,0.0,0.005303606452387624,255
3,absolute_difference,0,8,0,403,0.0,0.005106329446881022,255
3,absolute_difference,1,0,0,403,0.0,0.006152755302176909,255
3,absolute_difference,1,2,0,403,0.0,0.006715995448333438,255
3,absolute_difference,1,3,0,403,0.0,0.00679604988535061,255
3,absolute_difference,1,4,0,403,0.0,0.007133422155637262,255
3,absolute_difference,1,5,0,403,0.0,0.00805976635540739,255
3,absolute_difference,1,6,0,403,0.0,0.008422870409020991,255
3,absolute_difference,1,7,0,403,0.0,0.009217696605120052,255
3,absolute_difference,1,8,0,403,0.0,0.009695164140186755,255
3,absolute_difference,2,0,0,403,0.0,0.005915451078161721,255
3,absolute_difference,2,1,0,403,0.0,0.006715995448333438,255
3,absolute_difference,2,3,0,403,0.0,0.0067617408409146795,255
3,absolute_difference,2,4,0,403,0.0,0.006478691224318251,255
3,absolute_difference,2,5,0,403,0.0,0.007445062642596966,255
3,absolute_difference,2,6,0,403,0.0,0.007422189946306346,255
3,absolute_difference,2,7,0,403,0.0,0.008019739136898806,255
3,absolute_difference,2,8,0,403,0.0,0.00829707057942258,255
3,absolute_difference,3,0,0,403,0.0,0.00513206123020797,255
3,absolute_difference,3,1,0,403,0.0,0.00679604988535061,255
3,absolute_difference,3,2,0,403,0.0,0.0067617408409146795,255
3,absolute_difference,3,4,0,403,0.0,0.006438664005809665,255
3,absolute_difference,3,5,0,403,0.0,0.007282094681526295,255
3,absolute_difference,3,6,0,403,0.0,0.007176308461182175,255
3,absolute_difference,3,7,0,403,0.0,0.007479371687032897,255
3,absolute_difference,3,8,0,403,0.0,0.007893939307300393,255
3,absolute_difference,4,0,0,403,0.0,0.004420148558162407,255
3,absolute_difference,4,1,0,403,0.0,0.007133422155637262,255
3,absolute_difference,4,2,0,403,0.0,0.006478691224318251,255
3,absolute_difference,4,3,0,403,0.0,0.006438664005809665,255
3,absolute_difference,4,5,0,403,0.0,0.006415791309519045,255
3,absolute_difference,4,6,0,403,0.0,0.00704193137047478,255
3,absolute_difference,4,7,0,403,0.0,0.0072477856370903645,255
3,absolute_difference,4,8,0,403,0.0,0.00658447744466237,255
3,absolute_difference,5,0,0,403,0.0,0.004891897919156455,255
3,absolute_difference,5,1,0,403,0.0,0.00805976635540739,255
3,absolute_difference,5,2,0,403,0.0,0.007445062642596966,255
3,absolute_difference,5,3,0,403,0.0,0.007282094681526295,255
3,absolute_difference,5,4,0,403,0.0,0.006415791309519045,255
3,absolute_difference,5,6,0,403,0.0,0.006904695192731057,255
3,absolute_difference,5,7,0,403,0.0,0.007344994596325502,255
3,absolute_difference,5,8,0,403,0.0,0.007116267633419297,255
3,absolute_difference,6,0,0,403,0.0,0.005114906707990005,255
3,absolute_difference,6,1,0,403,0.0,0.008422870409020991,255
3,absolute_difference,6,2,0,403,0.0,0.007422189946306346,255
3,absolute_difference,6,3,0,403,0.0,0.007176308461182175,255
3,absolute_difference,6,4,0,403,0.0,0.00704193137047478,255
3,absolute_difference,6,5,0,403,0.0,0.006904695192731057,255
3,absolute_difference,6,7,0,403,0.0,0.007199181157472796,255
3,absolute_difference,6,8,0,403,0.0,0.006841795277931851,255
3,absolute_difference,7,0,0,403,0.0,0.005303606452387624,255
3,absolute_difference,7,1,0,403,0.0,0.009217696605120052,255
3,absolute_difference,7,2,0,403,0.0,0.008019739136898806,255
3,absolute_difference,7,3,0,403,0.0,0.007479371687032897,255
3,absolute_difference,7,4,0,403,0.0,0.0072477856370903645,255
3,absolute_difference,7,5,0,403,0.0,0.007344994596325502,255
3,absolute_difference,7,6,0,403,0.0,0.007199181157472796,255
3,absolute_difference,7,8,0,403,0.0,0.007216335679690761,255
3,absolute_difference,8,0,0,403,0.0,0.005106329446881022,255
3,absolute_difference,8,1,0,403,0.0,0.009695164140186755,255
3,absolute_difference,8,2,0,403,0.0,0.00829707057942258,255
3,absolute_difference,8,3,0,403,0.0,0.007893939307300393,255
3,absolute_difference,8,4,0,403,0.0,0.00658447744466237,255
3,absolute_difference,8,5,0,403,0.0,0.007116267633419297,255
3,absolute_difference,8,6,0,403,0.0,0.006841795277931851,255
3,absolute_difference,8,7,0,403,0.0,0.007216335679690761,255
4,post-pre_clipped,0,1,0,403,0.0,0.010418513160377629,255
4,post-pre_clipped,0,2,0,403,0.0,0.010341317810396784,255
4,post-pre_clipped,0,3,0,403,0.0,0.010307008765960853,255
4,post-pre_clipped,0,4,0,403,0.0,0.010327022375215147,255
4,post-pre_clipped,0,5,0,403,0.0,0.010352754158542095,255
4,post-pre_clipped,0,6,0,403,0.0,0.010324163288178818,255
4,post-pre_clipped,0,7,0,403,0.0,0.010412794986304973,255
4,post-pre_clipped,0,8,0,403,0.0,0.010610071991811574,255
4,post-pre_clipped,1,0,0,403,0.0,0.005558065198620776,255
4,post-pre_clipped,1,2,0,403,0.0,0.00753369434072312,255
4,post-pre_clipped,1,3,0,403,0.0,0.00719346298340014,255
4,post-pre_clipped,1,4,0,403,0.0,0.008168411662787839,255
4,post-pre_clipped,1,5,0,403,0.0,0.010595776556629938,255
4,post-pre_clipped,1,6,0,403,0.0,0.008134102618351909,255
4,post-pre_clipped,1,7,0,403,0.0,0.008697342764508438,255
4,post-pre_clipped,1,8,0,403,0.0,0.008983251468141194,255
4,post-pre_clipped,2,0,0,403,0.0,0.005435124456058691,255
4,post-pre_clipped,2,1,0,403,0.0,0.008602992892309628,255
4,post-pre_clipped,2,3,0,403,0.0,0.007339276422252846,255
4,post-pre_clipped,2,4,0,403,0.0,0.008585838370091662,255
4,post-pre_clipped,2,5,0,403,0.0,0.010341317810396784,255
4,post-pre_clipped,2,6,0,403,0.0,0.008171270749824166,255
4,post-pre_clipped,2,7,0,403,0.0,0.008851733464470126,255
4,post-pre_clipped,2,8,0,403,0.0,0.008731651808944368,255
4,post-pre_clipped,3,0,0,403,0.0,0.0052264111024067795,255
4,post-pre_clipped,3,1,0,403,0.0,0.008968956032959555,255
4,post-pre_clipped,3,2,0,403,0.0,0.008957519684814246,255
4,post-pre_clipped,3,4,0,403,0.0,0.009000405990359159,255
4,post-pre_clipped,3,5,0,403,0.0,0.010172631675253459,255
4,post-pre_clipped,3,6,0,403,0.0,0.00839999771273037,255
4,post-pre_clipped,3,7,0,403,0.0,0.009309187390282535,255
4,post-pre_clipped,3,8,0,403,0.0,0.008745947244126006,255
4,post-pre_clipped,4,0,0,403,0.0,0.004871884309902162,255
4,post-pre_clipped,4,1,0,403,0.0,0.008602992892309628,255
4,post-pre_clipped,4,2,0,403,0.0,0.007988289179499203,255
4,post-pre_clipped,4,3,0,403,0.0,0.007150576677855227,255
4,post-pre_clipped,4,5,0,403,0.0,0.009978213756783184,255
4,post-pre_clipped,4,6,0,403,0.0,0.007204899331545451,255
4,post-pre_clipped,4,7,0,403,0.0,0.008056907268371064,255
4,post-pre_clipped,4,8,0,403,0.0,0.0073078264648532435,255
4,post-pre_clipped,5,0,0,403,0.0,0.004079917200839428,255
4,post-pre_clipped,5,1,0,403,0.0,0.006470113963209268,255
4,post-pre_clipped,5,2,0,403,0.0,0.006078419039232392,255
4,post-pre_clipped,5,3,0,403,0.0,0.0055895151560203795,255
4,post-pre_clipped,5,4,0,403,0.0,0.005969773731851945,255
4,post-pre_clipped,5,6,0,403,0.0,0.005449419891240329,255
4,post-pre_clipped,5,7,0,403,0.0,0.005904014730016411,255
4,post-pre_clipped,5,8,0,403,0.0,0.0056524150708195855,255
4,post-pre_clipped,6,0,0,403,0.0,0.0048861797450838,255
4,post-pre_clipped,6,1,0,403,0.0,0.009066164992194693,255
4,post-pre_clipped,6,2,0,403,0.0,0.008765960853380298,255
4,post-pre_clipped,6,3,0,403,0.0,0.00797971191839022,255
4,post-pre_clipped,6,4,0,403,0.0,0.009257723823628638,255
4,post-pre_clipped,6,5,0,403,0.0,0.010304149678924526,255
4,post-pre_clipped,6,7,0,403,0.0,0.008883183421869728,255
4,post-pre_clipped,6,8,0,403,0.0,0.008197002533151114,255
4,post-pre_clipped,7,0,0,403,0.0,0.00468604365254087,255
4,post-pre_clipped,7,1,0,403,0.0,0.00899754690332283,255
4,post-pre_clipped,7,2,0,403,0.0,0.008348534146076475,255
4,post-pre_clipped,7,3,0,403,0.0,0.007373585466688777,255
4,post-pre_clipped,7,4,0,403,0.0,0.008620147414527593,255
4,post-pre_clipped,7,5,0,403,0.0,0.009786654925349237,255
4,post-pre_clipped,7,6,0,403,0.0,0.007284953768562623,255
4,post-pre_clipped,7,8,0,403,0.0,0.0071448585037825725,255
4,post-pre_clipped,8,0,0,403,0.0,0.004786111698812335,255
4,post-pre_clipped,8,1,0,403,0.0,0.009249146562519656,255
4,post-pre_clipped,8,2,0,403,0.0,0.008814565332997867,255
4,post-pre_clipped,8,3,0,403,0.0,0.00829421149238625,255
4,post-pre_clipped,8,4,0,403,0.0,0.0093263419125005,255
4,post-pre_clipped,8,5,0,403,0.0,0.010049690932691374,255
4,post-pre_clipped,8,6,0,403,0.0,0.008248466099805011,255
4,post-pre_clipped,8,7,0,403,0.0,0.00908046042737633,255
4,pre-post_clipped,0,1,0,403,0.0,0.010418513160377629,255
4,pre-post_clipped,0,2,0,403,0.0,0.010341317810396784,255
4,pre-post_clipped,0,3,0,403,0.0,0.010307008765960853,255
4,pre-post_clipped,0,4,0,403,0.0,0.010327022375215147,255
4,pre-post_clipped,0,5,0,403,0.0,0.010352754158542095,255
4,pre-post_clipped,0,6,0,403,0.0,0.010324163288178818,255
4,pre-post_clipped,0,7,0,403,0.0,0.010412794986304973,255
4,pre-post_clipped,0,8,0,403,0.0,0.010610071991811574,255
4,pre-post_clipped,1,0,0,403,0.0,0.005558065198620776,255
4,pre-post_clipped,1,2,0,403,0.0,0.00753369434072312,255
4,pre-post_clipped,1,3,0,403,0.0,0.00719346298340014,255
4,pre-post_clipped,1,4,0,403,0.0,0.008168411662787839,255
4,pre-post_clipped,1,5,0,403,0.0,0.010595776556629938,255
4,pre-post_clipped,1,6,0,403,0.0,0.008134102618351909,255
4,pre-post_clipped,1,7,0,403,0.0,0.008697342764508438,255
4,pre-post_clipped,1,8,0,403,0.0,0.008983251468141194,255
4,pre-post_clipped,2,0,0,403,0.0,0.005435124456058691,255
4,pre-post_clipped,2,1,0,403,0.0,0.008602992892309628,255
4,pre-post_clipped,2,3,0,403,0.0,0.007339276422252846,255
4,pre-post_clipped,2,4,0,403,0.0,0.008585838370091662,255
4,pre-post_clipped,2,5,0,403,0.0,0.010341317810396784,255
4,pre-post_clipped,2,6,0,403,0.0,0.008171270749824166,255
4,pre-post_clipped,2,7,0,403,0.0,0.008851733464470126,255
4,pre-post_clipped,2,8,0,403,0.0,0.008731651808944368,255
4,pre-post_clipped,3,0,0,403,0.0,0.0052264111024067795,255
4,pre-post_clipped,3,1,0,403,0.0,0.008968956032959555,255
4,pre-post_clipped,3,2,0,403,0.0,0.008957519684814246,255
4,pre-post_clipped,3,4,0,403,0.0,0.009000405990359159,255
4,pre-post_clipped,3,5,0,403,0.0,0.010172631675253459,255
4,pre-post_clipped,3,6,0,403,0.0,0.00839999771273037,255
4,pre-post_clipped,3,7,0,403,0.0,0.009309187390282535,255
4,pre-post_clipped,3,8,0,403,0.0,0.008745947244126006,255
4,pre-post_clipped,4,0,0,403,0.0,0.004871884309902162,255
4,pre-post_clipped,4,1,0,403,0.0,0.008602992892309628,255
4,pre-post_clipped,4,2,0,403,0.0,0.007988289179499203,255
4,pre-post_clipped,4,3,0,403,0.0,0.007150576677855227,255
4,pre-post_clipped,4,5,0,403,0.0,0.009978213756783184,255
4,pre-post_clipped,4,6,0,403,0.0,0.007204899331545451,255
4,pre-post_clipped,4,7,0,403,0.0,0.008056907268371064,255
4,pre-post_clipped,4,8,0,403,0.0,0.0073078264648532435,255
4,pre-post_clipped,5,0,0,403,0.0,0.004079917200839428,255
4,pre-post_clipped,5,1,0,403,0.0,0.006470113963209268,255
4,pre-post_clipped,5,2,0,403,0.0,0.006078419039232392,255
4,pre-post_clipped,5,3,0,403,0.0,0.0055895151560203795,255
4,pre-post_clipped,5,4,0,403,0.0,0.005969773731851945,255
4,pre-post_clipped,5,6,0,403,0.0,0.005449419891240329,255
4,pre-post_clipped,5,7,0,403,0.0,0.005904014730016411,255
4,pre-post_clipped,5,8,0,403,0.0,0.0056524150708195855,255
4,pre-post_clipped,6,0,0,403,0.0,0.0048861797450838,255
4,pre-post_clipped,6,1,0,403,0.0,0.009066164992194693,255
4,pre-post_clipped,6,2,0,403,0.0,0.008765960853380298,255
4,pre-post_clipped,6,3,0,403,0.0,0.00797971191839022,255
4,pre-post_clipped,6,4,0,403,0.0,0.009257723823628638,255
4,pre-post_clipped,6,5,0,403,0.0,0.010304149678924526,255
4,pre-post_clipped,6,7,0,403,0.0,0.008883183421869728,255
4,pre-post_clipped,6,8,0,403,0.0,0.008197002533151114,255
4,pre-post_clipped,7,0,0,403,0.0,0.00468604365254087,255
4,pre-post_clipped,7,1,0,403,0.0,0.00899754690332283,255
4,pre-post_clipped,7,2,0,403,0.0,0.008348534146076475,255
4,pre-post_clipped,7,3,0,403,0.0,0.007373585466688777,255
4,pre-post_clipped,7,4,0,403,0.0,0.008620147414527593,255
4,pre-post_clipped,7,5,0,403,0.0,0.009786654925349237,255
4,pre-post_clipped,7,6,0,403,0.0,0.007284953768562623,255
4,pre-post_clipped,7,8,0,403,0.0,0.0071448585037825725,255
4,pre-post_clipped,8,0,0,403,0.0,0.004786111698812335,255
4,pre-post_clipped,8,1,0,403,0.0,0.009249146562519656,255
4,pre-post_clipped,8,2,0,403,0.0,0.008814565332997867,255
4,pre-post_clipped,8,3,0,403,0.0,0.00829421149238625,255
4,pre-post_clipped,8,4,0,403,0.0,0.0093263419125005,255
4,pre-post_clipped,8,5,0,403,0.0,0.010049690932691374,255
4,pre-post_clipped,8,6,0,403,0.0,0.008248466099805011,255
4,pre-post_clipped,8,7,0,403,0.0,0.00908046042737633,255
4,absolute_difference,0,1,0,403,0.0,0.005566642459729759,255
4,absolute_difference,0,2,0,403,0.0,0.00536650636718683,255
4,absolute_difference,0,3,0,403,0.0,0.0051234839690989875,255
4,absolute_difference,0,4,0,403,0.0,0.004788970785848663,255
4,absolute_difference,0,5,0,403,0.0,0.004022735460112877,255
4,absolute_difference,0,6,0,403,0.0,0.004800407133993973,255
4,absolute_difference,0,7,0,403,0.0,0.004688902739577198,255
4,absolute_difference,0,8,0,403,0.0,0.004986247791355264,255
4,absolute_difference,1,0,0,403,0.0,0.005566642459729759,255
4,absolute_difference,1,2,0,403,0.0,0.005726751333764103,255
4,absolute_difference,1,3,0,403,0.0,0.0057524831170910505,255
4,absolute_difference,1,4,0,403,0.0,0.00636146865582882,255
4,absolute_difference,1,5,0,403,0.0,0.00665595462057056,255
4,absolute_difference,1,6,0,403,0.0,0.006790331711277955,255
4,absolute_difference,1,7,0,403,0.0,0.007284953768562623,255
4,absolute_difference,1,8,0,403,0.0,0.007822462131392203,255
4,absolute_difference,2,0,0,403,0.0,0.00536650636718683,255
4,absolute_difference,2,1,0,403,0.0,0.005726751333764103,255
4,absolute_difference,2,3,0,403,0.0,0.005886860207798446,255
4,absolute_difference,2,4,0,403,0.0,0.006164191650322219,255
4,absolute_difference,2,5,0,403,0.0,0.006009800950360531,255
4,absolute_difference,2,6,0,403,0.0,0.006527295703935819,255
4,absolute_difference,2,7,0,403,0.0,0.006790331711277955,255
4,absolute_difference,2,8,0,403,0.0,0.007136281242673589,255
4,absolute_difference,3,0,0,403,0.0,0.0051234839690989875,255
4,absolute_difference,3,1,0,403,0.0,0.0057524831170910505,255
4,absolute_difference,3,2,0,403,0.0,0.005886860207798446,255
4,absolute_difference,3,4,0,403,0.0,0.00574104676894574,255
4,absolute_difference,3,5,0,403,0.0,0.005352210932005192,255
4,absolute_difference,3,6,0,403,0.0,0.005969773731851945,255
4,absolute_difference,3,7,0,403,0.0,0.006272836957702667,255
4,absolute_difference,3,8,0,403,0.0,0.006630222837243611,255
4,absolute_difference,4,0,0,403,0.0,0.004788970785848663,255
4,absolute_difference,4,1,0,403,0.0,0.00636146865582882,255
4,absolute_difference,4,2,0,403,0.0,0.006164191650322219,255
4,absolute_difference,4,3,0,403,0.0,0.00574104676894574,255
4,absolute_difference,4,5,0,403,0.0,0.005538051589366483,255
4,absolute_difference,4,6,0,403,0.0,0.006052687255905445,255
4,absolute_difference,4,7,0,403,0.0,0.006267118783630011,255
4,absolute_difference,4,8,0,403,0.0,0.006224232478085098,255
4,absolute_difference,5,0,0,403,0.0,0.004022735460112877,255
4,absolute_difference,5,1,0,403,0.0,0.00665595462057056,255
4,absolute_difference,5,2,0,403,0.0,0.006009800950360531,255
4,absolute_difference,5,3,0,403,0.0,0.005352210932005192,255
4,absolute_difference,5,4,0,403,0.0,0.005538051589366483,255
4,absolute_difference,5,6,0,403,0.0,0.00534363367089621,255
4,absolute_difference,5,7,0,403,0.0,0.005280733756097003,255
4,absolute_difference,5,8,0,403,0.0,0.005292170104242313,255
4,absolute_difference,6,0,0,403,0.0,0.004800407133993973,255
4,absolute_difference,6,1,0,403,0.0,0.006790331711277955,255
4,absolute_difference,6,2,0,403,0.0,0.006527295703935819,255
4,absolute_difference,6,3,0,403,0.0,0.005969773731851945,255
4,absolute_difference,6,4,0,403,0.0,0.006052687255905445,255
4,absolute_difference,6,5,0,403,0.0,0.00534363367089621,255
4,absolute_difference,6,7,0,403,0.0,0.005758201291163705,255
4,absolute_difference,6,8,0,403,0.0,0.0060355327336874785,255
4,absolute_difference,7,0,0,403,0.0,0.004688902739577198,255
4,absolute_difference,7,1,0,403,0.0,0.007284953768562623,255
4,absolute_difference,7,2,0,403,0.0,0.006790331711277955,255
4,absolute_difference,7,3,0,403,0.0,0.006272836957702667,255
4,absolute_difference,7,4,0,403,0.0,0.006267118783630011,255
4,absolute_difference,7,5,0,403,0.0,0.005280733756097003,255
4,absolute_difference,7,6,0,403,0.0,0.005758201291163705,255
4,absolute_difference,7,8,0,403,0.0,0.005815383031890256,255
4,absolute_difference,8,0,0,403,0.0,0.004986247791355264,255
4,absolute_difference,8,1,0,403,0.0,0.007822462131392203,255
4,absolute_difference,8,2,0,403,0.0,0.007136281242673589,255
4,absolute_difference,8,3,0,403,0.0,0.006630222837243611,255
4,absolute_difference,8,4,0,403,0.0,0.006224232478085098,255
4,absolute_difference,8,5,0,403,0.0,0.005292170104242313,255
4,absolute_difference,8,6,0,403,0.0,0.0060355327336874785,255
4,absolute_difference,8,7,0,403,0.0,0.005815383031890256,255
5,post-pre_clipped,0,1,0,403,0.0,0.009389241827299707,255
5,post-pre_clipped,0,2,0,403,0.0,0.009437846306917274,255
5,post-pre_clipped,0,3,0,403,0.0,0.009532196179116085,255
5,post-pre_clipped,0,4,0,403,0.0,0.009577941571697326,255
5,post-pre_clipped,0,5,0,403,0.0,0.009635123312423877,255
5,post-pre_clipped,0,6,0,403,0.0,0.009475014438389533,255
5,post-pre_clipped,0,7,0,403,0.0,0.009597955180951618,255
5,post-pre_clipped,0,8,0,403,0.0,0.009580800658733653,255
5,post-pre_clipped,1,0,0,403,0.0,0.005658133244892241,255
5,post-pre_clipped,1,2,0,403,0.0,0.007162013026000538,255
5,post-pre_clipped,1,3,0,403,0.0,0.00781674395731955,255
5,post-pre_clipped,1,4,0,403,0.0,0.009097614949594296,255
5,post-pre_clipped,1,5,0,403,0.0,0.008534374803437767,255
5,post-pre_clipped,1,6,0,403,0.0,0.010152618065999165,255
5,post-pre_clipped,1,7,0,403,0.0,0.009475014438389533,255
5,post-pre_clipped,1,8,0,403,0.0,0.009380664566190723,255
5,post-pre_clipped,2,0,0,403,0.0,0.005117765795026332,255
5,post-pre_clipped,2,1,0,403,0.0,0.007445062642596966,255
5,post-pre_clipped,2,3,0,403,0.0,0.007725253172157067,255
5,post-pre_clipped,2,4,0,403,0.0,0.008914633379269331,255
5,post-pre_clipped,2,5,0,403,0.0,0.008351393233112802,255
5,post-pre_clipped,2,6,0,403,0.0,0.009740909532767997,255
5,post-pre_clipped,2,7,0,403,0.0,0.008943224249632608,255
5,post-pre_clipped,2,8,0,403,0.0,0.008851733464470126,255
5,post-pre_clipped,3,0,0,403,0.0,0.00468604365254087,255
5,post-pre_clipped,3,1,0,403,0.0,0.0067417272316603865,255
5,post-pre_clipped,3,2,0,403,0.0,0.0066816864038975075,255
5,post-pre_clipped,3,4,0,403,0.0,0.008697342764508438,255
5,post-pre_clipped,3,5,0,403,0.0,0.007685225953648481,255
5,post-pre_clipped,3,6,0,403,0.0,0.00939781908840869,255
5,post-pre_clipped,3,7,0,403,0.0,0.008474333975674887,255
5,post-pre_clipped,3,8,0,403,0.0,0.008122666270206597,255
5,post-pre_clipped,4,0,0,403,0.0,0.00417140798600191,255
5,post-pre_clipped,4,1,0,403,0.0,0.00585826933743517,255
5,post-pre_clipped,4,2,0,403,0.0,0.0053264791486782445,255
5,post-pre_clipped,4,3,0,403,0.0,0.00571817407265512,255
5,post-pre_clipped,4,5,0,403,0.0,0.005978350992960927,255
5,post-pre_clipped,4,6,0,403,0.0,0.00827133879609563,255
5,post-pre_clipped,4,7,0,403,0.0,0.006961876933457609,255
5,post-pre_clipped,4,8,0,403,0.0,0.006438664005809665,255
5,post-pre_clipped,5,0,0,403,0.0,0.004423007645198735,255
5,post-pre_clipped,5,1,0,403,0.0,0.006756022666842024,255
5,post-pre_clipped,5,2,0,403,0.0,0.006490127572463561,255
5,post-pre_clipped,5,3,0,403,0.0,0.007101972198237659,255
5,post-pre_clipped,5,4,0,403,0.0,0.008274197883131959,255
5,post-pre_clipped,5,6,0,403,0.0,0.008946083336668935,255
5,post-pre_clipped,5,7,0,403,0.0,0.008348534146076475,255
5,post-pre_clipped,5,8,0,403,0.0,0.007719534998084412,255
5,post-pre_clipped,6,0,0,403,0.0,0.003951258284204688,255
5,post-pre_clipped,6,1,0,403,0.0,0.005257861059806383,255
5,post-pre_clipped,6,2,0,403,0.0,0.004951938746919334,255
5,post-pre_clipped,6,3,0,403,0.0,0.0050234159228275226,255
5,post-pre_clipped,6,4,0,403,0.0,0.006590195618735025,255
5,post-pre_clipped,6,5,0,403,0.0,0.005372224541259485,255
5,post-pre_clipped,6,7,0,403,0.0,0.00595261920963398,255
5,post-pre_clipped,6,8,0,403,0.0,0.005329338235714571,255
5,post-pre_clipped,7,0,0,403,0.0,0.0040770581138031,255
5,post-pre_clipped,7,1,0,403,0.0,0.0062356688262304085,255
5,post-pre_clipped,7,2,0,403,0.0,0.006015519124433186,255
5,post-pre_clipped,7,3,0,403,0.0,0.006475832137281923,255
5,post-pre_clipped,7,4,0,403,0.0,0.007999725527644512,255
5,post-pre_clipped,7,5,0,403,0.0,0.0065816183576260425,255
5,post-pre_clipped,7,6,0,403,0.0,0.008500065759001835,255
5,post-pre_clipped,7,8,0,403,0.0,0.006664531881679542,255
5,post-pre_clipped,8,0,0,403,0.0,0.004151394376747617,255
5,post-pre_clipped,8,1,0,403,0.0,0.006715995448333438,255
5,post-pre_clipped,8,2,0,403,0.0,0.006604491053916663,255
5,post-pre_clipped,8,3,0,403,0.0,0.0071477175908188995,255
5,post-pre_clipped,8,4,0,403,0.0,0.00844860219234794,255
5,post-pre_clipped,8,5,0,403,0.0,0.007184885722291158,255
5,post-pre_clipped,8,6,0,403,0.0,0.00902327868664978,255
5,post-pre_clipped,8,7,0,403,0.0,0.008079779964661684,255
5,pre-post_clipped,0,1,0,403,0.0,0.009389241827299707,255
5,pre-post_clipped,0,2,0,403,0.0,0.009437846306917274,255
5,pre-post_clipped,0,3,0,403,0.0,0.009532196179116085,255
5,pre-post_clipped,0,4,0,403,0.0,0.009577941571697326,255
5,pre-post_clipped,0,5,0,403,0.0,0.009635123312423877,255
5,pre-post_clipped,0,6,0,403,0.0,0.009475014438389533,255
5,pre-post_clipped,0,7,0,403,0.0,0.009597955180951618,255
5,pre-post_clipped,0,8,0,403,0.0,0.009580800658733653,255
5,pre-post_clipped,1,0,0,403,0.0,0.005658133244892241,255
5,pre-post_clipped,1,2,0,403,0.0,0.007162013026000538,255
5,pre-post_clipped,1,3,0,403,0.0,0.00781674395731955,255
5,pre-post_clipped,1,4,0,403,0.0,0.009097614949594296,255
5,pre-post_clipped,1,5,0,403,0.0,0.008534374803437767,255
5,pre-post_clipped,1,6,0,403,0.0,0.010152618065999165,255
5,pre-post_clipped,1,7,0,403,0.0,0.009475014438389533,255
5,pre-post_clipped,1,8,0,403,0.0,0.009380664566190723,255
5,pre-post_clipped,2,0,0,403,0.0,0.005117765795026332,255
5,pre-post_clipped,2,1,0,403,0.0,0.007445062642596966,255
5,pre-post_clipped,2,3,0,403,0.0,0.007725253172157067,255
5,pre-post_clipped,2,4,0,403,0.0,0.008914633379269331,255
5,pre-post_clipped,2,5,0,403,0.0,0.008351393233112802,255
5,pre-post_clipped,2,6,0,403,0.0,0.009740909532767997,255
5,pre-post_clipped,2,7,0,403,0.0,0.008943224249632608,255
5,pre-post_clipped,2,8,0,403,0.0,0.008851733464470126,255
5,pre-post_clipped,3,0,0,403,0.0,0.00468604365254087,255
5,pre-post_clipped,3,1,0,403,0.0,0.0067417272316603865,255
5,pre-post_clipped,3,2,0,403,0.0,0.0066816864038975075,255
5,pre-post_clipped,3,4,0,403,0.0,0.008697342764508438,255
5,pre-post_clipped,3,5,0,403,0.0,0.007685225953648481,255
5,pre-post_clipped,3,6,0,403,0.0,0.00939781908840869,255
5,pre-post_clipped,3,7,0,403,0.0,0.008474333975674887,255
5,pre-post_clipped,3,8,0,403,0.0,0.008122666270206597,255
5,pre-post_clipped,4,0,0,403,0.0,0.00417140798600191,255
5,pre-post_clipped,4,1,0,403,0.0,0.00585826933743517,255
5,pre-post_clipped,4,2,0,403,0.0,0.0053264791486782445,255
5,pre-post_clipped,4,3,0,403,0.0,0.00571817407265512,255
5,pre-post_clipped,4,5,0,403,0.0,0.005978350992960927,255
5,pre-post_clipped,4,6,0,403,0.0,0.00827133879609563,255
5,pre-post_clipped,4,7,0,403,0.0,0.006961876933457609,255
5,pre-post_clipped,4,8,0,403,0.0,0.006438664005809665,255
5,pre-post_clipped,5,0,0,403,0.0,0.004423007645198735,255
5,pre-post_clipped,5,1,0,403,0.0,0.006756022666842024,255
5,pre-post_clipped,5,2,0,403,0.0,0.006490127572463561,255
5,pre-post_clipped,5,3,0,403,0.0,0.007101972198237659,255
5,pre-post_clipped,5,4,0,403,0.0,0.008274197883131959,255
5,pre-post_clipped,5,6,0,403,0.0,0.008946083336668935,255
5,pre-post_clipped,5,7,0,403,0.0,0.008348534146076475,255
5,pre-post_clipped,5,8,0,403,0.0,0.007719534998084412,255
5,pre-post_clipped,6,0,0,403,0.0,0.003951258284204688,255
5,pre-post_clipped,6,1,0,403,0.0,0.005257861059806383,255
5,pre-post_clipped,6,2,0,403,0.0,0.004951938746919334,255
5,pre-post_clipped,6,3,0,403,0.0,0.0050234159228275226,255
5,pre-post_clipped,6,4,0,403,0.0,0.006590195618735025,255
5,pre-post_clipped,6,5,0,403,0.0,0.005372224541259485,255
5,pre-post_clipped,6,7,0,403,0.0,0.00595261920963398,255
5,pre-post_clipped,6,8,0,403,0.0,0.005329338235714571,255
5,pre-post_clipped,7,0,0,403,0.0,0.0040770581138031,255
5,pre-post_clipped,7,1,0,403,0.0,0.0062356688262304085,255
5,pre-post_clipped,7,2,0,403,0.0,0.006015519124433186,255
5,pre-post_clipped,7,3,0,403,0.0,0.006475832137281923,255
5,pre-post_clipped,7,4,0,403,0.0,0.007999725527644512,255
5,pre-post_clipped,7,5,0,403,0.0,0.0065816183576260425,255
5,pre-post_clipped,7,6,0,403,0.0,0.008500065759001835,255
5,pre-post_clipped,7,8,0,403,0.0,0.006664531881679542,255
5,pre-post_clipped,8,0,0,403,0.0,0.004151394376747617,255
5,pre-post_clipped,8,1,0,403,0.0,0.006715995448333438,255
5,pre-post_clipped,8,2,0,403,0.0,0.006604491053916663,255
5,pre-post_clipped,8,3,0,403,0.0,0.0071477175908188995,255
5,pre-post_clipped,8,4,0,403,0.0,0.00844860219234794,255
5,pre-post_clipped,8,5,0,403,0.0,0.007184885722291158,255
5,pre-post_clipped,8,6,0,403,0.0,0.00902327868664978,255
5,pre-post_clipped,8,7,0,403,0.0,0.008079779964661684,255
5,absolute_difference,0,1,0,403,0.0,0.005526615241221174,255
5,absolute_difference,0,2,0,403,0.0,0.005034852270972833,255
5,absolute_difference,0,3,0,403,0.0,0.004697480000686181,255
5,absolute_difference,0,4,0,403,0.0,0.004228589726728461,255
5,absolute_difference,0,5,0,403,0.0,0.004537371126651838,255
5,absolute_difference,0,6,0,403,0.0,0.003905512891623447,255
5,absolute_difference,0,7,0,403,0.0,0.0041542534637839445,255
5,absolute_difference,0,8,0,403,0.0,0.004211435204510496,255
5,absolute_difference,1,0,0,403,0.0,0.005526615241221174,255
5,absolute_difference,1,2,0,403,0.0,0.005086315837626729,255
5,absolute_difference,1,3,0,403,0.0,0.005037711358009161,255
5,absolute_difference,1,4,0,403,0.0,0.005435124456058691,255
5,absolute_difference,1,5,0,403,0.0,0.005769637639309016,255
5,absolute_difference,1,6,0,403,0.0,0.005889719294834774,255
5,absolute_difference,1,7,0,403,0.0,0.006189923433649167,255
5,absolute_difference,1,8,0,403,0.0,0.006575900183553388,255
5,absolute_difference,2,0,0,403,0.0,0.005034852270972833,255
5,absolute_difference,2,1,0,403,0.0,0.005086315837626729,255
5,absolute_difference,2,3,0,403,0.0,0.0048861797450838,255
5,absolute_difference,2,4,0,403,0.0,0.0047203526969768015,255
5,absolute_difference,2,5,0,403,0.0,0.005320760974605589,255
5,absolute_difference,2,6,0,403,0.0,0.005172088448716556,255
5,absolute_difference,2,7,0,403,0.0,0.005437983543095019,255
5,absolute_difference,2,8,0,403,0.0,0.005935464687416014,255
5,absolute_difference,3,0,0,403,0.0,0.004697480000686181,255
5,absolute_difference,3,1,0,403,0.0,0.005037711358009161,255
5,absolute_difference,3,2,0,403,0.0,0.0048861797450838,255
5,absolute_difference,3,4,0,403,0.0,0.004894757006192783,255
5,absolute_difference,3,5,0,403,0.0,0.0052664383209153655,255
5,absolute_difference,3,6,0,403,0.0,0.004900475180265438,255
5,absolute_difference,3,7,0,403,0.0,0.005429406281986036,255
5,absolute_difference,3,8,0,403,0.0,0.005749624030054723,255
5,absolute_difference,4,0,0,403,0.0,0.004228589726728461,255
5,absolute_difference,4,1,0,403,0.0,0.005435124456058691,255
5,absolute_difference,4,2,0,403,0.0,0.0047203526969768015,255
5,absolute_difference,4,3,0,403,0.0,0.004894757006192783,255
5,absolute_difference,4,5,0,403,0.0,0.004731789045122112,255
5,absolute_difference,4,6,0,403,0.0,0.005340774583859882,255
5,absolute_difference,4,7,0,403,0.0,0.005440842630131347,255
5,absolute_difference,4,8,0,403,0.0,0.00536650636718683,255
5,absolute_difference,5,0,0,403,0.0,0.004537371126651838,255
5,absolute_difference,5,1,0,403,0.0,0.005769637639309016,255
5,absolute_difference,5,2,0,403,0.0,0.005320760974605589,255
5,absolute_difference,5,3,0,403,0.0,0.0052664383209153655,255
5,absolute_difference,5,4,0,403,0.0,0.004731789045122112,255
5,absolute_difference,5,6,0,403,0.0,0.004797548046957646,255
5,absolute_difference,5,7,0,403,0.0,0.005409392672731743,255
5,absolute_difference,5,8,0,403,0.0,0.005383660889404796,255
5,absolute_difference,6,0,0,403,0.0,0.003905512891623447,255
5,absolute_difference,6,1,0,403,0.0,0.005889719294834774,255
5,absolute_difference,6,2,0,403,0.0,0.005172088448716556,255
5,absolute_difference,6,3,0,403,0.0,0.004900475180265438,255
5,absolute_difference,6,4,0,403,0.0,0.005340774583859882,255
5,absolute_difference,6,5,0,403,0.0,0.004797548046957646,255
5,absolute_difference,6,7,0,403,0.0,0.004931925137665041,255
5,absolute_difference,6,8,0,403,0.0,0.004831857091393576,255
5,absolute_difference,7,0,0,403,0.0,0.0041542534637839445,255
5,absolute_difference,7,1,0,403,0.0,0.006189923433649167,255
5,absolute_difference,7,2,0,403,0.0,0.005437983543095019,255
5,absolute_difference,7,3,0,403,0.0,0.005429406281986036,255
5,absolute_difference,7,4,0,403,0.0,0.005440842630131347,255
5,absolute_difference,7,5,0,403,0.0,0.005409392672731743,255
5,absolute_difference,7,6,0,403,0.0,0.004931925137665041,255
5,absolute_difference,7,8,0,403,0.0,0.005223552015370452,255
5,absolute_difference,8,0,0,403,0.0,0.004211435204510496,255
5,absolute_difference,8,1,0,403,0.0,0.006575900183553388,255
5,absolute_difference,8,2,0,403,0.0,0.005935464687416014,255
5,absolute_difference,8,3,0,403,0.0,0.005749624030054723,255
5,absolute_difference,8,4,0,403,0.0,0.00536650636718683,255
5,absolute_difference,8,5,0,403,0.0,0.005383660889404796,255
5,absolute_difference,8,6,0,403,0.0,0.004831857091393576,255
5,absolute_difference,8,7,0,403,0.0,0.005223552015370452,255
6,post-pre_clipped,0,1,0,403,0.0,0.008903197031124022,255
6,post-pre_clipped,0,2,0,403,0.0,0.008871747073724418,255
6,post-pre_clipped,0,3,0,403,0.0,0.008848874377433797,255
6,post-pre_clipped,0,4,0,403,0.0,0.008851733464470126,255
6,post-pre_clipped,0,5,0,403,0.0,0.009003265077395486,255
6,post-pre_clipped,0,6,0,403,0.0,0.008877465247797074,255
6,post-pre_clipped,0,7,0,403,0.0,0.008745947244126006,255
6,post-pre_clipped,0,8,0,403,0.0,0.009026137773686107,255
6,post-pre_clipped,1,0,0,403,0.0,0.005317901887569261,255
6,post-pre_clipped,1,2,0,403,0.0,0.006430086744700682,255
6,post-pre_clipped,1,3,0,403,0.0,0.006332877785465545,255
6,post-pre_clipped,1,4,0,403,0.0,0.007350712770398156,255
6,post-pre_clipped,1,5,0,403,0.0,0.007213476592654433,255
6,post-pre_clipped,1,6,0,403,0.0,0.007568003385159051,255
6,post-pre_clipped,1,7,0,403,0.0,0.008968956032959555,255
6,post-pre_clipped,1,8,0,403,0.0,0.00753369434072312,255
6,post-pre_clipped,2,0,0,403,0.0,0.0048432934395388864,255
6,post-pre_clipped,2,1,0,403,0.0,0.007439344468524311,255
6,post-pre_clipped,2,3,0,403,0.0,0.00657304109651706,255
6,post-pre_clipped,2,4,0,403,0.0,0.007296390116707933,255
6,post-pre_clipped,2,5,0,403,0.0,0.007579439733304361,255
6,post-pre_clipped,2,6,0,403,0.0,0.0076509169092125505,255
6,post-pre_clipped,2,7,0,403,0.0,0.009206260256974743,255
6,post-pre_clipped,2,8,0,403,0.0,0.007902516568409375,255
6,post-pre_clipped,3,0,0,403,0.0,0.0044172894711260804,255
6,post-pre_clipped,3,1,0,403,0.0,0.00726494015930833,255
6,post-pre_clipped,3,2,0,403,0.0,0.00705336771862009,255
6,post-pre_clipped,3,4,0,403,0.0,0.0076737896055031705,255
6,post-pre_clipped,3,5,0,403,0.0,0.007447921729633294,255
6,post-pre_clipped,3,6,0,403,0.0,0.007765280390665653,255
6,post-pre_clipped,3,7,0,403,0.0,0.008831719855215832,255
6,post-pre_clipped,3,8,0,403,0.0,0.007447921729633294,255
6,post-pre_clipped,4,0,0,403,0.0,0.0040541854175124795,255
6,post-pre_clipped,4,1,0,403,0.0,0.006627363750207284,255
6,post-pre_clipped,4,2,0,403,0.0,0.006024096385542169,255
6,post-pre_clipped,4,3,0,403,0.0,0.005961196470742962,255
6,post-pre_clipped,4,5,0,403,0.0,0.0065187184428268366,255
6,post-pre_clipped,4,6,0,403,0.0,0.0068846815834767644,255
6,post-pre_clipped,4,7,0,403,0.0,0.008254184273877665,255
6,post-pre_clipped,4,8,0,403,0.0,0.006664531881679542,255
6,post-pre_clipped,5,0,0,403,0.0,0.003922667413841412,255
6,post-pre_clipped,5,1,0,403,0.0,0.0067617408409146795,255
6,post-pre_clipped,5,2,0,403,0.0,0.006044109994796462,255
6,post-pre_clipped,5,3,0,403,0.0,0.006066982691087082,255
6,post-pre_clipped,5,4,0,403,0.0,0.007213476592654433,255
6,post-pre_clipped,5,6,0,403,0.0,0.007322121900034881,255
6,post-pre_clipped,5,7,0,403,0.0,0.008319943275713199,255
6,post-pre_clipped,5,8,0,403,0.0,0.0069447224112396426,255
6,post-pre_clipped,6,0,0,403,0.0,0.0038940765434781364,255
6,post-pre_clipped,6,1,0,403,0.0,0.006827499842750213,255
6,post-pre_clipped,6,2,0,403,0.0,0.005915451078161721,255
6,post-pre_clipped,6,3,0,403,0.0,0.005778214900417998,255
6,post-pre_clipped,6,4,0,403,0.0,0.0069647360204939356,255
6,post-pre_clipped,6,5,0,403,0.0,0.006415791309519045,255
6,post-pre_clipped,6,7,0,403,0.0,0.008222734316478061,255
6,post-pre_clipped,6,8,0,403,0.0,0.006570182009480733,255
6,post-pre_clipped,7,0,0,403,0.0,0.0037311085824074655,255
6,post-pre_clipped,7,1,0,403,0.0,0.005412251759768071,255
6,post-pre_clipped,7,2,0,403,0.0,0.0047832526117760074,255
6,post-pre_clipped,7,3,0,403,0.0,0.004671748217359233,255
6,post-pre_clipped,7,4,0,403,0.0,0.005801087596708619,255
6,post-pre_clipped,7,5,0,403,0.0,0.005209256580188814,255
6,post-pre_clipped,7,6,0,403,0.0,0.005372224541259485,255
6,post-pre_clipped,7,8,0,403,0.0,0.005094893098735712,255
6,post-pre_clipped,8,0,0,403,0.0,0.0038683447601511886,255
6,post-pre_clipped,8,1,0,403,0.0,0.007093394937128676,255
6,post-pre_clipped,8,2,0,403,0.0,0.006435804918773338,255
6,post-pre_clipped,8,3,0,403,0.0,0.006553027487262767,255
6,post-pre_clipped,8,4,0,403,0.0,0.007513680731468827,255
6,post-pre_clipped,8,5,0,403,0.0,0.0068046271464595924,255
6,post-pre_clipped,8,6,0,403,0.0,0.007176308461182175,255
6,post-pre_clipped,8,7,0,403,0.0,0.008359970494221785,255
6,pre-post_clipped,0,1,0,403,0.0,0.008903197031124022,255
6,pre-post_clipped,0,2,0,403,0.0,0.008871747073724418,255
6,pre-post_clipped,0,3,0,403,0.0,0.008848874377433797,255
6,pre-post_clipped,0,4,0,403,0.0,0.008851733464470126,255
6,pre-post_clipped,0,5,0,403,0.0,0.009003265077395486,255
6,pre-post_clipped,0,6,0,403,0.0,0.008877465247797074,255
6,pre-post_clipped,0,7,0,403,0.0,0.008745947244126006,255
6,pre-post_clipped,0,8,0,403,0.0,0.009026137773686107,255
6,pre-post_clipped,1,0,0,403,0.0,0.005317901887569261,255
6,pre-post_clipped,1,2,0,403,0.0,0.006430086744700682,255
6,pre-post_clipped,1,3,0,403,0.0,0.006332877785465545,255
6,pre-post_clipped,1,4,0,403,0.0,0.007350712770398156,255
6,pre-post_clipped,1,5,0,403,0.0,0.007213476592654433,255
6,pre-post_clipped,1,6,0,403,0.0,0.007568003385159051,255
6,pre-post_clipped,1,7,0,403,0.0,0.008968956032959555,255
6,pre-post_clipped,1,8,0,403,0.0,0.00753369434072312,255
6,pre-post_clipped,2,0,0,403,0.0,0.0048432934395388864,255
6,pre-post_clipped,2,1,0,403,0.0,0.007439344468524311,255
6,pre-post_clipped,2,3,0,403,0.0,0.00657304109651706,255
6,pre-post_clipped,2,4,0,403,0.0,0.007296390116707933,255
6,pre-post_clipped,2,5,0,403,0.0,0.007579439733304361,255
6,pre-post_clipped,2,6,0,403,0.0,0.0076509169092125505,255
6,pre-post_clipped,2,7,0,403,0.0,0.009206260256974743,255
6,pre-post_clipped,2,8,0,403,0.0,0.007902516568409375,255
6,pre-post_clipped,3,0,0,403,0.0,0.0044172894711260804,255
6,pre-post_clipped,3,1,0,403,0.0,0.00726494015930833,255
6,pre-post_clipped,3,2,0,403,0.0,0.00705336771862009,255
6,pre-post_clipped,3,4,0,403,0.0,0.0076737896055031705,255
6,pre-post_clipped,3,5,0,403,0.0,0.007447921729633294,255
6,pre-post_clipped,3,6,0,403,0.0,0.007765280390665653,255
6,pre-post_clipped,3,7,0,403,0.0,0.008831719855215832,255
6,pre-post_clipped,3,8,0,403,0.0,0.007447921729633294,255
6,pre-post_clipped,4,0,0,403,0.0,0.0040541854175124795,255
6,pre-post_clipped,4,1,0,403,0.0,0.006627363750207284,255
6,pre-post_clipped,4,2,0,403,0.0,0.006024096385542169,255
6,pre-post_clipped,4,3,0,403,0.0,0.005961196470742962,255
6,pre-post_clipped,4,5,0,403,0.0,0.0065187184428268366,255
6,pre-post_clipped,4,6,0,403,0.0,0.0068846815834767644,255
6,pre-post_clipped,4,7,0,403,0.0,0.008254184273877665,255
6,pre-post_clipped,4,8,0,403,0.0,0.006664531881679542,255
6,pre-post_clipped,5,0,0,403,0.0,0.003922667413841412,255
6,pre-post_clipped,5,1,0,403,0.0,0.0067617408409146795,255
6,pre-post_clipped,5,2,0,403,0.0,0.006044109994796462,255
6,pre-post_clipped,5,3,0,403,0.0,0.006066982691087082,255
6,pre-post_clipped,5,4,0,403,0.0,0.007213476592654433,255
6,pre-post_clipped,5,6,0,403,0.0,0.007322121900034881,255
6,pre-post_clipped,5,7,0,403,0.0,0.008319943275713199,255
6,pre-post_clipped,5,8,0,403,0.0,0.0069447224112396426,255
6,pre-post_clipped,6,0,0,403,0.0,0.0038940765434781364,255
6,pre-post_clipped,6,1,0,403,0.0,0.006827499842750213,255
6,pre-post_clipped,6,2,0,403,0.0,0.005915451078161721,255
6,pre-post_clipped,6,3,0,403,0.0,0.005778214900417998,255
6,pre-post_clipped,6,4,0,403,0.0,0.0069647360204939356,255
6,pre-post_clipped,6,5,0,403,0.0,0.006415791309519045,255
6,pre-post_clipped,6,7,0,403,0.0,0.008222734316478061,255
6,pre-post_clipped,6,8,0,403,0.0,0.006570182009480733,255
6,pre-post_clipped,7,0,0,403,0.0,0.0037311085824074655,255
6,pre-post_clipped,7,1,0,403,0.0,0.005412251759768071,255
6,pre-post_clipped,7,2,0,403,0.0,0.0047832526117760074,255
6,pre-post_clipped,7,3,0,403,0.0,0.004671748217359233,255
6,pre-post_clipped,7,4,0,403,0.0,0.005801087596708619,255
6,pre-post_clipped,7,5,0,403,0.0,0.005209256580188814,255
6,pre-post_clipped,7,6,0,403,0.0,0.005372224541259485,255
6,pre-post_clipped,7,8,0,403,0.0,0.005094893098735712,255
6,pre-post_clipped,8,0,0,403,0.0,0.0038683447601511886,255
6,pre-post_clipped,8,1,0,403,0.0,0.007093394937128676,255
6,pre-post_clipped,8,2,0,403,0.0,0.006435804918773338,255
6,pre-post_clipped,8,3,0,403,0.0,0.006553027487262767,255
6,pre-post_clipped,8,4,0,403,0.0,0.007513680731468827,255
6,pre-post_clipped,8,5,0,403,0.0,0.0068046271464595924,255
6,pre-post_clipped,8,6,0,403,0.0,0.007176308461182175,255
6,pre-post_clipped,8,7,0,403,0.0,0.008359970494221785,255
6,absolute_difference,0,1,0,403,0.0,0.005475151674567277,255
6,absolute_difference,0,2,0,403,0.0,0.004969093269137299,255
6,absolute_difference,0,3,0,403,0.0,0.004520216604433872,255
6,absolute_difference,0,4,0,403,0.0,0.004159971637856599,255
6,absolute_difference,0,5,0,403,0.0,0.004179985247110892,255
6,absolute_difference,0,6,0,403,0.0,0.004025594547149204,255
6,absolute_difference,0,7,0,403,0.0,0.0037311085824074655,255
6,absolute_difference,0,8,0,403,0.0,0.00414853528971129,255
6,absolute_difference,1,0,0,403,0.0,0.005475151674567277,255
6,absolute_difference,1,2,0,403,0.0,0.0051234839690989875,255
6,absolute_difference,1,3,0,403,0.0,0.004851870700647869,255
6,absolute_difference,1,4,0,403,0.0,0.005232129276479434,255
6,absolute_difference,1,5,0,403,0.0,0.005229270189443107,255
6,absolute_difference,1,6,0,403,0.0,0.0056495559837832585,255
6,absolute_difference,1,7,0,403,0.0,0.00563526054860162,255
6,absolute_difference,1,8,0,403,0.0,0.005881142033725791,255
6,absolute_difference,2,0,0,403,0.0,0.004969093269137299,255
6,absolute_difference,2,1,0,403,0.0,0.0051234839690989875,255
6,absolute_difference,2,3,0,403,0.0,0.004880461571011145,255
6,absolute_difference,2,4,0,403,0.0,0.004574539258124096,255
6,absolute_difference,2,5,0,403,0.0,0.004877602483974817,255
6,absolute_difference,2,6,0,403,0.0,0.004820420743248266,255
6,absolute_difference,2,7,0,403,0.0,0.005243565624624745,255
6,absolute_difference,2,8,0,403,0.0,0.005592374243056707,255
6,absolute_difference,3,0,0,403,0.0,0.004520216604433872,255
6,absolute_difference,3,1,0,403,0.0,0.004851870700647869,255
6,absolute_difference,3,2,0,403,0.0,0.004880461571011145,255
6,absolute_difference,3,4,0,403,0.0,0.004889038832120127,255
6,absolute_difference,3,5,0,403,0.0,0.00476895717659437,255
6,absolute_difference,3,6,0,403,0.0,0.004797548046957646,255
6,absolute_difference,3,7,0,403,0.0,0.00475752082844906,255
6,absolute_difference,3,8,0,403,0.0,0.005255001972770055,255
6,absolute_difference,4,0,0,403,0.0,0.004159971637856599,255
6,absolute_difference,4,1,0,403,0.0,0.005232129276479434,255
6,absolute_difference,4,2,0,403,0.0,0.004574539258124096,255
6,absolute_difference,4,3,0,403,0.0,0.004889038832120127,255
6,absolute_difference,4,5,0,403,0.0,0.004986247791355264,255
6,absolute_difference,4,6,0,403,0.0,0.0051034703598446945,255
6,absolute_difference,4,7,0,403,0.0,0.005309324626460278,255
6,absolute_difference,4,8,0,403,0.0,0.005432265369022363,255
6,absolute_difference,5,0,0,403,0.0,0.004179985247110892,255
6,absolute_difference,5,1,0,403,0.0,0.005229270189443107,255
6,absolute_difference,5,2,0,403,0.0,0.004877602483974817,255
6,absolute_difference,5,3,0,403,0.0,0.00476895717659437,255
6,absolute_difference,5,4,0,403,0.0,0.004986247791355264,255
6,absolute_difference,5,6,0,403,0.0,0.004991965965427919,255
6,absolute_difference,5,7,0,403,0.0,0.0047832526117760074,255
6,absolute_difference,5,8,0,403,0.0,0.0050034023135732296,255
6,absolute_difference,6,0,0,403,0.0,0.004025594547149204,255
6,absolute_difference,6,1,0,403,0.0,0.0056495559837832585,255
6,absolute_difference,6,2,0,403,0.0,0.004820420743248266,255
6,absolute_difference,6,3,0,403,0.0,0.004797548046957646,255
6,absolute_difference,6,4,0,403,0.0,0.0051034703598446945,255
6,absolute_difference,6,5,0,403,0.0,0.004991965965427919,255
6,absolute_difference,6,7,0,403,0.0,0.004849011613611541,255
6,absolute_difference,6,8,0,403,0.0,0.005000543226536903,255
6,absolute_difference,7,0,0,403,0.0,0.0037311085824074655,255
6,absolute_difference,7,1,0,403,0.0,0.00563526054860162,255
6,absolute_difference,7,2,0,403,0.0,0.005243565624624745,255
6,absolute_difference,7,3,0,403,0.0,0.00475752082844906,255
6,absolute_difference,7,4,0,403,0.0,0.005309324626460278,255
6,absolute_difference,7,5,0,403,0.0,0.0047832526117760074,255
6,absolute_difference,7,6,0,403,0.0,0.004849011613611541,255
6,absolute_difference,7,8,0,403,0.0,0.004708916348831491,255
6,absolute_difference,8,0,0,403,0.0,0.00414853528971129,255
6,absolute_difference,8,1,0,403,0.0,0.005881142033725791,255
6,absolute_difference,8,2,0,403,0.0,0.005592374243056707,255
6,absolute_difference,8,3,0,403,0.0,0.005255001972770055,255
6,absolute_difference,8,4,0,403,0.0,0.005432265369022363,255
6,absolute_difference,8,5,0,403,0.0,0.0050034023135732296,255
6,absolute_difference,8,6,0,403,0.0,0.005000543226536903,255
6,absolute_difference,8,7,0,403,0.0,0.004708916348831491,255
7,post-pre_clipped,0,1,0,403,0.0,0.0063986367873010794,255
7,post-pre_clipped,0,2,0,403,0.0,0.006427227657664355,255
7,post-pre_clipped,0,3,0,403,0.0,0.006435804918773338,255
7,post-pre_clipped,0,4,0,403,0.0,0.006447241266918647,255
7,post-pre_clipped,0,5,0,403,0.0,0.006472973050245596,255
7,post-pre_clipped,0,6,0,403,0.0,0.0063786231780467864,255
7,post-pre_clipped,0,7,0,403,0.0,0.006475832137281923,255
7,post-pre_clipped,0,8,0,403,0.0,0.006392918613228424,255
7,post-pre_clipped,1,0,0,403,0.0,0.004860447961756852,255
7,post-pre_clipped,1,2,0,403,0.0,0.0049033342673017654,255
7,post-pre_clipped,1,3,0,403,0.0,0.005046288619118143,255
7,post-pre_clipped,1,4,0,403,0.0,0.005766778552272689,255
7,post-pre_clipped,1,5,0,403,0.0,0.005506601631966881,255
7,post-pre_clipped,1,6,0,403,0.0,0.005821101205962912,255
7,post-pre_clipped,1,7,0,403,0.0,0.0062356688262304085,255
7,post-pre_clipped,1,8,0,403,0.0,0.006878963409404109,255
7,post-pre_clipped,2,0,0,403,0.0,0.004414430384089753,255
7,post-pre_clipped,2,1,0,403,0.0,0.005615246939347327,255
7,post-pre_clipped,2,3,0,403,0.0,0.005257861059806383,255
7,post-pre_clipped,2,4,0,403,0.0,0.005821101205962912,255
7,post-pre_clipped,2,5,0,403,0.0,0.005949760122597652,255
7,post-pre_clipped,2,6,0,403,0.0,0.005918310165198049,255
7,post-pre_clipped,2,7,0,403,0.0,0.006470113963209268,255
7,post-pre_clipped,2,8,0,403,0.0,0.006916131540876367,255
7,post-pre_clipped,3,0,0,403,0.0,0.0040741990267667725,255
7,post-pre_clipped,3,1,0,403,0.0,0.0054894471097489145,255
7,post-pre_clipped,3,2,0,403,0.0,0.005283592843133331,255
7,post-pre_clipped,3,4,0,403,0.0,0.0056524150708195855,255
7,post-pre_clipped,3,5,0,403,0.0,0.005615246939347327,255
7,post-pre_clipped,3,6,0,403,0.0,0.005640978722674276,255
7,post-pre_clipped,3,7,0,403,0.0,0.006172768911431202,255
7,post-pre_clipped,3,8,0,403,0.0,0.006658813707606887,255
7,post-pre_clipped,4,0,0,403,0.0,0.0039026538045871194,255
7,post-pre_clipped,4,1,0,403,0.0,0.004997684139500575,255
7,post-pre_clipped,4,2,0,403,0.0,0.0043572486433632015,255
7,post-pre_clipped,4,3,0,403,0.0,0.004434443993344046,255
7,post-pre_clipped,4,5,0,403,0.0,0.004926206963592385,255
7,post-pre_clipped,4,6,0,403,0.0,0.004971952356173627,255
7,post-pre_clipped,4,7,0,403,0.0,0.005383660889404796,255
7,post-pre_clipped,4,8,0,403,0.0,0.006201359781794477,255
7,post-pre_clipped,5,0,0,403,0.0,0.003799726671279327,255
7,post-pre_clipped,5,1,0,403,0.0,0.005203538406116159,255
7,post-pre_clipped,5,2,0,403,0.0,0.004746084480303749,255
7,post-pre_clipped,5,3,0,403,0.0,0.0048861797450838,255
7,post-pre_clipped,5,4,0,403,0.0,0.0055494879375117935,255
7,post-pre_clipped,5,6,0,403,0.0,0.005500883457894225,255
7,post-pre_clipped,5,7,0,403,0.0,0.0056924422893281715,255
7,post-pre_clipped,5,8,0,403,0.0,0.006301427828065942,255
7,post-pre_clipped,6,0,0,403,0.0,0.003656772319462949,255
7,post-pre_clipped,6,1,0,403,0.0,0.005383660889404796,255
7,post-pre_clipped,6,2,0,403,0.0,0.004703198174758836,255
7,post-pre_clipped,6,3,0,403,0.0,0.0047003390877225085,255
7,post-pre_clipped,6,4,0,403,0.0,0.005555206111584449,255
7,post-pre_clipped,6,5,0,403,0.0,0.005000543226536903,255
7,post-pre_clipped,6,7,0,403,0.0,0.005709596811546137,255
7,post-pre_clipped,6,8,0,403,0.0,0.0061556143892132365,255
7,post-pre_clipped,7,0,0,403,0.0,0.003476649836174313,255
7,post-pre_clipped,7,1,0,403,0.0,0.004894757006192783,255
7,post-pre_clipped,7,2,0,403,0.0,0.004362966817435856,255
7,post-pre_clipped,7,3,0,403,0.0,0.004411571297053425,255
7,post-pre_clipped,7,4,0,403,0.0,0.0052664383209153655,255
7,post-pre_clipped,7,5,0,403,0.0,0.004668889130322905,255
7,post-pre_clipped,7,6,0,403,0.0,0.004777534437703353,255
7,post-pre_clipped,7,8,0,403,0.0,0.005798228509672291,255
7,post-pre_clipped,8,0,0,403,0.0,0.0032622183084497457,255
7,post-pre_clipped,8,1,0,403,0.0,0.004443021254453028,255
7,post-pre_clipped,8,2,0,403,0.0,0.003851190237933223,255
7,post-pre_clipped,8,3,0,403,0.0,0.004014158199003894,255
7,post-pre_clipped,8,4,0,403,0.0,0.004666030043286578,255
7,post-pre_clipped,8,5,0,403,0.0,0.004051326330476153,255
7,post-pre_clipped,8,6,0,403,0.0,0.004260039684128064,255
7,post-pre_clipped,8,7,0,403,0.0,0.0046803254784682155,255
7,pre-post_clipped,0,1,0,403,0.0,0.0063986367873010794,255
7,pre-post_clipped,0,2,0,403,0.0,0.006427227657664355,255
7,pre-post_clipped,0,3,0,403,0.0,0.006435804918773338,255
7,pre-post_clipped,0,4,0,403,0.0,0.006447241266918647,255
7,pre-post_clipped,0,5,0,403,0.0,0.006472973050245596,255
7,pre-post_clipped,0,6,0,403,0.0,0.0063786231780467864,255
7,pre-post_clipped,0,7,0,403,0.0,0.006475832137281923,255
7,pre-post_clipped,0,8,0,403,0.0,0.006392918613228424,255
7,pre-post_clipped,1,0,0,403,0.0,0.004860447961756852,255
7,pre-post_clipped,1,2,0,403,0.0,0.0049033342673017654,255
7,pre-post_clipped,1,3,0,403,0.0,0.005046288619118143,255
7,pre-post_clipped,1,4,0,403,0.0,0.005766778552272689,255
7,pre-post_clipped,1,5,0,403,0.0,0.005506601631966881,255
7,pre-post_clipped,1,6,0,403,0.0,0.005821101205962912,255
7,pre-post_clipped,1,7,0,403,0.0,0.0062356688262304085,255
7,pre-post_clipped,1,8,0,403,0.0,0.006878963409404109,255
7,pre-post_clipped,2,0,0,403,0.0,0.004414430384089753,255
7,pre-post_clipped,2,1,0,403,0.0,0.005615246939347327,255
7,pre-post_clipped,2,3,0,403,0.0,0.005257861059806383,255
7,pre-post_clipped,2,4,0,403,0.0,0.005821101205962912,255
7,pre-post_clipped,2,5,0,403,0.0,0.005949760122597652,255
7,pre-post_clipped,2,6,0,403,0.0,0.005918310165198049,255
7,pre-post_clipped,2,7,0,403,0.0,0.006470113963209268,255
7,pre-post_clipped,2,8,0,403,0.0,0.006916131540876367,255
7,pre-post_clipped,3,0,0,403,0.0,0.0040741990267667725,255
7,pre-post_clipped,3,1,0,403,0.0,0.0054894471097489145,255
7,pre-post_clipped,3,2,0,403,0.0,0.005283592843133331,255
7,pre-post_clipped,3,4,0,403,0.0,0.0056524150708195855,255
7,pre-post_clipped,3,5,0,403,0.0,0.005615246939347327,255
7,pre-post_clipped,3,6,0,403,0.0,0.005640978722674276,255
7,pre-post_clipped,3,7,0,403,0.0,0.006172768911431202,255
7,pre-post_clipped,3,8,0,403,0.0,0.006658813707606887,255
7,pre-post_clipped,4,0,0,403,0.0,0.0039026538045871194,255
7,pre-post_clipped,4,1,0,403,0.0,0.004997684139500575,255
7,pre-post_clipped,4,2,0,403,0.0,0.0043572486433632015,255
7,pre-post_clipped,4,3,0,403,0.0,0.004434443993344046,255
7,pre-post_clipped,4,5,0,403,0.0,0.004926206963592385,255
7,pre-post_clipped,4,6,0,403,0.0,0.004971952356173627,255
7,pre-post_clipped,4,7,0,403,0.0,0.005383660889404796,255
7,pre-post_clipped,4,8,0,403,0.0,0.006201359781794477,255
7,pre-post_clipped,5,0,0,403,0.0,0.003799726671279327,255
7,pre-post_clipped,5,1,0,403,0.0,0.005203538406116159,255
7,pre-post_clipped,5,2,0,403,0.0,0.004746084480303749,255
7,pre-post_clipped,5,3,0,403,0.0,0.0048861797450838,255
7,pre-post_clipped,5,4,0,403,0.0,0.0055494879375117935,255
7,pre-post_clipped,5,6,0,403,0.0,0.005500883457894225,255
7,pre-post_clipped,5,7,0,403,0.0,0.0056924422893281715,255
7,pre-post_clipped,5,8,0,403,0.0,0.006301427828065942,255
7,pre-post_clipped,6,0,0,403,0.0,0.003656772319462949,255
7,pre-post_clipped,6,1,0,403,0.0,0.005383660889404796,255
7,pre-post_clipped,6,2,0,403,0.0,0.004703198174758836,255
7,pre-post_clipped,6,3,0,403,0.0,0.0047003390877225085,255
7,pre-post_clipped,6,4,0,403,0.0,0.005555206111584449,255
7,pre-post_clipped,6,5,0,403,0.0,0.005000543226536903,255
7,pre-post_clipped,6,7,0,403,0.0,0.005709596811546137,255
7,pre-post_clipped,6,8,0,403,0.0,0.0061556143892132365,255
7,pre-post_clipped,7,0,0,403,0.0,0.003476649836174313,255
7,pre-post_clipped,7,1,0,403,0.0,0.004894757006192783,255
7,pre-post_clipped,7,2,0,403,0.0,0.004362966817435856,255
7,pre-post_clipped,7,3,0,403,0.0,0.004411571297053425,255
7,pre-post_clipped,7,4,0,403,0.0,0.0052664383209153655,255
7,pre-post_clipped,7,5,0,403,0.0,0.004668889130322905,255
7,pre-post_clipped,7,6,0,403,0.0,0.004777534437703353,255
7,pre-post_clipped,7,8,0,403,0.0,0.005798228509672291,255
7,pre-post_clipped,8,0,0,403,0.0,0.0032622183084497457,255
7,pre-post_clipped,8,1,0,403,0.0,0.004443021254453028,255
7,pre-post_clipped,8,2,0,403,0.0,0.003851190237933223,255
7,pre-post_clipped,8,3,0,403,0.0,0.004014158199003894,255
7,pre-post_clipped,8,4,0,403,0.0,0.004666030043286578,255
7,pre-post_clipped,8,5,0,403,0.0,0.004051326330476153,255
7,pre-post_clipped,8,6,0,403,0.0,0.004260039684128064,255
7,pre-post_clipped,8,7,0,403,0.0,0.0046803254784682155,255
7,absolute_difference,0,1,0,403,0.0,0.004906193354338092,255
7,absolute_difference,0,2,0,403,0.0,0.004488766647034269,255
7,absolute_difference,0,3,0,403,0.0,0.004157112550820272,255
7,absolute_difference,0,4,0,403,0.0,0.003997003676785928,255
7,absolute_difference,0,5,0,403,0.0,0.003919808326805084,255
7,absolute_difference,0,6,0,403,0.0,0.0036825041027898973,255
7,absolute_difference,0,7,0,403,0.0,0.003599590578736398,255
7,absolute_difference,0,8,0,403,0.0,0.0033022455269583317,255
7,absolute_difference,1,0,0,403,0.0,0.004906193354338092,255
7,absolute_difference,1,2,0,403,0.0,0.004165689811929255,255
7,absolute_difference,1,3,0,403,0.0,0.00418284433414722,255
7,absolute_difference,1,4,0,403,0.0,0.004411571297053425,255
7,absolute_difference,1,5,0,403,0.0,0.0043572486433632015,255
7,absolute_difference,1,6,0,403,0.0,0.004851870700647869,255
7,absolute_difference,1,7,0,403,0.0,0.004777534437703353,255
7,absolute_difference,1,8,0,403,0.0,0.004969093269137299,255
7,absolute_difference,2,0,0,403,0.0,0.004488766647034269,255
7,absolute_difference,2,1,0,403,0.0,0.004165689811929255,255
7,absolute_difference,2,3,0,403,0.0,0.004188562508219875,255
7,absolute_difference,2,4,0,403,0.0,0.0038254584546062753,255
7,absolute_difference,2,5,0,403,0.0,0.004342953208181563,255
7,absolute_difference,2,6,0,403,0.0,0.004268616945237047,255
7,absolute_difference,2,7,0,403,0.0,0.004480189385925286,255
7,absolute_difference,2,8,0,403,0.0,0.004414430384089753,255
7,absolute_difference,3,0,0,403,0.0,0.004157112550820272,255
7,absolute_difference,3,1,0,403,0.0,0.00418284433414722,255
7,absolute_difference,3,2,0,403,0.0,0.004188562508219875,255
7,absolute_difference,3,4,0,403,0.0,0.0037339676694437933,255
7,absolute_difference,3,5,0,403,0.0,0.00414853528971129,255
7,absolute_difference,3,6,0,403,0.0,0.003988426415676946,255
7,absolute_difference,3,7,0,403,0.0,0.004231448813764789,255
7,absolute_difference,3,8,0,403,0.0,0.004320080511890943,255
7,absolute_difference,4,0,0,403,0.0,0.003997003676785928,255
7,absolute_difference,4,1,0,403,0.0,0.004411571297053425,255
7,absolute_difference,4,2,0,403,0.0,0.0038254584546062753,255
7,absolute_difference,4,3,0,403,0.0,0.0037339676694437933,255
7,absolute_difference,4,5,0,403,0.0,0.004122803506384341,255
7,absolute_difference,4,6,0,403,0.0,0.0041742670730382375,255
7,absolute_difference,4,7,0,403,0.0,0.0042972078156003225,255
7,absolute_difference,4,8,0,403,0.0,0.004514498430361217,255
7,absolute_difference,5,0,0,403,0.0,0.003919808326805084,255
7,absolute_difference,5,1,0,403,0.0,0.0043572486433632015,255
7,absolute_difference,5,2,0,403,0.0,0.004342953208181563,255
7,absolute_difference,5,3,0,403,0.0,0.00414853528971129,255
7,absolute_difference,5,4,0,403,0.0,0.004122803506384341,255
7,absolute_difference,5,6,0,403,0.0,0.00414853528971129,255
7,absolute_difference,5,7,0,403,0.0,0.004008440024931239,255
7,absolute_difference,5,8,0,403,0.0,0.003999862763822256,255
7,absolute_difference,6,0,0,403,0.0,0.0036825041027898973,255
7,absolute_difference,6,1,0,403,0.0,0.004851870700647869,255
7,absolute_difference,6,2,0,403,0.0,0.004268616945237047,255
7,absolute_difference,6,3,0,403,0.0,0.003988426415676946,255
7,absolute_difference,6,4,0,403,0.0,0.0041742670730382375,255
7,absolute_difference,6,5,0,403,0.0,0.00414853528971129,255
7,absolute_difference,6,7,0,403,0.0,0.0041342398545296515,255
7,absolute_difference,6,8,0,403,0.0,0.004062762678621463,255
7,absolute_difference,7,0,0,403,0.0,0.003599590578736398,255
7,absolute_difference,7,1,0,403,0.0,0.004777534437703353,255
7,absolute_difference,7,2,0,403,0.0,0.004480189385925286,255
7,absolute_difference,7,3,0,403,0.0,0.004231448813764789,255
7,absolute_difference,7,4,0,403,0.0,0.0042972078156003225,255
7,absolute_difference,7,5,0,403,0.0,0.004008440024931239,255
7,absolute_difference,7,6,0,403,0.0,0.0041342398545296515,255
7,absolute_difference,7,8,0,403,0.0,0.004125662593420669,255
7,absolute_difference,8,0,0,403,0.0,0.0033022455269583317,255
7,absolute_difference,8,1,0,403,0.0,0.004969093269137299,255
7,absolute_difference,8,2,0,403,0.0,0.004414430384089753,255
7,absolute_difference,8,3,0,403,0.0,0.004320080511890943,255
7,absolute_difference,8,4,0,403,0.0,0.004514498430361217,255
7,absolute_difference,8,5,0,403,0.0,0.003999862763822256,255
7,absolute_difference,8,6,0,403,0.0,0.004062762678621463,255
7,absolute_difference,8,7,0,403,0.0,0.004125662593420669,255
