split,class,patient,relative_path,sha256,shape,dtype
train,Benign,BreaDM-Be-1801,train/Benign/BreaDM-Be-1801/p-032.npy,9bcbac6e5d4d37fd20b252806b8c17df30b599c63c75461b022f33751356eedb,"(26, 36, 17)",uint8
train,Benign,BreaDM-Be-1801,train/Benign/BreaDM-Be-1801/p-033.npy,50c3384d136180821a574e7d2e15ff898106cda17407076293e890e39f607718,"(26, 36, 17)",uint8
train,Benign,BreaDM-Be-1801,train/Benign/BreaDM-Be-1801/p-034.npy,06d5924cd63f9fccbbe2ac30c1a26886e6c624a01547c21c7658fac661050ded,"(26, 36, 17)",uint8
train,Benign,BreaDM-Be-1801,train/Benign/BreaDM-Be-1801/p-035.npy,51b765e470643569c5b0577143bb6cdfd9303303416ebbfb092490c64ff2d9db,"(26, 36, 17)",uint8
train,Benign,BreaDM-Be-1801,train/Benign/BreaDM-Be-1801/p-036.npy,f79330cf343e71675a547413f315a0dc92717b617e91114e4506792b4010a940,"(26, 36, 17)",uint8
train,Benign,BreaDM-Be-1801,train/Benign/BreaDM-Be-1801/p-037.npy,5f1cd0f5afb4babb13d4a494320f7d5fff2d673a2d2d8adf3a964d861f720c66,"(26, 36, 17)",uint8
train,Benign,BreaDM-Be-1801,train/Benign/BreaDM-Be-1801/p-038.npy,4887f11145b67f79921c5a3a7d5a46cf067fc682a3317599e9af2161230e1f97,"(26, 36, 17)",uint8
train,Benign,BreaDM-Be-1803,train/Benign/BreaDM-Be-1803/p-035.npy,bfbe839acbe70f380fbd16b44c03e64c3a27d481151916bef3d116a1e3fac92d,"(11, 20, 17)",uint8
train,Benign,BreaDM-Be-1803,train/Benign/BreaDM-Be-1803/p-036.npy,0ac9db8d5394386aa00752db4d899bb554607c169bf95d689d56825879d99dc5,"(11, 20, 17)",uint8
train,Benign,BreaDM-Be-1803,train/Benign/BreaDM-Be-1803/p-037.npy,dc872fa046c7495d36cfacaeb643e393a237d45f0b336e705849238701ebd462,"(11, 20, 17)",uint8
train,Benign,BreaDM-Be-1804,train/Benign/BreaDM-Be-1804/p-023.npy,f1d255534b98d7386ee6a6338ba12f2c5936e1bb1af2eb6b9997d1dd4595aa09,"(37, 26, 17)",uint8
train,Benign,BreaDM-Be-1804,train/Benign/BreaDM-Be-1804/p-024.npy,7378f970cbd4ca57ad9e51f9426f1f26657a7eefc1ffc82773e4cf43320ce574,"(37, 26, 17)",uint8
train,Benign,BreaDM-Be-1804,train/Benign/BreaDM-Be-1804/p-025.npy,3d17f1d3ab289d49fdbef6ce0eae52e2ba87da6ebcb40dfc541de3b344f2420b,"(37, 26, 17)",uint8
train,Benign,BreaDM-Be-1804,train/Benign/BreaDM-Be-1804/p-026.npy,1acfca3b1605259b3924cc5e05aba6db28e491748b49428980bb9de3dfff86e4,"(37, 26, 17)",uint8
train,Benign,BreaDM-Be-1805,train/Benign/BreaDM-Be-1805/p-025.npy,b1f65e4848c1f8e2a7bfd76a93fb4724bb9b9692dc0ae7dae46b9bebcc14ea2e,"(27, 34, 17)",uint8
train,Benign,BreaDM-Be-1805,train/Benign/BreaDM-Be-1805/p-026.npy,5de8ec576b06ff989c55d9e41de9952e3cdd27566f5fd0f117059e162fb24d75,"(27, 34, 17)",uint8
train,Benign,BreaDM-Be-1805,train/Benign/BreaDM-Be-1805/p-027.npy,3902ab5e9a4d1bab957fdd841f1df72f6f7b600577e2f5cb28a940b7f19a85f5,"(27, 34, 17)",uint8
train,Benign,BreaDM-Be-1805,train/Benign/BreaDM-Be-1805/p-028.npy,bb3ff03b6af9fffdb29d23b9dc66924d71a06ccaa9fec948fbd38043f7b3443d,"(27, 34, 17)",uint8
train,Benign,BreaDM-Be-1805,train/Benign/BreaDM-Be-1805/p-029.npy,5d8021b53862d4c71415d9e8d92f4af40cb7e836a0b607749e3d8ce84b72b668,"(27, 34, 17)",uint8
train,Benign,BreaDM-Be-1805,train/Benign/BreaDM-Be-1805/p-030.npy,b0c5c9ab3fc3a3ba361824dff757ed65422313ad74ce29636bde155a80023eb0,"(27, 34, 17)",uint8
train,Benign,BreaDM-Be-1805,train/Benign/BreaDM-Be-1805/p-031.npy,8c32f30de62b0d83d0ecec809f539beb7ef1ffe333ee0d8d9b47f6b752bdc8ab,"(27, 34, 17)",uint8
train,Benign,BreaDM-Be-1805,train/Benign/BreaDM-Be-1805/p-032.npy,f4f14353a38dc63e61cf069c2c7e1065f36a41441135562d9deb13ebf128bc9c,"(27, 34, 17)",uint8
train,Benign,BreaDM-Be-1805,train/Benign/BreaDM-Be-1805/p-033.npy,5c3b714d87b7e91dbf4d63b741d9567256ebc736205c56503eaf3c39e59e4cf8,"(27, 34, 17)",uint8
train,Benign,BreaDM-Be-1806,train/Benign/BreaDM-Be-1806/p-024.npy,4b617582f8577eb257e64f006852206118b67b2b1513915744d6dd6fb9ec23e6,"(34, 32, 17)",uint8
train,Benign,BreaDM-Be-1806,train/Benign/BreaDM-Be-1806/p-025.npy,23c11995a2d5bfe9eebb329ea5a6600a419b0a4c761e8857012fe71843e46547,"(34, 32, 17)",uint8
train,Benign,BreaDM-Be-1806,train/Benign/BreaDM-Be-1806/p-026.npy,739340189ee424178bb91b51aa589be086831f7ae372e8f36ddaf6edf1bd64b3,"(34, 32, 17)",uint8
train,Benign,BreaDM-Be-1806,train/Benign/BreaDM-Be-1806/p-027.npy,d95ac738ba7e697cf10a94a5a57e38cffd64d0d36d3c60a5fb029f183f594bb3,"(34, 32, 17)",uint8
train,Benign,BreaDM-Be-1806,train/Benign/BreaDM-Be-1806/p-028.npy,621b9fe53ca7dd975aeecb7125573e24071253e1f433fc72151ac898852e0643,"(34, 32, 17)",uint8
train,Benign,BreaDM-Be-1806,train/Benign/BreaDM-Be-1806/p-029.npy,790064d733073f793fe704ec3317e473e13b698dd3eb43df79f7a9631ab39978,"(34, 32, 17)",uint8
train,Benign,BreaDM-Be-1807,train/Benign/BreaDM-Be-1807/p-025.npy,8e662222f5bc1bb85fa6d62a56f392bd04e7beb55a4ef30c59f8f7598988cdab,"(23, 20, 17)",uint8
train,Benign,BreaDM-Be-1807,train/Benign/BreaDM-Be-1807/p-026.npy,65859a73775c385aeab9c5bc59ce8196c916a53bf8557d2513b0e89947c02946,"(23, 20, 17)",uint8
train,Benign,BreaDM-Be-1807,train/Benign/BreaDM-Be-1807/p-027.npy,0ffb402f9a5ffad9ed1103f678da201bd98c22e58f1393a241da7898a6ba79b2,"(23, 20, 17)",uint8
train,Benign,BreaDM-Be-1807,train/Benign/BreaDM-Be-1807/p-028.npy,28a27531ccff97451c30bb1f5e27faa307e519588dec6f68f7b21d60fe476058,"(23, 20, 17)",uint8
train,Benign,BreaDM-Be-1808,train/Benign/BreaDM-Be-1808/p-031.npy,50885b0c534757f24ce0596ae0cb95305f94e029af446f1f5bee88d753b89610,"(38, 32, 17)",uint8
train,Benign,BreaDM-Be-1808,train/Benign/BreaDM-Be-1808/p-032.npy,0c017f9624f2ccd064fda8d2fd94523bc3513c6049a4f0e96da1690f6f61bade,"(38, 32, 17)",uint8
train,Benign,BreaDM-Be-1808,train/Benign/BreaDM-Be-1808/p-033.npy,54a8ae7a845659d55e97df9cc790f22c0351229b07d4fdd21d92f61bad3058c9,"(38, 32, 17)",uint8
train,Benign,BreaDM-Be-1808,train/Benign/BreaDM-Be-1808/p-034.npy,0bd59fb81236deb31d83b4bf9372ee6f52d56eb4d86e294d7990beb7d5d4b5b2,"(38, 32, 17)",uint8
train,Benign,BreaDM-Be-1808,train/Benign/BreaDM-Be-1808/p-035.npy,452e5604aa6a0e3a7d61fba05b03da321e770646f5fd4c9e1f56c6d546b4c261,"(38, 32, 17)",uint8
train,Benign,BreaDM-Be-1808,train/Benign/BreaDM-Be-1808/p-036.npy,360cba4bf57831158352c055497a244ac16301c47a13c38084ffc8b7d6dfe787,"(38, 32, 17)",uint8
train,Benign,BreaDM-Be-1808,train/Benign/BreaDM-Be-1808/p-037.npy,6771e8a1c43dbe3f3503598e819227fa7c653157c63d69be77f89a39415081b1,"(38, 32, 17)",uint8
train,Benign,BreaDM-Be-1808,train/Benign/BreaDM-Be-1808/p-038.npy,123380c40ad212054742499d3b8587a7bbf8fc063fff1f240dbf2c1f1c68c95a,"(38, 32, 17)",uint8
train,Benign,BreaDM-Be-1808,train/Benign/BreaDM-Be-1808/p-039.npy,d659b52b1f746d790dbcda8ac47664f4a3454fef30e6868610eb69a8a8fd8ae9,"(38, 32, 17)",uint8
train,Benign,BreaDM-Be-1808,train/Benign/BreaDM-Be-1808/p-040.npy,5cf4529bec23249acec0a2dd037333a0f56319aee89746fe7fd4c3d8440f6574,"(38, 32, 17)",uint8
train,Benign,BreaDM-Be-1808,train/Benign/BreaDM-Be-1808/p-041.npy,9f17b2c572dfa973dbe675e47a43745e9581ffb5f54c0d859e700819b7e8c452,"(38, 32, 17)",uint8
train,Benign,BreaDM-Be-1809,train/Benign/BreaDM-Be-1809/p-031.npy,51ba28a8e8a7109452da79b26f8a433c332d3206f36790239cf4333a2361e768,"(19, 18, 17)",uint8
train,Benign,BreaDM-Be-1809,train/Benign/BreaDM-Be-1809/p-032.npy,e47242685cfa47bb1db5608e73af763a3ed21f0bb5c28fe5081f79e7a80f2bef,"(19, 18, 17)",uint8
train,Benign,BreaDM-Be-1809,train/Benign/BreaDM-Be-1809/p-033.npy,55048c3330f062324cdb953b953c5c6a566b7be21b07ae27c8a47b19ce98d3dd,"(19, 18, 17)",uint8
train,Benign,BreaDM-Be-1811,train/Benign/BreaDM-Be-1811/p-028.npy,469d63722ac473003487b54d01c92732b3052ae4a0aa199b83ca0937fdbd9518,"(13, 11, 17)",uint8
train,Benign,BreaDM-Be-1811,train/Benign/BreaDM-Be-1811/p-029.npy,aa83b8df704353d8402f22ec183aee9b6094d48bc1f2819fdb59c30dfc487c4f,"(13, 11, 17)",uint8
train,Benign,BreaDM-Be-1811,train/Benign/BreaDM-Be-1811/p-030.npy,85fdf571664449b6ef9cff3b68c53634ce8ba3d6bf539f4f785945aee751fd49,"(13, 11, 17)",uint8
train,Benign,BreaDM-Be-1812,train/Benign/BreaDM-Be-1812/p-025.npy,ca1b77abb25e19c901d20c4b072815d55ef57cd3d4fdb8eade852c0624a8cc35,"(17, 22, 17)",uint8
train,Benign,BreaDM-Be-1812,train/Benign/BreaDM-Be-1812/p-026.npy,e6c529ba79ff76047e45605228ef906f40fa9e8dbe3a359bf0dff1c4293d434e,"(17, 22, 17)",uint8
train,Benign,BreaDM-Be-1812,train/Benign/BreaDM-Be-1812/p-027.npy,0931ce2223297f7b39e00c8de2156a84ae396c00182838629be999918da64f7c,"(17, 22, 17)",uint8
train,Benign,BreaDM-Be-1812,train/Benign/BreaDM-Be-1812/p-028.npy,4ca3d89f84611a8e1af8ba77b7a5cf9242bc1622da70295753ec5fd4bd505f39,"(17, 22, 17)",uint8
train,Benign,BreaDM-Be-1812,train/Benign/BreaDM-Be-1812/p-029.npy,956a382eb0d1e834ba4946e2f5ca8b3894faf043d013e14673201156a75ba2ef,"(17, 22, 17)",uint8
train,Benign,BreaDM-Be-1814,train/Benign/BreaDM-Be-1814/p-037.npy,cbb11f7b47aeffff02676cba27ea09aeec9d1b1011f5af70946a0c348cd4805f,"(28, 30, 17)",uint8
train,Benign,BreaDM-Be-1814,train/Benign/BreaDM-Be-1814/p-038.npy,d8d4e67f4da82e004f9a1a8dc3d0a8cd4b5afd84c36e5dc870a96a3a9c606950,"(28, 30, 17)",uint8
train,Benign,BreaDM-Be-1814,train/Benign/BreaDM-Be-1814/p-039.npy,34ea28520c70e7db8d3ffb97cc353b3d11c57ae6f0f90a4f93fb85f7c1c797f6,"(28, 30, 17)",uint8
train,Benign,BreaDM-Be-1814,train/Benign/BreaDM-Be-1814/p-040.npy,c39b083f3a5f2cb0da88f3315bbeb111177e28e0a8d3e4788b988e613cf4f301,"(28, 30, 17)",uint8
train,Benign,BreaDM-Be-1814,train/Benign/BreaDM-Be-1814/p-041.npy,738d6f5e91349fd31ebec09c75fd37c00edeb76b1683a50b68044f627e2f094a,"(28, 30, 17)",uint8
train,Benign,BreaDM-Be-1816,train/Benign/BreaDM-Be-1816/p-025.npy,5bd75f6a6164949aa500901b3daf82e153bbbe071ebf24192b7341ced357f394,"(13, 13, 17)",uint8
train,Benign,BreaDM-Be-1816,train/Benign/BreaDM-Be-1816/p-026.npy,a49c6fabd38cb0d7981099c2fa910795316517ef34a120421d72c7b5d9b1db33,"(13, 13, 17)",uint8
train,Benign,BreaDM-Be-1816,train/Benign/BreaDM-Be-1816/p-027.npy,005e4cb4c06883906078546712cff3b2eb1191ae863e9f3ca357e3ff36591205,"(13, 13, 17)",uint8
train,Benign,BreaDM-Be-1817,train/Benign/BreaDM-Be-1817/p-037.npy,e8fa3423e6af5f696c4d82a7b20726bad7f9386cbd3bc8a51075875116c219e1,"(28, 23, 17)",uint8
train,Benign,BreaDM-Be-1817,train/Benign/BreaDM-Be-1817/p-038.npy,da93c7371c269144875e3eb82b23a7a1fe356a8ea8db7fea34723ebb57b9dc25,"(28, 23, 17)",uint8
train,Benign,BreaDM-Be-1817,train/Benign/BreaDM-Be-1817/p-039.npy,c7e1f4f605cf083d64252fd420e6bbd7d482effd5745fcbe00043f6c9c565005,"(28, 23, 17)",uint8
train,Benign,BreaDM-Be-1817,train/Benign/BreaDM-Be-1817/p-040.npy,9b113e38309851c470fcd170291c163230a248850a6487cd355506141815a048,"(28, 23, 17)",uint8
train,Benign,BreaDM-Be-1817,train/Benign/BreaDM-Be-1817/p-041.npy,3d11539462c69f589d4a2230d5d81e7f985776fa47527437af68cbfef13cffa2,"(28, 23, 17)",uint8
train,Benign,BreaDM-Be-1817,train/Benign/BreaDM-Be-1817/p-042.npy,b228fa26bc5be3e1a1ce8480d37ba5bea5fa87ae05bd4a7eefb51d2ee344e889,"(28, 23, 17)",uint8
train,Benign,BreaDM-Be-1817,train/Benign/BreaDM-Be-1817/p-043.npy,4ad6f3a4fc1de09c9e995052133eac360116bcd54da6a917b6fffaf93d6a1f67,"(28, 23, 17)",uint8
train,Benign,BreaDM-Be-1817,train/Benign/BreaDM-Be-1817/p-044.npy,2b44cc1b029dc0f91c262dace2aa0229b668dee2d0db8ec82e85ef445b28ae2c,"(28, 23, 17)",uint8
train,Benign,BreaDM-Be-1818,train/Benign/BreaDM-Be-1818/p-025.npy,df0f170b18b108d2885757b662b105f55bc10fa88f459596f8eae70886ccc129,"(11, 16, 17)",uint8
train,Benign,BreaDM-Be-1818,train/Benign/BreaDM-Be-1818/p-026.npy,080939995c0549275a7b925d2413837e75e6c8b5511d7fb7461e7114d2429e5d,"(11, 16, 17)",uint8
train,Benign,BreaDM-Be-1818,train/Benign/BreaDM-Be-1818/p-027.npy,19a466fe68fc1545d6ae417bb8c0e20a91d90f4b1bb325f0ba4ac7a15ffcfa53,"(11, 16, 17)",uint8
train,Benign,BreaDM-Be-1819,train/Benign/BreaDM-Be-1819/p-040.npy,f9065a06a9803d69a77f4bbd34716fcb0340d014ae3f5b2b246116717e1facc3,"(37, 46, 17)",uint8
train,Benign,BreaDM-Be-1819,train/Benign/BreaDM-Be-1819/p-041.npy,2901f4ec3dfc1e1212cb7cadffc2d28ec223e158f00fb45c40208261aa969039,"(37, 46, 17)",uint8
train,Benign,BreaDM-Be-1819,train/Benign/BreaDM-Be-1819/p-042.npy,9550511b8e8b980712b1d7d0d41b6e03187158db082f5cae58a95ac90fa4f7fb,"(37, 46, 17)",uint8
train,Benign,BreaDM-Be-1819,train/Benign/BreaDM-Be-1819/p-043.npy,c2ff8ec7ca276a615475334371d86e084f17507d1c2ba7af113350c5d3b24603,"(37, 46, 17)",uint8
train,Benign,BreaDM-Be-1819,train/Benign/BreaDM-Be-1819/p-044.npy,52478e5c11c141edc672be328bb1e40a1b46400f9ccb01fbfb916523785c1e9c,"(37, 46, 17)",uint8
train,Benign,BreaDM-Be-1819,train/Benign/BreaDM-Be-1819/p-045.npy,5e006eb012faa68c16141ad591a59a6aaa8c80eb37890dd1556557af73a63ed2,"(37, 46, 17)",uint8
train,Benign,BreaDM-Be-1819,train/Benign/BreaDM-Be-1819/p-046.npy,8295af8450ce5a8c677b371df0be74ce71253eadd92056e4f2484fde27199d6e,"(37, 46, 17)",uint8
train,Benign,BreaDM-Be-1819,train/Benign/BreaDM-Be-1819/p-047.npy,d710060dafb4e5752e67b6ba3c9fb1f88327cf07ba73d20a8f7e0ddb1be9cc4e,"(37, 46, 17)",uint8
train,Benign,BreaDM-Be-1819,train/Benign/BreaDM-Be-1819/p-048.npy,329e6c571c31dc89e5283713196607cf0a798162d311375c09115ef933477c76,"(37, 46, 17)",uint8
train,Benign,BreaDM-Be-1819,train/Benign/BreaDM-Be-1819/p-049.npy,1235ba09628ccee3fd966fa016ecdf89e3b5a721992c2130001cf5101001c4c9,"(37, 46, 17)",uint8
train,Benign,BreaDM-Be-1819,train/Benign/BreaDM-Be-1819/p-050.npy,ae0bec659a6db9d3bdb400a7167894e00a20144d47a2b3b3e01236ffb7799e21,"(37, 46, 17)",uint8
train,Benign,BreaDM-Be-1819,train/Benign/BreaDM-Be-1819/p-051.npy,76daa909c394b998a3071e762977f22a2e57fba3fb1a35945714f221e299bbab,"(37, 46, 17)",uint8
train,Benign,BreaDM-Be-1819,train/Benign/BreaDM-Be-1819/p-052.npy,1f1074bce5237323cfe3af52215cf7a0fcab35b1aa07635f8da5bd0cef7033c3,"(37, 46, 17)",uint8
train,Benign,BreaDM-Be-1819,train/Benign/BreaDM-Be-1819/p-053.npy,b4ecf30c6d6831a3c6d49f41397af653aef13007fd3c1f5e935261139616c29c,"(37, 46, 17)",uint8
train,Benign,BreaDM-Be-1819,train/Benign/BreaDM-Be-1819/p-054.npy,6774e5ac4511f7fa2b3422585c4787cc344900c10155aec023765bf77370ad7b,"(37, 46, 17)",uint8
train,Benign,BreaDM-Be-1819,train/Benign/BreaDM-Be-1819/p-055.npy,5cf9a4b3e0eb8be3c4c8c73b670788e735da2ccce601316936f225465712e230,"(37, 46, 17)",uint8
train,Benign,BreaDM-Be-1819,train/Benign/BreaDM-Be-1819/p-056.npy,60709913e96a55bc1420568f1ed066e75582fd0e60401f311763979b0a2fc74b,"(37, 46, 17)",uint8
train,Benign,BreaDM-Be-1819,train/Benign/BreaDM-Be-1819/p-057.npy,cf23eb12cbf1dca25eb293693bc49ef537c2b38b1514a20344f8b5b800964bb4,"(37, 46, 17)",uint8
train,Benign,BreaDM-Be-1819,train/Benign/BreaDM-Be-1819/p-058.npy,31ddd8d9217140a4581d3071d2d0974e35cad0970bc887f9d3a1fa73e1137d3f,"(37, 46, 17)",uint8
train,Benign,BreaDM-Be-1820,train/Benign/BreaDM-Be-1820/p-029.npy,d68eb25e6d2d705e2279e3fe9e97f41639504be6aacd07a2f212518676e67c20,"(52, 56, 17)",uint8
train,Benign,BreaDM-Be-1820,train/Benign/BreaDM-Be-1820/p-030.npy,2328c7a7dfaefec970a38330ea68621ef4ce09d2dc677111828f926a14c20af8,"(52, 56, 17)",uint8
train,Benign,BreaDM-Be-1820,train/Benign/BreaDM-Be-1820/p-031.npy,28b088f3a3065566f7947c0ea29bec9fae76e04e8acff1270ee8bb1fc6af8e5c,"(52, 56, 17)",uint8
train,Benign,BreaDM-Be-1820,train/Benign/BreaDM-Be-1820/p-032.npy,65acbd2c18b1b6db3a68f0908d243f832ba7049c95f66c3bbbea32414dfafa70,"(52, 56, 17)",uint8
train,Benign,BreaDM-Be-1820,train/Benign/BreaDM-Be-1820/p-033.npy,eb8ce8c4657b5fe3295cc52f00e2a1c08fb369de00472044009f81eb434fb7f0,"(52, 56, 17)",uint8
train,Benign,BreaDM-Be-1820,train/Benign/BreaDM-Be-1820/p-034.npy,38e84026c509d49ac2b0d88250d284a3ae84f0a8ce3518f57187a3819f98ec7b,"(52, 56, 17)",uint8
train,Benign,BreaDM-Be-1820,train/Benign/BreaDM-Be-1820/p-035.npy,fe5f50da53a0b0a9d19bd6040561507d5acbafef93679a547dc0dfbf2b93713a,"(52, 56, 17)",uint8
train,Benign,BreaDM-Be-1820,train/Benign/BreaDM-Be-1820/p-036.npy,4b0b87731340456b198f5d08f01f910d790cd3b406fa2da6bd24a21b9ee4882a,"(52, 56, 17)",uint8
train,Benign,BreaDM-Be-1820,train/Benign/BreaDM-Be-1820/p-037.npy,7fe396e5700e86ed2cb4ccd47863d9e66679ef8bee3a950620cae69533ccf2d7,"(52, 56, 17)",uint8
train,Benign,BreaDM-Be-1820,train/Benign/BreaDM-Be-1820/p-038.npy,96c50abaaf13ca0a28595646d4dce0e9a5120ecc6885037d7279368f2aa5db94,"(52, 56, 17)",uint8
train,Benign,BreaDM-Be-1820,train/Benign/BreaDM-Be-1820/p-039.npy,29ae68fd596800d5f6d163b499ae8189abb993d9c63ae3c5b056cc6cfd7640b5,"(52, 56, 17)",uint8
train,Benign,BreaDM-Be-1820,train/Benign/BreaDM-Be-1820/p-040.npy,80fc902716872b1e725bd49ae9ae1278e7b28f896ece57bde8ddc3607dcab45c,"(52, 56, 17)",uint8
train,Benign,BreaDM-Be-1820,train/Benign/BreaDM-Be-1820/p-041.npy,a144d49e3bbac182e1f1dcc7f9d8ab07cbcb0067af357cef19a424b36552b973,"(52, 56, 17)",uint8
train,Benign,BreaDM-Be-1820,train/Benign/BreaDM-Be-1820/p-042.npy,e87dbb17896aaeeb2dda82d1dac92235dbce069bc7d54eb4d53fba1bc4fa6441,"(52, 56, 17)",uint8
train,Benign,BreaDM-Be-1821,train/Benign/BreaDM-Be-1821/p-039.npy,2fb984bcf728996cb1d2e4139e6d7e4cee656549a114465cef44217a4ee30e0d,"(15, 14, 17)",uint8
train,Benign,BreaDM-Be-1821,train/Benign/BreaDM-Be-1821/p-040.npy,9b99ba39eb070a1f40286a652314d2f95382aedfc84499b5154092cf00e7e35c,"(15, 14, 17)",uint8
train,Benign,BreaDM-Be-1821,train/Benign/BreaDM-Be-1821/p-041.npy,ecf37175cbb3b568265c16179a07a30152a6d38dbd49f659ab05da8639e6e456,"(15, 14, 17)",uint8
train,Benign,BreaDM-Be-1821,train/Benign/BreaDM-Be-1821/p-042.npy,51dd55f26a1441679402c4897647a845ace3ec9aff6f53f519c11351921e87f3,"(15, 14, 17)",uint8
train,Benign,BreaDM-Be-1823,train/Benign/BreaDM-Be-1823/p-044.npy,d92b06750511252efb4f29406fdcfe7502a3263d334765017be88746f5f50b23,"(16, 16, 17)",uint8
train,Benign,BreaDM-Be-1823,train/Benign/BreaDM-Be-1823/p-045.npy,e626cecc482c65cb38ef6556d9d050df15f3a44c716c723f27691a392ba4159d,"(16, 16, 17)",uint8
train,Benign,BreaDM-Be-1824,train/Benign/BreaDM-Be-1824/p-022.npy,d73400a2632b2e004d5a2cf119276c7c1cd0f6f4114a0ed96f5f28d7d1505ed8,"(16, 13, 17)",uint8
train,Benign,BreaDM-Be-1824,train/Benign/BreaDM-Be-1824/p-023.npy,a86f70a186a10ca59fdcdab0686ca96395242d3cd85644ee065f6deff5c6cbbf,"(16, 13, 17)",uint8
train,Benign,BreaDM-Be-1824,train/Benign/BreaDM-Be-1824/p-024.npy,4835f739d9934218630fb63da741fbf37207b611eecbc0e151af0d2a89b8c27c,"(16, 13, 17)",uint8
train,Benign,BreaDM-Be-1824,train/Benign/BreaDM-Be-1824/p-025.npy,9fb776074abaa6900fca6a9488f9979085395af86d8d9cd8b3f33244d1a5f1fe,"(16, 13, 17)",uint8
train,Benign,BreaDM-Be-1825,train/Benign/BreaDM-Be-1825/p-041.npy,60a3de8e8a11ad33b7ee6ff45b89637a52d252b44088df406137ec46d44c9ac6,"(41, 24, 17)",uint8
train,Benign,BreaDM-Be-1825,train/Benign/BreaDM-Be-1825/p-042.npy,d2a7ebe698ae8aa5dd374ae7d4b34533a5b48fad36aebedfa14649170725077a,"(41, 24, 17)",uint8
train,Benign,BreaDM-Be-1827,train/Benign/BreaDM-Be-1827/p-031.npy,e980cf8592a49cc188c1c46dd7194552e043e8b26ca27067b186d012cdad8600,"(12, 14, 17)",uint8
train,Benign,BreaDM-Be-1827,train/Benign/BreaDM-Be-1827/p-032.npy,004447c9d8d0277886776a62d93f7b11ef87676a45bfde9709e40b0b724eb2b5,"(12, 14, 17)",uint8
train,Benign,BreaDM-Be-1827,train/Benign/BreaDM-Be-1827/p-033.npy,0b7ee2f77b1a43cdf1f517c99bfb58083b0453e6ff6da02fc84f8fac98a2ce6e,"(12, 14, 17)",uint8
train,Benign,BreaDM-Be-1827,train/Benign/BreaDM-Be-1827/p-034.npy,9c3d0991ffe545848d51cfd77b832462cfc5c36a51b9a403037b9094c5e0a100,"(12, 14, 17)",uint8
train,Benign,BreaDM-Be-1828,train/Benign/BreaDM-Be-1828/p-018.npy,a36711ef3fc45b3a3636bd516641304ff315243774b38a1d4f34fc8c7d0a4a62,"(14, 19, 17)",uint8
train,Benign,BreaDM-Be-1828,train/Benign/BreaDM-Be-1828/p-019.npy,6e0020600635199a0a6602d385f53b0ae4a64e1faf18240168d364354d61842c,"(14, 19, 17)",uint8
train,Benign,BreaDM-Be-1829,train/Benign/BreaDM-Be-1829/p-026.npy,a91bd801faf5fd2d98a3adaebe8bb67569ed98995253120b556ac2e200d6e3a6,"(14, 16, 17)",uint8
train,Benign,BreaDM-Be-1829,train/Benign/BreaDM-Be-1829/p-027.npy,099e35dea5f05d2e5437cc98036db40d7f6e7bd1882655f88ed1f8c5c245893d,"(14, 16, 17)",uint8
train,Benign,BreaDM-Be-1829,train/Benign/BreaDM-Be-1829/p-028.npy,ce029f792334b7c04fc4d70aee48d49e65a3c79502be0666d72f888a74f3156f,"(14, 16, 17)",uint8
train,Benign,BreaDM-Be-1829,train/Benign/BreaDM-Be-1829/p-029.npy,79d37911d401e2d7453ab7c3ef45ae6c737e8cb85c6a397e95e7fc1b4b973f2f,"(14, 16, 17)",uint8
train,Benign,BreaDM-Be-1830,train/Benign/BreaDM-Be-1830/p-033.npy,cc9e9d1f568955faa989ad540c5d2b0a366da46dbc84beca12e68dd7a89a2873,"(11, 13, 17)",uint8
train,Benign,BreaDM-Be-1830,train/Benign/BreaDM-Be-1830/p-034.npy,9d276a5aaa0b4b92fd857eddb9d505b8e268bf5a82fe446ee5a5026aaebdc141,"(11, 13, 17)",uint8
train,Benign,BreaDM-Be-1831,train/Benign/BreaDM-Be-1831/p-035.npy,e3b95a774067efd76b0e9e0b1427dcb43f63ba8300c9b8d464f06ac087aa4fc2,"(18, 16, 17)",uint8
train,Benign,BreaDM-Be-1831,train/Benign/BreaDM-Be-1831/p-036.npy,2b740e135afb18e22706f1347a65e61d057686ab5bc11758ee6afdf04f4a0196,"(18, 16, 17)",uint8
train,Benign,BreaDM-Be-1831,train/Benign/BreaDM-Be-1831/p-037.npy,d0298a74bfca172165502d5e0e93ab0a92b4980e0aa149353c8f50c0c483ff97,"(18, 16, 17)",uint8
train,Benign,BreaDM-Be-1831,train/Benign/BreaDM-Be-1831/p-038.npy,d23730847c7dcd901328d9c028ce1e4408d59eafa7ad5277976dec1bc3f2506c,"(18, 16, 17)",uint8
train,Benign,BreaDM-Be-1901,train/Benign/BreaDM-Be-1901/p-048.npy,b2e060bc5f33fbe5a54c1637b15a3d64e17e1e376b262fc544f83df3060eb357,"(13, 13, 17)",uint8
train,Benign,BreaDM-Be-1901,train/Benign/BreaDM-Be-1901/p-049.npy,c99f80c28f43f32391451d7afa270d87053d690d050bbe999a4965337fe04750,"(13, 13, 17)",uint8
train,Benign,BreaDM-Be-1901,train/Benign/BreaDM-Be-1901/p-050.npy,a5882e935bd1cb76770d80288119810c98a65d637adf099224655d9290203c3c,"(13, 13, 17)",uint8
train,Benign,BreaDM-Be-1902,train/Benign/BreaDM-Be-1902/p-026.npy,2453e21a031714814bc71675be8bb3d99a6d699aee5991b5fe25fc350d657d07,"(14, 14, 17)",uint8
train,Benign,BreaDM-Be-1902,train/Benign/BreaDM-Be-1902/p-027.npy,3c6b728a2210e85a4aebdfcfff26f2651001e426f9d4e8f88dd1e8f1697baa3c,"(14, 14, 17)",uint8
train,Benign,BreaDM-Be-1903,train/Benign/BreaDM-Be-1903/p-025.npy,59cf834a3d0fa62b743ae4b6e821c0514f940b5faaddcbb73d3e6f55571bd3d7,"(11, 11, 17)",uint8
train,Benign,BreaDM-Be-1903,train/Benign/BreaDM-Be-1903/p-026.npy,23edf2a03814cf208458c9b7b06ef66c6b93574dad08279002cb6fd21515e154,"(11, 11, 17)",uint8
train,Benign,BreaDM-Be-1903,train/Benign/BreaDM-Be-1903/p-027.npy,5c70ba53ec274556ad97799f9e7f1aa9e9e8982bbc3d36bf9f72fbb5704cd241,"(11, 11, 17)",uint8
train,Benign,BreaDM-Be-1904,train/Benign/BreaDM-Be-1904/p-033.npy,070400136d28828352ebc861e0639a73fa94b2923a04f38d6c254eb49bbe688e,"(19, 16, 17)",uint8
train,Benign,BreaDM-Be-1904,train/Benign/BreaDM-Be-1904/p-034.npy,e925ee618033cfc2f74c49f38a150e09bfc178d9076fb7405a626d8556913289,"(19, 16, 17)",uint8
train,Benign,BreaDM-Be-1904,train/Benign/BreaDM-Be-1904/p-035.npy,74087a80921bab944d96d7d73b5ab12e5f976bb83310d76b86b7f8e809fa26b9,"(19, 16, 17)",uint8
train,Benign,BreaDM-Be-1908,train/Benign/BreaDM-Be-1908/p-031.npy,26faf8c73b342bdafdea59645e023610203516c4fa8651f70fdaefa486d296de,"(15, 15, 17)",uint8
train,Benign,BreaDM-Be-1908,train/Benign/BreaDM-Be-1908/p-032.npy,c4c03aabd4fda79742715e728cc1e099a89bc529f080910c1a1d20a95fc635b8,"(15, 15, 17)",uint8
train,Benign,BreaDM-Be-1908,train/Benign/BreaDM-Be-1908/p-033.npy,5b6ad77b01004a9eb86fd9d515675902b201fe1e60a3d3f7cc6f49e826004e86,"(15, 15, 17)",uint8
train,Benign,BreaDM-Be-1908,train/Benign/BreaDM-Be-1908/p-034.npy,8594cca906b146cd950715b15eac8876abeeee905581f77a538cb080807d9b19,"(15, 15, 17)",uint8
train,Benign,BreaDM-Be-1910,train/Benign/BreaDM-Be-1910/p-018.npy,0a8608a245f1e04a1e840150c8be9899e9531a9cb07437dc93ec67b3fdf1c870,"(26, 24, 17)",uint8
train,Benign,BreaDM-Be-1910,train/Benign/BreaDM-Be-1910/p-019.npy,194db41c60eff275461b2c774d17145c211d7ab07b1515eb3169ca0aac7e43f2,"(26, 24, 17)",uint8
train,Benign,BreaDM-Be-1910,train/Benign/BreaDM-Be-1910/p-020.npy,457f7e07ea85bc2e01ce2e39f65fb942234053ed86dd6429fe797ec36f2f6399,"(26, 24, 17)",uint8
train,Benign,BreaDM-Be-1910,train/Benign/BreaDM-Be-1910/p-021.npy,5337cdda37e85f05e9f4c674bde05ecbbdabca9a766cf9d750d53c80e7be6af3,"(26, 24, 17)",uint8
train,Benign,BreaDM-Be-1910,train/Benign/BreaDM-Be-1910/p-022.npy,8c942329dc4e69c979ee16164514b575906d07778b45be19d8ec8507b8ab513e,"(26, 24, 17)",uint8
train,Benign,BreaDM-Be-1910,train/Benign/BreaDM-Be-1910/p-023.npy,05fe1dcbd81f34d95424ed78eb73143df730c06b42f53e5a4b2f635541ec8e7a,"(26, 24, 17)",uint8
train,Benign,BreaDM-Be-1910,train/Benign/BreaDM-Be-1910/p-024.npy,d8f2ce3f2a6b40b19a827aaad0c1575529a183ced61b0b19eaf3c1972ce91d21,"(26, 24, 17)",uint8
train,Benign,BreaDM-Be-1910,train/Benign/BreaDM-Be-1910/p-025.npy,d06a0229f7ff8e1f8e4d957aaccc8171769d6da99dcdc33523458bc7f6fe06bc,"(26, 24, 17)",uint8
train,Benign,BreaDM-Be-1910,train/Benign/BreaDM-Be-1910/p-026.npy,31a1ba96692118b135ce34e9ab0e3177a41d1d34305df535fce016a0b8910a5e,"(26, 24, 17)",uint8
train,Benign,BreaDM-Be-1910,train/Benign/BreaDM-Be-1910/p-027.npy,5efeb9ef9d60e06cec2615f2f51fd329058afbcb1179acc5b4ab9315ec23aeda,"(26, 24, 17)",uint8
train,Benign,BreaDM-Be-1910,train/Benign/BreaDM-Be-1910/p-028.npy,a7610fd7365a41d8f6cb867e0d749fde86fec8e22589084d861ab1c5bac49d84,"(26, 24, 17)",uint8
train,Benign,BreaDM-Be-1910,train/Benign/BreaDM-Be-1910/p-029.npy,5bf9c3cdf28c86606796520d288850620e1b70020a8883df6bba5cf7bb40a4dd,"(26, 24, 17)",uint8
train,Benign,BreaDM-Be-1911,train/Benign/BreaDM-Be-1911/p-018.npy,8267f24f374ef4e1746b4123d1981848a5b0076e854e59c1c2b172a7b095d1da,"(15, 13, 17)",uint8
train,Benign,BreaDM-Be-1911,train/Benign/BreaDM-Be-1911/p-019.npy,7e662378874affb62586eae17dcb6c96631fc49ce61cd6de9d5da5d41a9ffdb7,"(15, 13, 17)",uint8
train,Benign,BreaDM-Be-1911,train/Benign/BreaDM-Be-1911/p-020.npy,0ac3e6df65d29c66d4951dac3621370dcf477fcf341de753ae4eb604d4d3e2e4,"(15, 13, 17)",uint8
train,Benign,BreaDM-Be-1911,train/Benign/BreaDM-Be-1911/p-021.npy,4c6e761d83f7be3a71470f0f73099a95f62eb64189c7849946638f3871d382ea,"(15, 13, 17)",uint8
train,Benign,BreaDM-Be-1912,train/Benign/BreaDM-Be-1912/p-033.npy,ddeb9e655db580b133d88bb3dd917e5156b8e4221bb2ebacd0db09c92b6d7797,"(24, 21, 17)",uint8
train,Benign,BreaDM-Be-1912,train/Benign/BreaDM-Be-1912/p-034.npy,1aa974910712b84ef084f5a732c9cab66ca48358fe64c7235c431dcb31432bd3,"(24, 21, 17)",uint8
train,Benign,BreaDM-Be-1912,train/Benign/BreaDM-Be-1912/p-035.npy,0ec6d24010b43ead608fafe5d2879e853b14b80ca656c0fc9e47dd500b2eb2a5,"(24, 21, 17)",uint8
train,Benign,BreaDM-Be-1912,train/Benign/BreaDM-Be-1912/p-036.npy,eee774633f4165f193e796e0a5a3795c3801f73b17b6340b3d22d72d2e76a028,"(24, 21, 17)",uint8
train,Benign,BreaDM-Be-1912,train/Benign/BreaDM-Be-1912/p-037.npy,0d04dfb66943ed81397bb9a6ae78c1fd9e645bf38abb0219c7314a21008a0318,"(24, 21, 17)",uint8
train,Benign,BreaDM-Be-1912,train/Benign/BreaDM-Be-1912/p-038.npy,73ff9624edbec1f29f797ad8d6f720ab41afda031d1a91c742ce2eb17bb23922,"(24, 21, 17)",uint8
train,Benign,BreaDM-Be-1913,train/Benign/BreaDM-Be-1913/p-040.npy,919eed130a3b5623a71edd474d251a3c39e6e2840851d844c331948f7d6f70cf,"(22, 19, 17)",uint8
train,Benign,BreaDM-Be-1913,train/Benign/BreaDM-Be-1913/p-041.npy,f517f36462c6c3cea84d63fe997e4247cb4b9f0862b77bb8f7d4b748a8bb3b70,"(22, 19, 17)",uint8
train,Benign,BreaDM-Be-1913,train/Benign/BreaDM-Be-1913/p-042.npy,52068aa761a6a6eed08ccf513524a5ada326f673a39a115715fa71a3f1d4856d,"(22, 19, 17)",uint8
train,Benign,BreaDM-Be-1913,train/Benign/BreaDM-Be-1913/p-043.npy,f1ebdca7fb6a873931513e3c937dce7056d793d7eb40890bd9269dde1a3ef7c5,"(22, 19, 17)",uint8
train,Benign,BreaDM-Be-1913,train/Benign/BreaDM-Be-1913/p-044.npy,8f3af3b221cc52cadc46ae539ae05aee517c3a8664765629888b960342604024,"(22, 19, 17)",uint8
train,Benign,BreaDM-Be-1915,train/Benign/BreaDM-Be-1915/p-022.npy,df291be0ba17743b5a6d4f49a5de104353e69e3975366566f756288639f032c2,"(14, 15, 17)",uint8
train,Benign,BreaDM-Be-1915,train/Benign/BreaDM-Be-1915/p-023.npy,aef46bfc23c7b808819e62125ea89bcabd1c415fd061b6f483aaa01886b65ec6,"(14, 15, 17)",uint8
train,Benign,BreaDM-Be-1915,train/Benign/BreaDM-Be-1915/p-024.npy,d41a14a771df004b5c1131c3a2d4c3a9a618cc0218531de4191b943f2046bc36,"(14, 15, 17)",uint8
train,Benign,BreaDM-Be-2003,train/Benign/BreaDM-Be-2003/p-029.npy,43a4a22571cfb984f30e6fd9741ee83eccd6218ab214df80cd279e0bda04c403,"(11, 13, 17)",uint8
train,Benign,BreaDM-Be-2003,train/Benign/BreaDM-Be-2003/p-030.npy,0b11035e5c9e1f9ac54b0cf28f8743ec7c1a8b9151c0b8834997fecbea6d2bf3,"(11, 13, 17)",uint8
train,Benign,BreaDM-Be-2003,train/Benign/BreaDM-Be-2003/p-031.npy,e520fd5f4d7ccc93eb968d0b5b4776a1ce190de486ecc4446f2ba0c318d9f681,"(11, 13, 17)",uint8
train,Benign,BreaDM-Be-2004,train/Benign/BreaDM-Be-2004/p-038.npy,28add41e1a0e08a70bcac91b716050833818564afa02d3280e51d8bf393997bf,"(29, 29, 17)",uint8
train,Benign,BreaDM-Be-2004,train/Benign/BreaDM-Be-2004/p-039.npy,30119b77d5a827fe139928800cc89e0f3629dae77daa453046ee44e2734d0713,"(29, 29, 17)",uint8
train,Benign,BreaDM-Be-2004,train/Benign/BreaDM-Be-2004/p-040.npy,3199c5cd51a9ace118ed419a08c90003747fa5c9dfea57cc0e19a742d72bcaf3,"(29, 29, 17)",uint8
train,Benign,BreaDM-Be-2004,train/Benign/BreaDM-Be-2004/p-041.npy,f3fbdf0940c4776cee85353e0c8aa00b9394f284e2b1e97cd95fde98a46d8e14,"(29, 29, 17)",uint8
train,Benign,BreaDM-Be-2004,train/Benign/BreaDM-Be-2004/p-042.npy,928300c529a3af1a35d3bbbfa67f84e1300f97c8044fd88a964f881e2a3dd014,"(29, 29, 17)",uint8
train,Benign,BreaDM-Be-2004,train/Benign/BreaDM-Be-2004/p-043.npy,8da0e1a287df8f80ee6565947de00223b93d5638c25041dee98aa4de1ddbc7ae,"(29, 29, 17)",uint8
train,Benign,BreaDM-Be-2006,train/Benign/BreaDM-Be-2006/p-054.npy,143c0f4f723dda320a3c9b9115a18d2cb35fb250dcf7bcc7e0c7bbaa2ab73660,"(32, 24, 17)",uint8
train,Benign,BreaDM-Be-2006,train/Benign/BreaDM-Be-2006/p-055.npy,6a85a7c15f1fed436cfde16abbd4996f0309d7c7366a6504b560fdf48e797cf7,"(32, 24, 17)",uint8
train,Benign,BreaDM-Be-2006,train/Benign/BreaDM-Be-2006/p-056.npy,48c6fc596c7826b824d36579ed1e9cfed3722ccb1b08b6f837b803aa0fe219e6,"(32, 24, 17)",uint8
train,Benign,BreaDM-Be-2006,train/Benign/BreaDM-Be-2006/p-057.npy,6aff984bd06669b3dd4300cab799f0854dd827948f56318c43792e73a135ca50,"(32, 24, 17)",uint8
train,Benign,BreaDM-Be-2006,train/Benign/BreaDM-Be-2006/p-058.npy,61673848e068c12d30d2e6bdff84d66b702435a7f898ea5ffd7495f9477825d6,"(32, 24, 17)",uint8
train,Benign,BreaDM-Be-2006,train/Benign/BreaDM-Be-2006/p-059.npy,cdb4f4d453909ab67643709764a16fdb5ee38509e9d8c6c8015a0d782982bba2,"(32, 24, 17)",uint8
train,Benign,BreaDM-Be-2006,train/Benign/BreaDM-Be-2006/p-060.npy,9801f415f4c33aadd80ff4649ad125d28bd938ee4e849949bf6f3bab6b9ceae0,"(32, 24, 17)",uint8
train,Benign,BreaDM-Be-2006,train/Benign/BreaDM-Be-2006/p-061.npy,367ca883b53e18a01c471612185662a4519cb0fdb9547e910f8a0bd46ab32d76,"(32, 24, 17)",uint8
train,Benign,BreaDM-Be-2006,train/Benign/BreaDM-Be-2006/p-062.npy,6d2a60f6082c87447280cc67e535704db85be0b5ef7fcc1e5d601076481de1a7,"(32, 24, 17)",uint8
train,Benign,BreaDM-Be-2006,train/Benign/BreaDM-Be-2006/p-063.npy,da301151fd39cf63529eef8e3b5142f9823e33d6496b1dc2998bf4f95cc66cd7,"(32, 24, 17)",uint8
train,Benign,BreaDM-Be-2006,train/Benign/BreaDM-Be-2006/p-064.npy,21d305ca73454066e5148185980295c6c1efa2e69279b271e07d8fe856a6a6d8,"(32, 24, 17)",uint8
train,Benign,BreaDM-Be-2006,train/Benign/BreaDM-Be-2006/p-065.npy,ffce1121145b6ef53f0231e8b9f1ed7fd84745b376d1281971be8765a2ef8aab,"(32, 24, 17)",uint8
train,Benign,BreaDM-Be-2006,train/Benign/BreaDM-Be-2006/p-066.npy,c596d9e9d5aa585b787b2d70ea9d0c1c4ea8c55ea5fa5be45e6d413d02e3f33f,"(32, 24, 17)",uint8
train,Benign,BreaDM-Be-2006,train/Benign/BreaDM-Be-2006/p-067.npy,27627e40c55a6eee9ce05ee65b808b265f6bc39b4d4323ba93b9c82bb4b1f9af,"(32, 24, 17)",uint8
train,Benign,BreaDM-Be-2006,train/Benign/BreaDM-Be-2006/p-068.npy,11dd9704227ae782110dca25e59cb3ef5ff5b79e12b7cf433f7f29b1c397dbde,"(32, 24, 17)",uint8
train,Benign,BreaDM-Be-2006,train/Benign/BreaDM-Be-2006/p-069.npy,18014d1267e0b63525bb707f81b14c5538aeb71ef12501ffc5dffd9620e37ae0,"(32, 24, 17)",uint8
train,Benign,BreaDM-Be-2007,train/Benign/BreaDM-Be-2007/p-086.npy,a0ced41991c42d1a65915df7f362dea4b86938db0a451c1b35ea8221b81a4042,"(14, 17, 17)",uint8
train,Benign,BreaDM-Be-2007,train/Benign/BreaDM-Be-2007/p-087.npy,1378ba29d33dbbe7db583ff793454fca0e2ce65632a8268421eac38070a09ed3,"(14, 17, 17)",uint8
train,Benign,BreaDM-Be-2007,train/Benign/BreaDM-Be-2007/p-088.npy,fe08d737401662fb9a6e5b6d708f1cf411fdd576933d2b6bfb52c29dce3b43c8,"(14, 17, 17)",uint8
train,Benign,BreaDM-Be-2007,train/Benign/BreaDM-Be-2007/p-089.npy,cae7a039d98f9e2eba8c8810178e2646d9fdb4596aea61a60cf792c3a10fd9e5,"(14, 17, 17)",uint8
train,Benign,BreaDM-Be-2007,train/Benign/BreaDM-Be-2007/p-090.npy,806d513d7917bb195d129a36f0104bf7487ae667ac87f3d9b49d71a3268cd253,"(14, 17, 17)",uint8
train,Benign,BreaDM-Be-2007,train/Benign/BreaDM-Be-2007/p-091.npy,0f297f410689f1772f889c72c331a44f74ebb74aa5736484df99056bea265fa8,"(14, 17, 17)",uint8
train,Benign,BreaDM-Be-2008,train/Benign/BreaDM-Be-2008/p-069.npy,bede24492c5b028ec52232b72a2ed4986453f8fa09104e534b4c26526cb90dd3,"(13, 16, 17)",uint8
train,Benign,BreaDM-Be-2008,train/Benign/BreaDM-Be-2008/p-070.npy,c4785817aa392fd98c1c7195eae70d1013e638f08330ec446728eb06895c145e,"(13, 16, 17)",uint8
train,Benign,BreaDM-Be-2008,train/Benign/BreaDM-Be-2008/p-071.npy,9ed7ed01c3836d9ec661f413582dbd4175b13b201ef73c799fad6b59c651c626,"(13, 16, 17)",uint8
train,Benign,BreaDM-Be-2008,train/Benign/BreaDM-Be-2008/p-072.npy,7e092e109b5b85cbf24140231aec5685db46af76c8b13664757143cb12adbd06,"(13, 16, 17)",uint8
train,Benign,BreaDM-Be-2008,train/Benign/BreaDM-Be-2008/p-073.npy,d0e30be223fdb2cbe2b6360bdf6d17626e02cdbdc1d99ecf1b9a9cbfa17e7b00,"(13, 16, 17)",uint8
train,Benign,BreaDM-Be-2008,train/Benign/BreaDM-Be-2008/p-074.npy,808c6f97592c2276d1b0ae68d580bfbd4939bc131030de2c18c6ccdec9306e9a,"(13, 16, 17)",uint8
train,Benign,BreaDM-Be-2008,train/Benign/BreaDM-Be-2008/p-075.npy,be3450e805f5c9cfcb46d20dbab35457d16a034a9cf4c53d63b2926f684309ec,"(13, 16, 17)",uint8
train,Benign,BreaDM-Be-2009,train/Benign/BreaDM-Be-2009/p-025.npy,ccb16af08b8f03e69cfe1709150eeffe1183c907298025a0880aea9507221f66,"(11, 13, 17)",uint8
train,Benign,BreaDM-Be-2009,train/Benign/BreaDM-Be-2009/p-026.npy,093a3993b030a0e9a056c1c08c962eec47bd7f8aa9289353218f9c5d5110b634,"(11, 13, 17)",uint8
train,Benign,BreaDM-Be-2010,train/Benign/BreaDM-Be-2010/p-051.npy,c525115b57b7f2abeec0895325ead44b532f1c6ffda547f268713330fd443840,"(15, 17, 17)",uint8
train,Benign,BreaDM-Be-2010,train/Benign/BreaDM-Be-2010/p-052.npy,5a630acf9dfebbd7f5e27f36b4711e61ec2473ce6fdf05301fef8b0228e93bf7,"(15, 17, 17)",uint8
train,Benign,BreaDM-Be-2010,train/Benign/BreaDM-Be-2010/p-053.npy,9e7e1440ec87a3270c3ed14cb43a4451ddaee80306f7499c2db0a7e7ed291ae7,"(15, 17, 17)",uint8
train,Benign,BreaDM-Be-2010,train/Benign/BreaDM-Be-2010/p-054.npy,bfc7ea960d3f243382607d3c367ed1c544162ac62334f3dc93baa05bb3573d47,"(15, 17, 17)",uint8
train,Benign,BreaDM-Be-2010,train/Benign/BreaDM-Be-2010/p-055.npy,53d3ae73d4ec467eaf22876b613ceabbdaf702d6dc7417ef20455be0a819ac42,"(15, 17, 17)",uint8
train,Benign,BreaDM-Be-2010,train/Benign/BreaDM-Be-2010/p-056.npy,a1d6b35f68dedb83beffbcf504d43b4587d58df4c56675489d3301d51c5a5b68,"(15, 17, 17)",uint8
train,Benign,BreaDM-Be-2011,train/Benign/BreaDM-Be-2011/p-033.npy,8875ad33c55abfab5e3e7935794b3ef7662001316a184daface1936745777fae,"(19, 19, 17)",uint8
train,Benign,BreaDM-Be-2011,train/Benign/BreaDM-Be-2011/p-034.npy,1308ff2f73950b67e593e112523f179c2fad4fc93ac6ca593390d51f0034f2fb,"(19, 19, 17)",uint8
train,Benign,BreaDM-Be-2011,train/Benign/BreaDM-Be-2011/p-035.npy,667968d9030c29381ac483c3c9b11ef8a59e70ae80e8867a398d9c6b105ac9a5,"(19, 19, 17)",uint8
train,Benign,BreaDM-Be-2011,train/Benign/BreaDM-Be-2011/p-036.npy,ecfb128108a9cfa03e8b177659dea2d95e9a51bafb8a7c6dca9474b1e5667380,"(19, 19, 17)",uint8
train,Benign,BreaDM-Be-2011,train/Benign/BreaDM-Be-2011/p-037.npy,94c7ee434ee2b25c20470826dacca2c17a016e633586455cbb5dc230ba70e3b4,"(19, 19, 17)",uint8
train,Benign,BreaDM-Be-2011,train/Benign/BreaDM-Be-2011/p-038.npy,9a784556df1310052bad815f089565245d624482cc204670be7330859eea1dcf,"(19, 19, 17)",uint8
train,Benign,BreaDM-Be-2012,train/Benign/BreaDM-Be-2012/p-037.npy,fc5c73f73296920e46170b4553bdf3de365ea4279001feae1864355f02fb9226,"(14, 15, 17)",uint8
train,Benign,BreaDM-Be-2012,train/Benign/BreaDM-Be-2012/p-038.npy,5915a1bd7551f64d621f8edb1ff9efb86f619374449a6b9346e13b533167f61f,"(14, 15, 17)",uint8
train,Benign,BreaDM-Be-2012,train/Benign/BreaDM-Be-2012/p-039.npy,9491adc2dc6daaedef5aa5ea9cc8a1e14d0ebfc8090291b55c6998ae5c67930c,"(14, 15, 17)",uint8
train,Benign,BreaDM-Be-2012,train/Benign/BreaDM-Be-2012/p-040.npy,b4741bc4be5d6c41350bcbcb806d5c08b8bf4620e47fe35bdb98bebd65724238,"(14, 15, 17)",uint8
train,Benign,BreaDM-Be-2012,train/Benign/BreaDM-Be-2012/p-041.npy,d16765e5c0e71db38cf507662b2c1a9849358eea7382ae0e8864b1258e050d08,"(14, 15, 17)",uint8
train,Benign,BreaDM-Be-2014,train/Benign/BreaDM-Be-2014/p-065.npy,f5412226eccd45ffc1ad3a6b73acad50fe29815ca767d71aaca2ae81c3ae4010,"(13, 10, 17)",uint8
train,Benign,BreaDM-Be-2014,train/Benign/BreaDM-Be-2014/p-066.npy,d34f8dd2685ffd625d3a2f510d5aea77ee35dc8e3ec67087f94d363a16e845d3,"(13, 10, 17)",uint8
train,Benign,BreaDM-Be-2014,train/Benign/BreaDM-Be-2014/p-067.npy,6f5a641fbf14e19f939192cf1cbb7979236345e5df8adb746a506a8917041e7a,"(13, 10, 17)",uint8
train,Benign,BreaDM-Be-2014,train/Benign/BreaDM-Be-2014/p-068.npy,d5e192889fc7d79347402821e0657fec9f299df3a19b8b47bd60c4738358eb3a,"(13, 10, 17)",uint8
train,Benign,BreaDM-Be-2014,train/Benign/BreaDM-Be-2014/p-069.npy,e5d250adf90ae9ad3e9b02729ea52b66d731e9c320d04eed4c5de53c0bc7d081,"(13, 10, 17)",uint8
train,Benign,BreaDM-Be-2015,train/Benign/BreaDM-Be-2015/p-050.npy,68f88d65aa25baf7513db3b807aea37cb62613c7f27dd93caa1b671c2213d59d,"(15, 15, 17)",uint8
train,Benign,BreaDM-Be-2015,train/Benign/BreaDM-Be-2015/p-051.npy,c18c39cbac93b0ac17c5a774beeb41525793dc5b109bff0fa24c7bd4d63edfab,"(15, 15, 17)",uint8
train,Benign,BreaDM-Be-2015,train/Benign/BreaDM-Be-2015/p-052.npy,9b950281d8fa9b659b8feeb059e429679d848126722798bcad739a4912ef198e,"(15, 15, 17)",uint8
train,Benign,BreaDM-Be-2016,train/Benign/BreaDM-Be-2016/p-077.npy,cc4fe9b84ba3f5d1ae0b570e939532b80b56533f87f96676a6ea5e0027f5438d,"(12, 13, 17)",uint8
train,Benign,BreaDM-Be-2016,train/Benign/BreaDM-Be-2016/p-078.npy,94c901407b13c535f2ae49637634bd82d9da48351f359139b30e1ea8132e05f0,"(12, 13, 17)",uint8
train,Benign,BreaDM-Be-2016,train/Benign/BreaDM-Be-2016/p-079.npy,5ed04ef6b294453ff8f7ff2edaf79b321a7b15d1f2252e23c75ff37504c28528,"(12, 13, 17)",uint8
train,Benign,BreaDM-Be-2016,train/Benign/BreaDM-Be-2016/p-080.npy,5dfd3922fdc9dab15ff5aa5b34224ac1df8b6aa95d90b9bc867a35f2c73563be,"(12, 13, 17)",uint8
train,Benign,BreaDM-Be-2016,train/Benign/BreaDM-Be-2016/p-081.npy,2715059b0067ccad072c986288152b5a01b59ca5a96777d86b7c692782b92543,"(12, 13, 17)",uint8
train,Benign,BreaDM-Be-2017,train/Benign/BreaDM-Be-2017/p-030.npy,725cc07f2ba7d5fa05d189d1f608a06f8c92bbd6d23a813d70be78ea5c0232dc,"(19, 15, 17)",uint8
train,Benign,BreaDM-Be-2017,train/Benign/BreaDM-Be-2017/p-031.npy,b5380422c065d6290903fcdeb981583dab30c48da6712e4c1a95e264675b6e2c,"(19, 15, 17)",uint8
train,Benign,BreaDM-Be-2017,train/Benign/BreaDM-Be-2017/p-032.npy,604a16d1844ad5f7c632f8d2239d1d70bc997863c4b5dce163e3413832eff35b,"(19, 15, 17)",uint8
train,Benign,BreaDM-Be-2017,train/Benign/BreaDM-Be-2017/p-033.npy,45e8726b88c566a05f142d6bc916d61ddd61b16e10496969602fdbd0f18bc0f1,"(19, 15, 17)",uint8
train,Benign,BreaDM-Be-2018,train/Benign/BreaDM-Be-2018/p-053.npy,ec765ba87fefa8ee6df05e087bf3df6b05d3ad20b1c5bfd4f7d2f700a387f56d,"(12, 13, 17)",uint8
train,Benign,BreaDM-Be-2018,train/Benign/BreaDM-Be-2018/p-054.npy,ea178d36c90b40322f58674dd30b7e766881a6d28c815530cc1f6733262c2c9f,"(12, 13, 17)",uint8
train,Benign,BreaDM-Be-2018,train/Benign/BreaDM-Be-2018/p-055.npy,a07c73b4b3f9422d8a61a297d7e5d3a5ff1ab2b7df52b3fb1d71829d4c3d4218,"(12, 13, 17)",uint8
train,Benign,BreaDM-Be-2018,train/Benign/BreaDM-Be-2018/p-056.npy,033518c79b6b945ef20db2877f297b4264be85901b8b4809618a637f0b7c8a79,"(12, 13, 17)",uint8
train,Benign,BreaDM-Be-2021,train/Benign/BreaDM-Be-2021/p-075.npy,a8e1189e143ab0c55021467017b54b272be5df2c9039fbe9d79542dbfaaa6475,"(7, 9, 17)",uint8
train,Benign,BreaDM-Be-2021,train/Benign/BreaDM-Be-2021/p-076.npy,e99f07ecbc5c76e87dbafa9c11b24994d74d1c9ca2e2b94dca26421e4616e8da,"(7, 9, 17)",uint8
train,Benign,BreaDM-Be-2021,train/Benign/BreaDM-Be-2021/p-077.npy,aa3f25787233c72033f83d843d76ceb8f6aece931e989459403af6f402790161,"(7, 9, 17)",uint8
train,Benign,BreaDM-Be-2023,train/Benign/BreaDM-Be-2023/p-065.npy,d73debb4a578eff74d86bdddf374fae316990ff538e05cee26cdac2feaa349cd,"(12, 14, 17)",uint8
train,Benign,BreaDM-Be-2023,train/Benign/BreaDM-Be-2023/p-066.npy,7c2794de0dad1c1ed8fc47f40c33843c694e45c5086aac781e7ff8f175507a07,"(12, 14, 17)",uint8
train,Benign,BreaDM-Be-2023,train/Benign/BreaDM-Be-2023/p-067.npy,d5fd66196dae6ae3fb15ae7c796209c5970758238ea6e31cfdc045fbe4e88d86,"(12, 14, 17)",uint8
train,Benign,BreaDM-Be-2023,train/Benign/BreaDM-Be-2023/p-068.npy,62d1c6115ebd217e7a3092487d62111f2c2d202ec706186fc85965dadd96ebb8,"(12, 14, 17)",uint8
train,Benign,BreaDM-Be-2023,train/Benign/BreaDM-Be-2023/p-069.npy,68e361dc2096709769664905fe319d041601943496f831994935d59bfd667d39,"(12, 14, 17)",uint8
train,Benign,BreaDM-Be-2101,train/Benign/BreaDM-Be-2101/p-035.npy,51f22747368ca60762465699152ce9b6e10d9b16cc624768da709d939a678317,"(15, 17, 17)",uint8
train,Benign,BreaDM-Be-2101,train/Benign/BreaDM-Be-2101/p-036.npy,18ab86faaf32a5f4fd6ec2f91a0bf5709432d0b219fa7141e7e28e24ac331e23,"(15, 17, 17)",uint8
train,Benign,BreaDM-Be-2101,train/Benign/BreaDM-Be-2101/p-037.npy,6b0b6e4687f3da7e72e3f08cf0b20e6a064bc456409849f0cfda852cdafd04e8,"(15, 17, 17)",uint8
train,Benign,BreaDM-Be-2101,train/Benign/BreaDM-Be-2101/p-038.npy,7085e8baad1789a75e2d2bd06d65093de46913f545926bef0560600d596cb0b0,"(15, 17, 17)",uint8
train,Benign,BreaDM-Be-2103,train/Benign/BreaDM-Be-2103/p-043.npy,21a7b2123c09d6ada582c5135d97224c18a2f541997b26cca978e563c9b54ed7,"(12, 12, 17)",uint8
train,Benign,BreaDM-Be-2103,train/Benign/BreaDM-Be-2103/p-044.npy,5d5a5413f060f18e6bbd58165b8ef0ca565172b5acb11a70d3362195291874c0,"(12, 12, 17)",uint8
train,Benign,BreaDM-Be-2103,train/Benign/BreaDM-Be-2103/p-045.npy,f4e2ed6fd365e32bb74bdfeef549739b51f42a33925edd339e8de63e11d1a259,"(12, 12, 17)",uint8
train,Benign,BreaDM-Be-2104,train/Benign/BreaDM-Be-2104/p-038.npy,f91f1403ee684915c84c228d6f680fb71ad10d2360431a2564a9be729fc5a530,"(43, 43, 17)",uint8
train,Benign,BreaDM-Be-2104,train/Benign/BreaDM-Be-2104/p-039.npy,53702e2b645b2d0421a4577f3ecb9aab541b44b76d37df011d1543d0f3186b8d,"(43, 43, 17)",uint8
train,Benign,BreaDM-Be-2104,train/Benign/BreaDM-Be-2104/p-040.npy,fb08b4d81cebc2a2a3e1eef13375dfa4f7431a0126976ae77619eb726d6957b5,"(43, 43, 17)",uint8
train,Benign,BreaDM-Be-2104,train/Benign/BreaDM-Be-2104/p-041.npy,ac79532045fe9ac9776256712249b60d70a710af87b74319c9ce33c519542ebf,"(43, 43, 17)",uint8
train,Benign,BreaDM-Be-2104,train/Benign/BreaDM-Be-2104/p-042.npy,36eca05bcee5fab8eaa8346c1f32d802db50c56441d3ebff9696a0d5afd7f27a,"(43, 43, 17)",uint8
train,Benign,BreaDM-Be-2104,train/Benign/BreaDM-Be-2104/p-043.npy,720c24d68b2dcdb43445ae1e64dbc5ec0f64dd7e267a230dc8e1a075e601261b,"(43, 43, 17)",uint8
train,Benign,BreaDM-Be-2104,train/Benign/BreaDM-Be-2104/p-044.npy,a65fba0c707d1bd65a7c3d8eecd5a074e5ba6285ec3faafb347a784609fa9255,"(43, 43, 17)",uint8
train,Benign,BreaDM-Be-2104,train/Benign/BreaDM-Be-2104/p-045.npy,09129c93a2693330e533b662d534d8baab23f14a3b8e9bf908eb0d548125aa5b,"(43, 43, 17)",uint8
train,Benign,BreaDM-Be-2104,train/Benign/BreaDM-Be-2104/p-046.npy,b5a483b4169c6abb32752d029423ac59d591c97c89d5dfc4c015f68dd889b831,"(43, 43, 17)",uint8
train,Benign,BreaDM-Be-2104,train/Benign/BreaDM-Be-2104/p-047.npy,d109b84e11c56cdc190693e3ebbe528854d1e6f55e3fc6a9de4b39cf39691033,"(43, 43, 17)",uint8
train,Benign,BreaDM-Be-2104,train/Benign/BreaDM-Be-2104/p-048.npy,52c93d79a6cac56452b9fbc784e568164ba674d4c1bd0e91a9b6010f559e562d,"(43, 43, 17)",uint8
train,Benign,BreaDM-Be-2104,train/Benign/BreaDM-Be-2104/p-049.npy,dc612e09b776f5a3b21cae1a0fde8ec0ac02c5f7e3f805152740f771eca4a949,"(43, 43, 17)",uint8
train,Benign,BreaDM-Be-2104,train/Benign/BreaDM-Be-2104/p-050.npy,e07b033c0e884c9ff99b2c2f39906412bc1aa89b6c854efca57308a986a1acd2,"(43, 43, 17)",uint8
train,Benign,BreaDM-Be-2104,train/Benign/BreaDM-Be-2104/p-051.npy,552e9cdd132c2de3681711c5816e3cf24ea6721befaf9963b52bc67f9ee749a8,"(43, 43, 17)",uint8
train,Benign,BreaDM-Be-2104,train/Benign/BreaDM-Be-2104/p-052.npy,81ba44e19d3d09b30a99581a85df33577f3ca1b9ce68364d73dd68b4858e4baa,"(43, 43, 17)",uint8
train,Benign,BreaDM-Be-2104,train/Benign/BreaDM-Be-2104/p-053.npy,bbf9317ed199e16d84cdb9c1fa3eb49f26795c0ed19d4b449985fd9d53b9ffee,"(43, 43, 17)",uint8
train,Benign,BreaDM-Be-2104,train/Benign/BreaDM-Be-2104/p-054.npy,57f81910aeb862a021d33743cbf6863242de210bd89b42829c655f6caf580b1e,"(43, 43, 17)",uint8
train,Benign,BreaDM-Be-2104,train/Benign/BreaDM-Be-2104/p-055.npy,b0bd3b30f99d022038aa7f61ad9a9ecef88d1c3d532c56e62011402e915ebf7b,"(43, 43, 17)",uint8
train,Benign,BreaDM-Be-2104,train/Benign/BreaDM-Be-2104/p-056.npy,95bc6d1012850bb4efb699d13f714cd3529b76511f5aa14918eff092d55428e2,"(43, 43, 17)",uint8
train,Benign,BreaDM-Be-2104,train/Benign/BreaDM-Be-2104/p-057.npy,ab3f3af1547f356217aac12d58cb767c8a968f2d687c5870e8c5ce860e3bbb5c,"(43, 43, 17)",uint8
train,Benign,BreaDM-Be-2106,train/Benign/BreaDM-Be-2106/p-057.npy,b10bcbb2ec5c4b4522b88a5f79f47dacfab794c4e7ba338f07f9d4273467b1e6,"(20, 31, 17)",uint8
train,Benign,BreaDM-Be-2106,train/Benign/BreaDM-Be-2106/p-058.npy,80a5952b2d83105cc22f8a5e06f22cafeabb1e3cb5e42f29626ecd333c037ffb,"(20, 31, 17)",uint8
train,Benign,BreaDM-Be-2106,train/Benign/BreaDM-Be-2106/p-059.npy,53aa901e1b5679f84e221390d942fb2a1b940757734a27b2ea7b08638938d740,"(20, 31, 17)",uint8
train,Benign,BreaDM-Be-2106,train/Benign/BreaDM-Be-2106/p-060.npy,4078374cb5a5be84e1e8ba2e645078272129af13e3ebb7c3c38eb8f3f7e0e2c3,"(20, 31, 17)",uint8
train,Benign,BreaDM-Be-2106,train/Benign/BreaDM-Be-2106/p-061.npy,e41ac4acf7347d2f87c29dd6680e4607e502cbc7978d26da5fccfd835663d0a8,"(20, 31, 17)",uint8
train,Benign,BreaDM-Be-2106,train/Benign/BreaDM-Be-2106/p-062.npy,bf275a68efed2db35babac206fdafe215afdb53ec77af45af9d3725b013418dd,"(20, 31, 17)",uint8
train,Benign,BreaDM-Be-2106,train/Benign/BreaDM-Be-2106/p-063.npy,377d915ec669ec6f096dad35644cb0a6b5b6a8eac82822ea28509debd890f1c5,"(20, 31, 17)",uint8
train,Benign,BreaDM-Be-2106,train/Benign/BreaDM-Be-2106/p-064.npy,066c114ad6819092377a11b3c8fe0de1dd6168ec338396b74f1a3760470d82d9,"(20, 31, 17)",uint8
train,Benign,BreaDM-Be-2107,train/Benign/BreaDM-Be-2107/p-039.npy,be94dc0876589bce6004574a3eae6d86a0af42f68ac0b5878d52045ec4cdc580,"(20, 15, 17)",uint8
train,Benign,BreaDM-Be-2107,train/Benign/BreaDM-Be-2107/p-040.npy,f85281aa074bfaf14a527ded204479c33377b26b4f964f1bc3e045a3201b4fa5,"(20, 15, 17)",uint8
train,Benign,BreaDM-Be-2107,train/Benign/BreaDM-Be-2107/p-041.npy,427ba6927afb203533a26ff84c3dee921a63db59319b1ddfd4dcb730b8fed88c,"(20, 15, 17)",uint8
train,Benign,BreaDM-Be-2108,train/Benign/BreaDM-Be-2108/p-021.npy,024fcdfae077023b5d516b675be2ec65da5e840f6f97d5810919e8ef2c8c39da,"(30, 21, 17)",uint8
train,Benign,BreaDM-Be-2108,train/Benign/BreaDM-Be-2108/p-022.npy,7383fa2008cb3499eef2506f04715ca869e3a3058d0d3476e1c5f62ff70829e2,"(30, 21, 17)",uint8
train,Benign,BreaDM-Be-2108,train/Benign/BreaDM-Be-2108/p-023.npy,14e4b1941f87343a057d03649d393549ec35e93d3a45813ed214d66ce1664ad6,"(30, 21, 17)",uint8
train,Benign,BreaDM-Be-2108,train/Benign/BreaDM-Be-2108/p-024.npy,82092a0857e8b0598476b5fc2762e5aa1735c5659497a09ae98d56b2933c6f7e,"(30, 21, 17)",uint8
train,Benign,BreaDM-Be-2109,train/Benign/BreaDM-Be-2109/p-035.npy,c52976e3b8cbfe1ae22d9f20f849f55b1074147cb45de59e5d1794a3948b7b89,"(32, 27, 17)",uint8
train,Benign,BreaDM-Be-2109,train/Benign/BreaDM-Be-2109/p-036.npy,5836019dd92455da278f154280e76e2bfaad41fc24121496380af6dd0130d2bc,"(32, 27, 17)",uint8
train,Benign,BreaDM-Be-2109,train/Benign/BreaDM-Be-2109/p-037.npy,35b95cbef9717833dee06d8167aac815030765550e3551564675cba258df686c,"(32, 27, 17)",uint8
train,Benign,BreaDM-Be-2109,train/Benign/BreaDM-Be-2109/p-038.npy,a82a7b0adc7f7dc087192594be0d51c44ee508ba6202f59cf5e3f82faac7fd93,"(32, 27, 17)",uint8
train,Benign,BreaDM-Be-2109,train/Benign/BreaDM-Be-2109/p-039.npy,d7dae0989b454a6f78c1d2145bc0afac4b27e6bc78a883d6a8c528293057e785,"(32, 27, 17)",uint8
train,Benign,BreaDM-Be-2114,train/Benign/BreaDM-Be-2114/p-013.npy,bcf85fbc60dfcc5ac4f001aa2ae739628c2632a200b5d5fda9b531bb6e20e70d,"(18, 23, 17)",uint8
train,Benign,BreaDM-Be-2114,train/Benign/BreaDM-Be-2114/p-014.npy,bf0b8b9239f04b0f7d9cdf8db004beb3236c2479cc092e9568358e0b790c14be,"(18, 23, 17)",uint8
train,Benign,BreaDM-Be-2114,train/Benign/BreaDM-Be-2114/p-015.npy,d3f3b5b0f388cd618e2244d1c3e57f9539c7fdf1ea67d511b8a0432afe3350e8,"(18, 23, 17)",uint8
train,Benign,BreaDM-Be-2114,train/Benign/BreaDM-Be-2114/p-016.npy,0299643704e9cd2651f3c8c3b3a3608cec57b097353ff9f10f89210f04360fd8,"(18, 23, 17)",uint8
train,Benign,BreaDM-Be-2114,train/Benign/BreaDM-Be-2114/p-017.npy,dce58d8ed32233a3da0eba3a7c9e267a75d624c192c3a5eb92a0ec952b187166,"(18, 23, 17)",uint8
train,Benign,BreaDM-Be-2115,train/Benign/BreaDM-Be-2115/p-066.npy,2d63dee60038661c3bf8e9ff118a7be400bc9e26e8c0980bc6702de7f049383f,"(13, 16, 17)",uint8
train,Benign,BreaDM-Be-2115,train/Benign/BreaDM-Be-2115/p-067.npy,59326ce98a4cb3e2b504bc9e6b444279e31f6888615dc63dc63f4766a43a7365,"(13, 16, 17)",uint8
train,Benign,BreaDM-Be-2115,train/Benign/BreaDM-Be-2115/p-068.npy,3c55fcaf83dd23ec1ead6a151a0f453bbd83ab25a0146de5d3b46ce7bfd8c73d,"(13, 16, 17)",uint8
train,Benign,BreaDM-Be-2115,train/Benign/BreaDM-Be-2115/p-069.npy,3e434fc56d58b5471b91dea378a3264c59ed58d5ba6167bb1dc99ec49914c0c1,"(13, 16, 17)",uint8
train,Benign,BreaDM-Be-2115,train/Benign/BreaDM-Be-2115/p-070.npy,a25a9151cfa175ee73aa23d65d83a4cda981b346c147d0c8ca03fbd8abd23530,"(13, 16, 17)",uint8
train,Benign,BreaDM-Be-2115,train/Benign/BreaDM-Be-2115/p-071.npy,745394c67b6483be76f4979ad0898e2579d43bcf54f172ae4abb84e446b2ea09,"(13, 16, 17)",uint8
train,Benign,BreaDM-Be-2116,train/Benign/BreaDM-Be-2116/p-031.npy,6277b1784eede74c4e8539827ee15f0002904de656b0ab568c8173fc99f740a1,"(13, 15, 17)",uint8
train,Benign,BreaDM-Be-2116,train/Benign/BreaDM-Be-2116/p-032.npy,741546adb4ac77783a0f4c66ebabf9c224d1fe05966031b6cf6b90fe5b97f26a,"(13, 15, 17)",uint8
train,Benign,BreaDM-Be-2116,train/Benign/BreaDM-Be-2116/p-033.npy,6954d29681e46dfe3de7214fccd0059b54ddaa70f21e717c00848a1408975e93,"(13, 15, 17)",uint8
train,Malignant,BreaDM-Ma-1802,train/Malignant/BreaDM-Ma-1802/p-035.npy,fa1b0b951c3a854ac28006ca3e4a741b1d28c3a59b8db250b44afb4205fe7245,"(39, 42, 17)",uint8
train,Malignant,BreaDM-Ma-1802,train/Malignant/BreaDM-Ma-1802/p-036.npy,118d00b77f916b63de012629487f229893bddb6f9ea6a85a8c0a40456da6eb8b,"(39, 42, 17)",uint8
train,Malignant,BreaDM-Ma-1802,train/Malignant/BreaDM-Ma-1802/p-037.npy,58cbaae1cfebcf79d5ca4630ec8ef4b1bf0ecb9e7798adabc5e9b1f31567edc9,"(39, 42, 17)",uint8
train,Malignant,BreaDM-Ma-1802,train/Malignant/BreaDM-Ma-1802/p-038.npy,5261ac1e188bc3b0aaec446850064e357786c673bebd269b53d2e77f5895aa40,"(39, 42, 17)",uint8
train,Malignant,BreaDM-Ma-1802,train/Malignant/BreaDM-Ma-1802/p-039.npy,f345a9d2e57358a351251cb3ed4aa57fb8d9d5c20bbd3861b69810a2207707fb,"(39, 42, 17)",uint8
train,Malignant,BreaDM-Ma-1802,train/Malignant/BreaDM-Ma-1802/p-040.npy,27de8eb6c621684ad933703a39dc49b9d95cba5c963a7d5fcb369c85419ff5ef,"(39, 42, 17)",uint8
train,Malignant,BreaDM-Ma-1802,train/Malignant/BreaDM-Ma-1802/p-041.npy,0cab1f384ede35cc9f708074c4b87621062a45d22fcdeadc485e0b9449aa7843,"(39, 42, 17)",uint8
train,Malignant,BreaDM-Ma-1802,train/Malignant/BreaDM-Ma-1802/p-042.npy,5210ac392f78b63dfdc7e07316b103ed559b2890327a53529f88de4f560662b3,"(39, 42, 17)",uint8
train,Malignant,BreaDM-Ma-1802,train/Malignant/BreaDM-Ma-1802/p-043.npy,6418e52d6774d51a39100df32d1956fea27e9dfbd94f29d035f050701bfc5393,"(39, 42, 17)",uint8
train,Malignant,BreaDM-Ma-1802,train/Malignant/BreaDM-Ma-1802/p-044.npy,f1370f8cc46dd06b3ece03d949e094dcdc4aa6da52d182cc9e9f1b98dc838a2c,"(39, 42, 17)",uint8
train,Malignant,BreaDM-Ma-1802,train/Malignant/BreaDM-Ma-1802/p-045.npy,2b4cc9b5312a811fe2606eedd822120cdceb158a9272b0a27a98b26ee14733d3,"(39, 42, 17)",uint8
train,Malignant,BreaDM-Ma-1802,train/Malignant/BreaDM-Ma-1802/p-046.npy,0d28bb96b083408bfd570daf3e82977bf758cc827852f76cde5c1f83a60ab5ce,"(39, 42, 17)",uint8
train,Malignant,BreaDM-Ma-1802,train/Malignant/BreaDM-Ma-1802/p-047.npy,e216ad8f27f862112251d4aca7861145c2d39c4c859ab436041e32ab1c494bd5,"(39, 42, 17)",uint8
train,Malignant,BreaDM-Ma-1803,train/Malignant/BreaDM-Ma-1803/p-038.npy,4ff47533456bcc45bd64de71b77dd9be8daaf7be7fe6218590612482b00d7cfc,"(24, 27, 17)",uint8
train,Malignant,BreaDM-Ma-1803,train/Malignant/BreaDM-Ma-1803/p-039.npy,db049a3c56221d32d19329b3e158179c03a97d546f347cdeb278f4c0736b4b20,"(24, 27, 17)",uint8
train,Malignant,BreaDM-Ma-1803,train/Malignant/BreaDM-Ma-1803/p-040.npy,64290ca823d22baa1bf17fe23f2ce1ad797f3ac978f8f40c529c32471a7ceaaa,"(24, 27, 17)",uint8
train,Malignant,BreaDM-Ma-1803,train/Malignant/BreaDM-Ma-1803/p-041.npy,ece10654558a391fb8f7980e38d3d1646de6dde57cf13979c7eb31fcfd9f4d87,"(24, 27, 17)",uint8
train,Malignant,BreaDM-Ma-1803,train/Malignant/BreaDM-Ma-1803/p-042.npy,c6fdaf190cf487f498c91de80c3983040282ef89bcf4c0dc8acccc70d53bfdb8,"(24, 27, 17)",uint8
train,Malignant,BreaDM-Ma-1803,train/Malignant/BreaDM-Ma-1803/p-043.npy,a274af2919717215fdffae1e9da956ce58bc8fbfb5d66ad43e9287be38629b2f,"(24, 27, 17)",uint8
train,Malignant,BreaDM-Ma-1803,train/Malignant/BreaDM-Ma-1803/p-044.npy,7a0df6b9d56284720abcb5f20359352762148ce822d06de82bd720010410dcc0,"(24, 27, 17)",uint8
train,Malignant,BreaDM-Ma-1803,train/Malignant/BreaDM-Ma-1803/p-045.npy,e92be3a2eed591d7b7cc71a68eb21f85b5f225435d0e044a4f06807fb23dcb67,"(24, 27, 17)",uint8
train,Malignant,BreaDM-Ma-1803,train/Malignant/BreaDM-Ma-1803/p-046.npy,05a85c7002bf2c7d6187130d1a58e78dd021962e42411ab99161bb6bc3ba59a5,"(24, 27, 17)",uint8
train,Malignant,BreaDM-Ma-1804,train/Malignant/BreaDM-Ma-1804/p-040.npy,a930a7deca2902f169a911b15748bc294e378b4e2b963edbfa7c7d03343aa869,"(15, 15, 17)",uint8
train,Malignant,BreaDM-Ma-1804,train/Malignant/BreaDM-Ma-1804/p-041.npy,743bc9ddfe525124738d3a2e99ce774dca96506b784d8296d539625f6c0d1a56,"(15, 15, 17)",uint8
train,Malignant,BreaDM-Ma-1804,train/Malignant/BreaDM-Ma-1804/p-042.npy,e6c59e21dac21f55053162783b6e7650f6e99104e234b8cbfd2e8dc61392d6d6,"(15, 15, 17)",uint8
train,Malignant,BreaDM-Ma-1804,train/Malignant/BreaDM-Ma-1804/p-043.npy,6fe5943929b62062ea4a81b0f9b4cfac059908ea621f55f8aa8d92466bd2100d,"(15, 15, 17)",uint8
train,Malignant,BreaDM-Ma-1806,train/Malignant/BreaDM-Ma-1806/p-029.npy,613afabb0d312997e3f9f944b59b40bc474af5f8ba4f6e8988024fd3b1db8f6a,"(21, 19, 17)",uint8
train,Malignant,BreaDM-Ma-1806,train/Malignant/BreaDM-Ma-1806/p-030.npy,ed567a5f3b1c639cc1543e2f3d8d40715a4e690610aecc17b7e131fef305bc52,"(21, 19, 17)",uint8
train,Malignant,BreaDM-Ma-1806,train/Malignant/BreaDM-Ma-1806/p-031.npy,495c669d3ff95d5fa06bf3d9590c3117ef2c47d89ec8075bd7117d9917bd12c8,"(21, 19, 17)",uint8
train,Malignant,BreaDM-Ma-1806,train/Malignant/BreaDM-Ma-1806/p-032.npy,d0cbe022629337487abeb43d492e9e28b7a51bd86c20b39ba3d38630e090bc62,"(21, 19, 17)",uint8
train,Malignant,BreaDM-Ma-1806,train/Malignant/BreaDM-Ma-1806/p-033.npy,9c61f145a117133181922121e8d76250967a400b3ec7574b35e0243f95e23116,"(21, 19, 17)",uint8
train,Malignant,BreaDM-Ma-1807,train/Malignant/BreaDM-Ma-1807/p-057.npy,f75ef11c7b81f2bb0d20a6e5284e3ac34da28990f226187b6f3202b7fed8ef69,"(18, 25, 17)",uint8
train,Malignant,BreaDM-Ma-1807,train/Malignant/BreaDM-Ma-1807/p-058.npy,fb78fec4b14f85f2446f05b19421034722ca0a18d7f5263acdfd168b70227834,"(18, 25, 17)",uint8
train,Malignant,BreaDM-Ma-1807,train/Malignant/BreaDM-Ma-1807/p-059.npy,33ca6db519e2e429e518597abf876156aa3124662dbdf504c41badb6abdb82ca,"(18, 25, 17)",uint8
train,Malignant,BreaDM-Ma-1807,train/Malignant/BreaDM-Ma-1807/p-060.npy,6bad20d2618acd611e91fc8f4158d78d156a4b8ad4cc1cdb74d51295d841be31,"(18, 25, 17)",uint8
train,Malignant,BreaDM-Ma-1807,train/Malignant/BreaDM-Ma-1807/p-061.npy,76ea4bfcae172741f1798c8d263c62ef240033d2c1e040805185a975a66530c7,"(18, 25, 17)",uint8
train,Malignant,BreaDM-Ma-1807,train/Malignant/BreaDM-Ma-1807/p-062.npy,79c45cf8f8175baf96a174e21f044c37b8343bc437bd2822c8761680209f19ae,"(18, 25, 17)",uint8
train,Malignant,BreaDM-Ma-1807,train/Malignant/BreaDM-Ma-1807/p-063.npy,1edd1242f0d1e7a326f317ae8fc3a4437c08b4783e9a82cc1952496cc08e69bd,"(18, 25, 17)",uint8
train,Malignant,BreaDM-Ma-1807,train/Malignant/BreaDM-Ma-1807/p-064.npy,f8a1eadb948a4f8f10e6635f772af9e8360d18655f3d10820ccd2a3c28e823e0,"(18, 25, 17)",uint8
train,Malignant,BreaDM-Ma-1808,train/Malignant/BreaDM-Ma-1808/p-032.npy,69f14ef3c8a3dee9492ea2c1e99b6810afe99fc9bf0c14ea99aab68695a228f9,"(21, 23, 17)",uint8
train,Malignant,BreaDM-Ma-1808,train/Malignant/BreaDM-Ma-1808/p-033.npy,13d0caaa0b667184e6ba22a7847c0dd9a5855e249960f082121e0505dae27c1a,"(21, 23, 17)",uint8
train,Malignant,BreaDM-Ma-1808,train/Malignant/BreaDM-Ma-1808/p-034.npy,462c0f3838c33f911f1ac1f4dd4830058f0e2b6ce182e87d87e44a9169b79cb6,"(21, 23, 17)",uint8
train,Malignant,BreaDM-Ma-1808,train/Malignant/BreaDM-Ma-1808/p-035.npy,c1407ca47d73cb042e0ae8209b056081e60e55139ba078675a6a7df1ab576032,"(21, 23, 17)",uint8
train,Malignant,BreaDM-Ma-1811,train/Malignant/BreaDM-Ma-1811/p-022.npy,7ca76b86c7ce96f61cf9f16097191e92bf5fa996e790abc35d2e4d80f1b05fdb,"(22, 20, 17)",uint8
train,Malignant,BreaDM-Ma-1811,train/Malignant/BreaDM-Ma-1811/p-023.npy,9968f32b10c797dea7ff16d380740b46d72d26c4e9d3b73f8c3695bed2604f1e,"(22, 20, 17)",uint8
train,Malignant,BreaDM-Ma-1811,train/Malignant/BreaDM-Ma-1811/p-024.npy,08484ee0977f7073ff786fcd68d66182e545e700c2c56663a493c8918bc7d73d,"(22, 20, 17)",uint8
train,Malignant,BreaDM-Ma-1811,train/Malignant/BreaDM-Ma-1811/p-025.npy,a0e25e33f73083e4088aa127689fbceba1d2e14b9679bfc63534a173f96c0e2e,"(22, 20, 17)",uint8
train,Malignant,BreaDM-Ma-1811,train/Malignant/BreaDM-Ma-1811/p-026.npy,68d70718b392c6654ee37ff64fdd25027cd8ef931130f3f9d048e60cde4283fa,"(22, 20, 17)",uint8
train,Malignant,BreaDM-Ma-1811,train/Malignant/BreaDM-Ma-1811/p-027.npy,28e9f1022fde52d542ee8677163842cc359e53583e82e006829db95b9364086a,"(22, 20, 17)",uint8
train,Malignant,BreaDM-Ma-1811,train/Malignant/BreaDM-Ma-1811/p-028.npy,e0ec4916ff394873bcf7fff12ad2e91765c968a5eab02b5cfc6f58b352be9719,"(22, 20, 17)",uint8
train,Malignant,BreaDM-Ma-1813,train/Malignant/BreaDM-Ma-1813/p-042.npy,368c4fe1e92410d67e3c60ab872dc610bc244591b77c96ba6af8ec36d06df949,"(34, 24, 17)",uint8
train,Malignant,BreaDM-Ma-1813,train/Malignant/BreaDM-Ma-1813/p-043.npy,9d5845c7438c4040351a4bf9a3d19194f8f4493c49cc39f43077fa5956332ed8,"(34, 24, 17)",uint8
train,Malignant,BreaDM-Ma-1813,train/Malignant/BreaDM-Ma-1813/p-044.npy,8e1914e4bf1a9faea38caacced709a9c00944497727f3d1df1e5c597b3dc4fc0,"(34, 24, 17)",uint8
train,Malignant,BreaDM-Ma-1813,train/Malignant/BreaDM-Ma-1813/p-045.npy,262cb3805cc4e3e3a6b4195b549709c260562de89467bee8eae6944abfc78626,"(34, 24, 17)",uint8
train,Malignant,BreaDM-Ma-1813,train/Malignant/BreaDM-Ma-1813/p-046.npy,c1eceb9fc6fc95bde7ebf4741296b336a574ed1617b70401a20eb6600f3d06e7,"(34, 24, 17)",uint8
train,Malignant,BreaDM-Ma-1813,train/Malignant/BreaDM-Ma-1813/p-047.npy,385fadf5811e71d41e8948634d7e8da8a3bcde0c9063647602a5c4d4780f4cd2,"(34, 24, 17)",uint8
train,Malignant,BreaDM-Ma-1813,train/Malignant/BreaDM-Ma-1813/p-048.npy,88e8a8db07305eedf70943c43e34b2b12b046b7c6426363d54004a0de7eee879,"(34, 24, 17)",uint8
train,Malignant,BreaDM-Ma-1813,train/Malignant/BreaDM-Ma-1813/p-049.npy,7fbe3aa017d1fe64cbfa17e8a0e3caf8a1fba3661c2e2e07f2163972b9c523d8,"(34, 24, 17)",uint8
train,Malignant,BreaDM-Ma-1814,train/Malignant/BreaDM-Ma-1814/p-019.npy,6ed73cc6eb44edc8566edfaef2177d0f93a83e9056ddef1a88910b435a1c028c,"(24, 21, 17)",uint8
train,Malignant,BreaDM-Ma-1814,train/Malignant/BreaDM-Ma-1814/p-020.npy,1a4b2bfb7c3afcb3ae2f406ec27c8234490d8ce31e47f14057f6e74028710d82,"(24, 21, 17)",uint8
train,Malignant,BreaDM-Ma-1814,train/Malignant/BreaDM-Ma-1814/p-021.npy,aa9e1c5729198327adcc1b212c10a4bf76100c3334046722003373d8d2725c74,"(24, 21, 17)",uint8
train,Malignant,BreaDM-Ma-1814,train/Malignant/BreaDM-Ma-1814/p-022.npy,bd351862298295ad814c769d2680fda15b43403866db880dfc6990280712e3bd,"(24, 21, 17)",uint8
train,Malignant,BreaDM-Ma-1814,train/Malignant/BreaDM-Ma-1814/p-023.npy,8a9c3107b11160f3d9e6c97b8034f45eae8243443772567db30314bef5bc04de,"(24, 21, 17)",uint8
train,Malignant,BreaDM-Ma-1814,train/Malignant/BreaDM-Ma-1814/p-024.npy,52f4bb26a0620f77a88668a10b13bad1e981b816157acd7fb3d62de2d32ea70a,"(24, 21, 17)",uint8
train,Malignant,BreaDM-Ma-1814,train/Malignant/BreaDM-Ma-1814/p-025.npy,5bdccf6f9709f220e5226f7bc1c6573f7f4ceac84df9c1a174aec8c307dcd081,"(24, 21, 17)",uint8
train,Malignant,BreaDM-Ma-1814,train/Malignant/BreaDM-Ma-1814/p-026.npy,748be5c93a070def82b0215d2a2b1f6c68bea107119c84ac60dacb9144da4627,"(24, 21, 17)",uint8
train,Malignant,BreaDM-Ma-1815,train/Malignant/BreaDM-Ma-1815/p-047.npy,0649128754a48f116a404fdd79d1bf6a9c601d6981fd25097502899569de0571,"(19, 21, 17)",uint8
train,Malignant,BreaDM-Ma-1815,train/Malignant/BreaDM-Ma-1815/p-048.npy,0743994006d776c8bcf08b19c6fd7dfca461ffdfbf2f2ddac1a183ee2182a2b5,"(19, 21, 17)",uint8
train,Malignant,BreaDM-Ma-1815,train/Malignant/BreaDM-Ma-1815/p-049.npy,c70ace320797d6823c32731c0390f116313cd944f248a3d4013f0aba18ff113b,"(19, 21, 17)",uint8
train,Malignant,BreaDM-Ma-1815,train/Malignant/BreaDM-Ma-1815/p-050.npy,defa13c3b3b31120589d5dea9fa01a91ebb9580693b5491759e008a14eca92ca,"(19, 21, 17)",uint8
train,Malignant,BreaDM-Ma-1815,train/Malignant/BreaDM-Ma-1815/p-051.npy,491cd1f1dac6e2a6a370dcbd51c37db8ab10ffdcb504c4a07ac268c4084ec347,"(19, 21, 17)",uint8
train,Malignant,BreaDM-Ma-1816,train/Malignant/BreaDM-Ma-1816/p-036.npy,0a44ead9987e707a1f3b77a66ef9428e8dd2b403cb144da864b57b9b4d17d0c1,"(30, 28, 17)",uint8
train,Malignant,BreaDM-Ma-1816,train/Malignant/BreaDM-Ma-1816/p-037.npy,d4519dab128302d342c8c64ca36e3df1d64363f737a2d443b757a9f3f9ea7536,"(30, 28, 17)",uint8
train,Malignant,BreaDM-Ma-1816,train/Malignant/BreaDM-Ma-1816/p-038.npy,7aad2a3cc91d5abd0abd45d5bfadf0eb4187212d2737b260ddc7168c43b769f8,"(30, 28, 17)",uint8
train,Malignant,BreaDM-Ma-1816,train/Malignant/BreaDM-Ma-1816/p-039.npy,28589410dd4eb51f67a69d9862309f6c73cd6a54fd0886c1b5db8d7d7d8a432a,"(30, 28, 17)",uint8
train,Malignant,BreaDM-Ma-1816,train/Malignant/BreaDM-Ma-1816/p-040.npy,e625f7cd474a43bbe765ffa26d1fdd47158e831304b6e55f1753aa229ec3c813,"(30, 28, 17)",uint8
train,Malignant,BreaDM-Ma-1816,train/Malignant/BreaDM-Ma-1816/p-041.npy,9588a7d716cedf7e46a7256e5971989812d0fd1bb86a431efd012f4d1d6c2117,"(30, 28, 17)",uint8
train,Malignant,BreaDM-Ma-1816,train/Malignant/BreaDM-Ma-1816/p-042.npy,f577d8fa8feab716d34f5c95413be2e5f9b76ad90be489bb50ecab3bad25092b,"(30, 28, 17)",uint8
train,Malignant,BreaDM-Ma-1816,train/Malignant/BreaDM-Ma-1816/p-043.npy,d94e82eea8e052fae189eabaca81580d879953245398fd851d4e197952ca2c7a,"(30, 28, 17)",uint8
train,Malignant,BreaDM-Ma-1816,train/Malignant/BreaDM-Ma-1816/p-044.npy,ceac96fc0a56119c8f8ecf75e58646187fd42b9b38e6011f808c99044ca1bf4a,"(30, 28, 17)",uint8
train,Malignant,BreaDM-Ma-1816,train/Malignant/BreaDM-Ma-1816/p-045.npy,200f7259ba3a2b5feacf4ffd7c459ebd1f4b5a5ba0c4c3f43b64636ddef7d166,"(30, 28, 17)",uint8
train,Malignant,BreaDM-Ma-1816,train/Malignant/BreaDM-Ma-1816/p-046.npy,839db83cb78cd733690bcacaafe3b82ea6e385a1b93e64b4f560795bc7d71abc,"(30, 28, 17)",uint8
train,Malignant,BreaDM-Ma-1816,train/Malignant/BreaDM-Ma-1816/p-047.npy,923ec51ffb448e374d25bfaf1fd59193e4a9435ea6da3e6717d464bda41c4109,"(30, 28, 17)",uint8
train,Malignant,BreaDM-Ma-1816,train/Malignant/BreaDM-Ma-1816/p-048.npy,a619876e58aa05e0da274252b071a31d23cb94004d0b428db47f76c659016365,"(30, 28, 17)",uint8
train,Malignant,BreaDM-Ma-1816,train/Malignant/BreaDM-Ma-1816/p-049.npy,d43aea072ec8bc2544dd76f43b3b1689c7b99fb01c634a41f745a173847ef1c6,"(30, 28, 17)",uint8
train,Malignant,BreaDM-Ma-1817,train/Malignant/BreaDM-Ma-1817/p-031.npy,afadc6c4d34116b294db6f5e0e52fe34220b86194c9e61c476be9bd0e0b14af9,"(27, 23, 17)",uint8
train,Malignant,BreaDM-Ma-1817,train/Malignant/BreaDM-Ma-1817/p-032.npy,0ecb762fa3278076e22d1caf4c7a680f9618b3b0f58ce4d2373354d81437296d,"(27, 23, 17)",uint8
train,Malignant,BreaDM-Ma-1817,train/Malignant/BreaDM-Ma-1817/p-033.npy,62b3fd6cc30da27a825b24df28f0ae065b6786a4bfc19800f241feffa9ba93b7,"(27, 23, 17)",uint8
train,Malignant,BreaDM-Ma-1817,train/Malignant/BreaDM-Ma-1817/p-034.npy,574dd5ee1eda88e3f4d997bbc69f8b44b80d5416777b40f11cf133d000723a5b,"(27, 23, 17)",uint8
train,Malignant,BreaDM-Ma-1817,train/Malignant/BreaDM-Ma-1817/p-035.npy,65d4f83b66d66bc4620c7ae543c069df03ddf3a8118dbb2c8809af1ee0fca8e1,"(27, 23, 17)",uint8
train,Malignant,BreaDM-Ma-1818,train/Malignant/BreaDM-Ma-1818/p-025.npy,356de1c71ded0c92f5fc80638df1b1f0498d9c90c445588b3a7afc6380c82c85,"(29, 26, 17)",uint8
train,Malignant,BreaDM-Ma-1818,train/Malignant/BreaDM-Ma-1818/p-026.npy,809e74d53dc4db17418057606ea1ea14321d0d958e1ba7126f86d3508b8fcb0b,"(29, 26, 17)",uint8
train,Malignant,BreaDM-Ma-1818,train/Malignant/BreaDM-Ma-1818/p-027.npy,06c1160e9c031e5a2508cbdea81a24ea411cdeee8d107e1de586c0513c7a1064,"(29, 26, 17)",uint8
train,Malignant,BreaDM-Ma-1818,train/Malignant/BreaDM-Ma-1818/p-028.npy,13cbca81f90facae582d4a66bd804833ea90ad7b4b7f4a73a202a9e1df6a6582,"(29, 26, 17)",uint8
train,Malignant,BreaDM-Ma-1818,train/Malignant/BreaDM-Ma-1818/p-029.npy,41d78f0ce34ff67b183cb7ce59f23032b0fe691d2a3d185b52642802e7035979,"(29, 26, 17)",uint8
train,Malignant,BreaDM-Ma-1819,train/Malignant/BreaDM-Ma-1819/p-051.npy,39568e3658633e9846ed1791fe767e9392f3f17fe7205f62ff8b32db1cf84806,"(22, 22, 17)",uint8
train,Malignant,BreaDM-Ma-1819,train/Malignant/BreaDM-Ma-1819/p-052.npy,9ddad700f16b716204c62a7612c7bff46f5d906473ea2424cc2ce6de86597fb6,"(22, 22, 17)",uint8
train,Malignant,BreaDM-Ma-1819,train/Malignant/BreaDM-Ma-1819/p-053.npy,1e9345a26f49d18530196c306461e17b3ac6c9a749288fa282826633ccc635d0,"(22, 22, 17)",uint8
train,Malignant,BreaDM-Ma-1819,train/Malignant/BreaDM-Ma-1819/p-054.npy,729128bf834e0f266403d43bf80d23393ecd3863cd13bea7dc7a577e88f7f72c,"(22, 22, 17)",uint8
train,Malignant,BreaDM-Ma-1819,train/Malignant/BreaDM-Ma-1819/p-055.npy,ae08e861058aa53c005276d442ad483071dda238749b170da7ada14fd21bad56,"(22, 22, 17)",uint8
train,Malignant,BreaDM-Ma-1819,train/Malignant/BreaDM-Ma-1819/p-056.npy,1a25747a00b3eeed093ee8a90787d2c34d9d85478eb6be4f9f4fceed59b81b8f,"(22, 22, 17)",uint8
train,Malignant,BreaDM-Ma-1820,train/Malignant/BreaDM-Ma-1820/p-029.npy,70c9fc85af70707783446ffa679ea5add3a5842a641304f037fb82959789a7e2,"(29, 25, 17)",uint8
train,Malignant,BreaDM-Ma-1820,train/Malignant/BreaDM-Ma-1820/p-030.npy,2422a50e52dfa1eceb122a1ac55775f49ffef21971e69f02c2a663ae14703818,"(29, 25, 17)",uint8
train,Malignant,BreaDM-Ma-1820,train/Malignant/BreaDM-Ma-1820/p-031.npy,04172fc39220c263c610da9655c7e7d6fa271b066e60abea7e072bec705bd5fb,"(29, 25, 17)",uint8
train,Malignant,BreaDM-Ma-1820,train/Malignant/BreaDM-Ma-1820/p-032.npy,6b6dac7148bf81a252a382cd8039d798efc8bb08286c8b803fe15def1f20b0a7,"(29, 25, 17)",uint8
train,Malignant,BreaDM-Ma-1820,train/Malignant/BreaDM-Ma-1820/p-033.npy,ffed8fb62f5480c80741bb5899c2bf072d14500d1175e06dbc18052a39626352,"(29, 25, 17)",uint8
train,Malignant,BreaDM-Ma-1820,train/Malignant/BreaDM-Ma-1820/p-034.npy,b5a5a5e2df7ca11f3db0cbec389385bd6d81333610709f06a2741c8854b4071d,"(29, 25, 17)",uint8
train,Malignant,BreaDM-Ma-1820,train/Malignant/BreaDM-Ma-1820/p-035.npy,2417ca5ac0d33dc86d8b8112473115a1985c33cfe457b80bb72806b4505c1acf,"(29, 25, 17)",uint8
train,Malignant,BreaDM-Ma-1820,train/Malignant/BreaDM-Ma-1820/p-036.npy,a8f16a18b09f5fd916a32279d97a3d1e626eb44d6cd7ba1171295570370253ee,"(29, 25, 17)",uint8
train,Malignant,BreaDM-Ma-1820,train/Malignant/BreaDM-Ma-1820/p-037.npy,58eacd4df197b7c17b108f17787cec56c895f5900fbc01e5d58b8d2154e692b2,"(29, 25, 17)",uint8
train,Malignant,BreaDM-Ma-1820,train/Malignant/BreaDM-Ma-1820/p-038.npy,3e0f1c6db82f2f09de186613ffcab8593f229e738e4ca802057c3006d7bca658,"(29, 25, 17)",uint8
train,Malignant,BreaDM-Ma-1820,train/Malignant/BreaDM-Ma-1820/p-039.npy,3f1f1abc2b1b1a643fb4c547793564a584c2a45fec72a0fd8b035eb4f5cc4016,"(29, 25, 17)",uint8
train,Malignant,BreaDM-Ma-1820,train/Malignant/BreaDM-Ma-1820/p-040.npy,041ef8174cd67cbc018f629671d9f27d9b908fae428a72da6ec5236bdab0dfc3,"(29, 25, 17)",uint8
train,Malignant,BreaDM-Ma-1820,train/Malignant/BreaDM-Ma-1820/p-041.npy,0062c2f6bfad6da05861ac0d7312e03ebdffcf04dd54f58995aaffbe08ca40cb,"(29, 25, 17)",uint8
train,Malignant,BreaDM-Ma-1820,train/Malignant/BreaDM-Ma-1820/p-042.npy,96ba056f168490d6975f65331a183f13a2ef2c6ca99e0e1ccf0489e0357a299c,"(29, 25, 17)",uint8
train,Malignant,BreaDM-Ma-1820,train/Malignant/BreaDM-Ma-1820/p-043.npy,fcb251bc7d2d78cb9db0064ebb1c227554b31ecd3d034beb569cd2d9348e5493,"(29, 25, 17)",uint8
train,Malignant,BreaDM-Ma-1822,train/Malignant/BreaDM-Ma-1822/p-031.npy,1d483575c610964c4336999eda78e742a7bb8c7387970e0e31a699d3dc30c657,"(21, 24, 17)",uint8
train,Malignant,BreaDM-Ma-1822,train/Malignant/BreaDM-Ma-1822/p-032.npy,d54685454c172504342b831c89f2c444ab07b72ef2787bd54a638b3e12b5afce,"(21, 24, 17)",uint8
train,Malignant,BreaDM-Ma-1822,train/Malignant/BreaDM-Ma-1822/p-033.npy,493b7063165089cbfbf36c353d6cff143f2037d7f58f6d48af7322ea5e0d0492,"(21, 24, 17)",uint8
train,Malignant,BreaDM-Ma-1822,train/Malignant/BreaDM-Ma-1822/p-034.npy,ee270754aeeb104d36a55d10ebe21f0e1c66d1d6b638776a49b7004ab9537724,"(21, 24, 17)",uint8
train,Malignant,BreaDM-Ma-1822,train/Malignant/BreaDM-Ma-1822/p-035.npy,231c96832539614679157919c6e559d60efe35334c8e9f2d5a3b835d49a21b11,"(21, 24, 17)",uint8
train,Malignant,BreaDM-Ma-1822,train/Malignant/BreaDM-Ma-1822/p-036.npy,1bb0cc7ecfbdf0c421dffb60564eea64fcb161c0ac831af705271d842ee2b905,"(21, 24, 17)",uint8
train,Malignant,BreaDM-Ma-1823,train/Malignant/BreaDM-Ma-1823/p-029.npy,d3f7d546ba296c5c6c37860f7f55f27e75a8a22b969cf361fe46ce86e9ac63f7,"(27, 30, 17)",uint8
train,Malignant,BreaDM-Ma-1823,train/Malignant/BreaDM-Ma-1823/p-030.npy,401789658d19973170e9adf1400d812f9041cd6acbc1e708a42f5b9742d63429,"(27, 30, 17)",uint8
train,Malignant,BreaDM-Ma-1823,train/Malignant/BreaDM-Ma-1823/p-031.npy,333a8665b2c9c084b11dd90d67cabfce451d8244603cb7a05d0b20a5f11f5882,"(27, 30, 17)",uint8
train,Malignant,BreaDM-Ma-1823,train/Malignant/BreaDM-Ma-1823/p-032.npy,c68350ff3217da37fa9cc54a15577cedc964fa1cafc6b0d9cad4e0660e3a134f,"(27, 30, 17)",uint8
train,Malignant,BreaDM-Ma-1823,train/Malignant/BreaDM-Ma-1823/p-033.npy,b3b25aa017a2df428d9a57e52ccbfd9252c3f74f7ce58b80099d554ce635092e,"(27, 30, 17)",uint8
train,Malignant,BreaDM-Ma-1823,train/Malignant/BreaDM-Ma-1823/p-034.npy,77bc49aee1556788efefc322f216c465bab8ae1147f28d5a66af99ecc818fa20,"(27, 30, 17)",uint8
train,Malignant,BreaDM-Ma-1823,train/Malignant/BreaDM-Ma-1823/p-035.npy,71040173ea67a565f74aea87f91aa4e5b6a8b5b6be0951507e0a89be409ebee0,"(27, 30, 17)",uint8
train,Malignant,BreaDM-Ma-1823,train/Malignant/BreaDM-Ma-1823/p-036.npy,9bf72206d3e71fc915c8458f38a1f0b493adf42b6aff92c6f70c03e16b3ecffa,"(27, 30, 17)",uint8
train,Malignant,BreaDM-Ma-1823,train/Malignant/BreaDM-Ma-1823/p-037.npy,f6cad47a70847c485ebb2538f9c919919933495ff4e3d8452f7851d352769310,"(27, 30, 17)",uint8
train,Malignant,BreaDM-Ma-1825,train/Malignant/BreaDM-Ma-1825/p-041.npy,8a0ee02f1ff8700901ef1f753c3adc7f97ea87ab25daeeb3b1090de7f4c22d47,"(36, 44, 17)",uint8
train,Malignant,BreaDM-Ma-1825,train/Malignant/BreaDM-Ma-1825/p-042.npy,541809ec7f06cc03c8d1457ea36f444eb1e8fdd66da01477857852e0f76dec17,"(36, 44, 17)",uint8
train,Malignant,BreaDM-Ma-1825,train/Malignant/BreaDM-Ma-1825/p-043.npy,0709a4db1a326fa98b99691dc7981b91d05babd0b5c59618d76535f42f1463e2,"(36, 44, 17)",uint8
train,Malignant,BreaDM-Ma-1825,train/Malignant/BreaDM-Ma-1825/p-044.npy,5929fdd737e84e12abe54d921df04780e6f9148bf399e6dde3828fb1c002c3ad,"(36, 44, 17)",uint8
train,Malignant,BreaDM-Ma-1825,train/Malignant/BreaDM-Ma-1825/p-045.npy,76bc2e31e01a5aec5b99bc1cde64d46a749021ef8455ebfd943a82e89d1cba37,"(36, 44, 17)",uint8
train,Malignant,BreaDM-Ma-1825,train/Malignant/BreaDM-Ma-1825/p-046.npy,b76fa7fb53efc51e171ebc844fc92fe99df9110adfcf15729001f958b839d3cd,"(36, 44, 17)",uint8
train,Malignant,BreaDM-Ma-1825,train/Malignant/BreaDM-Ma-1825/p-047.npy,193f18c698ee5e10aaeb01d4d862f37f729e2bb7e556d1fcfeb111e3787a8b41,"(36, 44, 17)",uint8
train,Malignant,BreaDM-Ma-1825,train/Malignant/BreaDM-Ma-1825/p-048.npy,05abd535811b09fcf100511476f1da85739105b6c856093784509447b7d38f23,"(36, 44, 17)",uint8
train,Malignant,BreaDM-Ma-1825,train/Malignant/BreaDM-Ma-1825/p-049.npy,27f326a6d8ffaa1ef3d1b65957f4b31bf477c29518e74b9449904a819ed8725a,"(36, 44, 17)",uint8
train,Malignant,BreaDM-Ma-1825,train/Malignant/BreaDM-Ma-1825/p-050.npy,4a936b472c4cf1ab0b7f17430f00beb0f67984ef04b2ea51d4b8b9ce3706f01c,"(36, 44, 17)",uint8
train,Malignant,BreaDM-Ma-1825,train/Malignant/BreaDM-Ma-1825/p-051.npy,204f2fbc39b4ba40666ff00018369ef215482a1afe9d635566047fd287a9aa8e,"(36, 44, 17)",uint8
train,Malignant,BreaDM-Ma-1825,train/Malignant/BreaDM-Ma-1825/p-052.npy,f07332876ad1c52dc794109f5315da3894a1a0f1cfcf2485aca843997a0073e9,"(36, 44, 17)",uint8
train,Malignant,BreaDM-Ma-1825,train/Malignant/BreaDM-Ma-1825/p-053.npy,e0bdb9ad914e05f1c6659a4a054105c8a480dd9360a5b3046d5b8bdefd14b155,"(36, 44, 17)",uint8
train,Malignant,BreaDM-Ma-1828,train/Malignant/BreaDM-Ma-1828/p-046.npy,955ea5b25f48642e1debd49cdab3c6e48c3734429e19de27d8be1fbe7ac588af,"(23, 24, 17)",uint8
train,Malignant,BreaDM-Ma-1828,train/Malignant/BreaDM-Ma-1828/p-047.npy,3a9eccfc77491cd9e5572e3efde55d073248011df7879a9092101ac5a0a55585,"(23, 24, 17)",uint8
train,Malignant,BreaDM-Ma-1828,train/Malignant/BreaDM-Ma-1828/p-048.npy,3e6ae8cf75add38e3da77b727bf0ccc929284d451046a0dfcce914f4bdcd2d78,"(23, 24, 17)",uint8
train,Malignant,BreaDM-Ma-1828,train/Malignant/BreaDM-Ma-1828/p-049.npy,45077f8238d2c2d8a4f13e9bb8213aac4bd2f709b9999c61f202c7244ebb0434,"(23, 24, 17)",uint8
train,Malignant,BreaDM-Ma-1828,train/Malignant/BreaDM-Ma-1828/p-050.npy,9179963cf30f89e5c62a45b96fd173026b4aff50a6bc80ca5da5ccd8cfebcf74,"(23, 24, 17)",uint8
train,Malignant,BreaDM-Ma-1828,train/Malignant/BreaDM-Ma-1828/p-051.npy,8f3ef14b802f1f9a05a41e0af3cb433f754566624bc316ac5640cc2accfab2e8,"(23, 24, 17)",uint8
train,Malignant,BreaDM-Ma-1828,train/Malignant/BreaDM-Ma-1828/p-052.npy,dc325716ab4884da75f4bff46bdebdc299dd323d62c09c355ab542eedaeadbf1,"(23, 24, 17)",uint8
train,Malignant,BreaDM-Ma-1901,train/Malignant/BreaDM-Ma-1901/p-029.npy,8ebd992a7881ada7b3008f908f648f25b8608423c15fcf66948819c552f7bcb1,"(18, 20, 17)",uint8
train,Malignant,BreaDM-Ma-1901,train/Malignant/BreaDM-Ma-1901/p-030.npy,2cc171c1938aa9370fc85cfeb2c3a1c452d3cf4276ceabb9ddbd1eae275d9659,"(18, 20, 17)",uint8
train,Malignant,BreaDM-Ma-1901,train/Malignant/BreaDM-Ma-1901/p-031.npy,62e98045d0743ee72545926fb1ca70778713d50c5b86d08ed271b4fd5b13f4ec,"(18, 20, 17)",uint8
train,Malignant,BreaDM-Ma-1901,train/Malignant/BreaDM-Ma-1901/p-032.npy,4252ddb6bfccb1f3eab5acbfcff19a66df7278443691756db58160a6460ef1fb,"(18, 20, 17)",uint8
train,Malignant,BreaDM-Ma-1901,train/Malignant/BreaDM-Ma-1901/p-033.npy,965795da1182bef51e5e6139ebbb5d740549e82054caefc41cee7a1dc8cc52cc,"(18, 20, 17)",uint8
train,Malignant,BreaDM-Ma-1902,train/Malignant/BreaDM-Ma-1902/p-020.npy,ffdd3ba29289f824dbb756d36d0679bc270ec592d44e04853ebc0ab84e7a177a,"(22, 34, 17)",uint8
train,Malignant,BreaDM-Ma-1902,train/Malignant/BreaDM-Ma-1902/p-021.npy,70e8f7d3ae74d72bbc01651092d2e8b3220599a55bf241c766f98a28e706aeea,"(22, 34, 17)",uint8
train,Malignant,BreaDM-Ma-1902,train/Malignant/BreaDM-Ma-1902/p-022.npy,a9bfa02a99d762ac152bcfc725e401c0b7e4d4804c0dd3bb04f292509ee35f69,"(22, 34, 17)",uint8
train,Malignant,BreaDM-Ma-1902,train/Malignant/BreaDM-Ma-1902/p-023.npy,a7c8fddd46af13a0e6da586f478a5dc43d414d11bbe197b80eec585a200378b1,"(22, 34, 17)",uint8
train,Malignant,BreaDM-Ma-1902,train/Malignant/BreaDM-Ma-1902/p-024.npy,e852f9022bd1f8af7af52831a28b142402f87c112d72e647ca37e05736bc10e5,"(22, 34, 17)",uint8
train,Malignant,BreaDM-Ma-1902,train/Malignant/BreaDM-Ma-1902/p-025.npy,5f9ef58ca2577d77bff9cc4c2f696e7432991c4d727520ee4c72bcd074a60a27,"(22, 34, 17)",uint8
train,Malignant,BreaDM-Ma-1903,train/Malignant/BreaDM-Ma-1903/p-042.npy,30d9358e0519a70bf55eef7d3e9ed38d0f7e7341f87b5ec90938ab4eb6d1a9ec,"(24, 27, 17)",uint8
train,Malignant,BreaDM-Ma-1903,train/Malignant/BreaDM-Ma-1903/p-043.npy,083bf4aa3ac7fb92696f966672c11dec83038244cc4ab5c3912220ea865c896d,"(24, 27, 17)",uint8
train,Malignant,BreaDM-Ma-1903,train/Malignant/BreaDM-Ma-1903/p-044.npy,6832d82bfde92dc12a7a239f54fbe88653da33559a0fa359415c4b1ef0e82715,"(24, 27, 17)",uint8
train,Malignant,BreaDM-Ma-1903,train/Malignant/BreaDM-Ma-1903/p-045.npy,36d20ae6073be511cb0ad1ad05c080593a6eb51f555bb2d64b1e10ee85fbf66e,"(24, 27, 17)",uint8
train,Malignant,BreaDM-Ma-1903,train/Malignant/BreaDM-Ma-1903/p-046.npy,92f0b6dbb4488ca24f2aa83c5295f75cbbc20e2a7479ca4bd75184a09a8ccde8,"(24, 27, 17)",uint8
train,Malignant,BreaDM-Ma-1903,train/Malignant/BreaDM-Ma-1903/p-047.npy,a8a99c74cdb8631b4507acdde4e6c8c6cf6e1fc52d6c44ba6131a493cbcd89bd,"(24, 27, 17)",uint8
train,Malignant,BreaDM-Ma-1903,train/Malignant/BreaDM-Ma-1903/p-048.npy,20a7feae2cbc1b0e429ac91a795e923ea0b926204264511c8fa165a82837cc79,"(24, 27, 17)",uint8
train,Malignant,BreaDM-Ma-1904,train/Malignant/BreaDM-Ma-1904/p-035.npy,cdd1533c0844e3f7ef63c6a0b8b1330b53b5092614b33555bb912f29e8219c3f,"(26, 23, 17)",uint8
train,Malignant,BreaDM-Ma-1904,train/Malignant/BreaDM-Ma-1904/p-036.npy,8df9ddfe37cc1dd619537139fd9527e25b4bd3ed3ff6c97c1931682b98c30abd,"(26, 23, 17)",uint8
train,Malignant,BreaDM-Ma-1904,train/Malignant/BreaDM-Ma-1904/p-037.npy,d0bacfd8ef0caa28d3d7130204b8959463379fce26e0b6e549864743c64014fa,"(26, 23, 17)",uint8
train,Malignant,BreaDM-Ma-1904,train/Malignant/BreaDM-Ma-1904/p-038.npy,50c27b115bbb45e46adc3caf90a8b8e15656cce251d7329f7b48e6908419bc33,"(26, 23, 17)",uint8
train,Malignant,BreaDM-Ma-1904,train/Malignant/BreaDM-Ma-1904/p-039.npy,ec2c475420d20258c8f09012970ec48c3975526867ac532d6b2ddc7b0391b858,"(26, 23, 17)",uint8
train,Malignant,BreaDM-Ma-1904,train/Malignant/BreaDM-Ma-1904/p-040.npy,ba1ee89e8b0ebbf0ec78f1bdeacebf8d045fc66ae574eb8a1f0f40d88098aaac,"(26, 23, 17)",uint8
train,Malignant,BreaDM-Ma-1905,train/Malignant/BreaDM-Ma-1905/p-041.npy,97a4673deb6c483ef847c32ae19df3973759c876076599556a08c2e756317641,"(23, 22, 17)",uint8
train,Malignant,BreaDM-Ma-1905,train/Malignant/BreaDM-Ma-1905/p-042.npy,f6f714f37c08ac6cb4213757c1d11a017be8fec3e523618462c40709c8aec843,"(23, 22, 17)",uint8
train,Malignant,BreaDM-Ma-1905,train/Malignant/BreaDM-Ma-1905/p-043.npy,edbe429e291892cc6caa01669d29c59e62c6164988004f3d7ea030d5fb71df14,"(23, 22, 17)",uint8
train,Malignant,BreaDM-Ma-1905,train/Malignant/BreaDM-Ma-1905/p-044.npy,88a26399c252d224ee3083e4a3ccba63065fec7060575aa403f25d7e1bfa412f,"(23, 22, 17)",uint8
train,Malignant,BreaDM-Ma-1905,train/Malignant/BreaDM-Ma-1905/p-045.npy,bb759571a3c179c1103acc12c201acd74f4ec507d799c0deab5345e9653b2d03,"(23, 22, 17)",uint8
train,Malignant,BreaDM-Ma-1905,train/Malignant/BreaDM-Ma-1905/p-046.npy,e6a4aac54c7ae8c6b81e389dc700d1d4338d8fccdbf250affd6eb8546ab38703,"(23, 22, 17)",uint8
train,Malignant,BreaDM-Ma-1906,train/Malignant/BreaDM-Ma-1906/p-034.npy,e5fd65a9fd0e3eb7c024bfa5165b8a5395a6948979dbb378408ac79398d8571f,"(75, 44, 17)",uint8
train,Malignant,BreaDM-Ma-1906,train/Malignant/BreaDM-Ma-1906/p-035.npy,efaf561ae92287a444aa64fa8687fccfe3fdbb4321d0906046ebb50771c15d99,"(75, 44, 17)",uint8
train,Malignant,BreaDM-Ma-1906,train/Malignant/BreaDM-Ma-1906/p-036.npy,d19c843fc8aea6fc4681887a049f4457c85ce5b9034800190ffb3863e604e993,"(75, 44, 17)",uint8
train,Malignant,BreaDM-Ma-1906,train/Malignant/BreaDM-Ma-1906/p-037.npy,7e9e0a0b1953d9f34645b7944fbbbea37f935b3e3a669bc5f05c00da83f1507b,"(75, 44, 17)",uint8
train,Malignant,BreaDM-Ma-1906,train/Malignant/BreaDM-Ma-1906/p-038.npy,14ca567852bdfd1c65700a3ef6154c1a7925a3ef4152bb83f77d58a4c196d626,"(75, 44, 17)",uint8
train,Malignant,BreaDM-Ma-1906,train/Malignant/BreaDM-Ma-1906/p-039.npy,fd41dce5cea4940817179d971d9d2254c8452bee5b5026cc611a3e87688e3677,"(75, 44, 17)",uint8
train,Malignant,BreaDM-Ma-1906,train/Malignant/BreaDM-Ma-1906/p-040.npy,9fc3acede8e530058fbaab292532e7411004656a8fc1eb8b4e2bde5ce3ddf09b,"(75, 44, 17)",uint8
train,Malignant,BreaDM-Ma-1906,train/Malignant/BreaDM-Ma-1906/p-041.npy,1b438adfb16913b09ae16c18710e89f9df7bc150d310a07ae3ddd430d774e6c6,"(75, 44, 17)",uint8
train,Malignant,BreaDM-Ma-1906,train/Malignant/BreaDM-Ma-1906/p-042.npy,3d1821a71735e18415768a966d6f2db4546b6077b014c818214c89597c8b10e5,"(75, 44, 17)",uint8
train,Malignant,BreaDM-Ma-1906,train/Malignant/BreaDM-Ma-1906/p-043.npy,63c2aa31a78abb7bbb06b0881a919cc294fdcb944b9973080fe15b4bf24fc4b5,"(75, 44, 17)",uint8
train,Malignant,BreaDM-Ma-1906,train/Malignant/BreaDM-Ma-1906/p-044.npy,31ba806dc60a2c404f2f59b66236ad8fcadbba886732b76f94a690003ba48413,"(75, 44, 17)",uint8
train,Malignant,BreaDM-Ma-1906,train/Malignant/BreaDM-Ma-1906/p-045.npy,8913b592e6fe8c7e2713eb3c58d54ef5f1b8b0295501223bffcec69ad3fb77b4,"(75, 44, 17)",uint8
train,Malignant,BreaDM-Ma-1906,train/Malignant/BreaDM-Ma-1906/p-046.npy,fa4efd8987b660017202872c2a959ffa883a6cf73aeb6f5d591e28e2e1740f70,"(75, 44, 17)",uint8
train,Malignant,BreaDM-Ma-1906,train/Malignant/BreaDM-Ma-1906/p-047.npy,0af1e41d03a4133bfa600dd389f59a39d6296fa992cd539cd29d7d1ad5de746d,"(75, 44, 17)",uint8
train,Malignant,BreaDM-Ma-1906,train/Malignant/BreaDM-Ma-1906/p-048.npy,035bd5fc7989251a12dbc22b68f6cc27a316476d29d45e5883f0ca5e7cabbe40,"(75, 44, 17)",uint8
train,Malignant,BreaDM-Ma-1906,train/Malignant/BreaDM-Ma-1906/p-049.npy,f8fd3985c06aa61434957f58b3301c16ba1a29e8349619f4eb596d4cc6e08cd9,"(75, 44, 17)",uint8
train,Malignant,BreaDM-Ma-1907,train/Malignant/BreaDM-Ma-1907/p-019.npy,85857f2a145e41c731472572d59d99b48a1c918e2b54134838c993bcf1b7daa8,"(21, 19, 17)",uint8
train,Malignant,BreaDM-Ma-1907,train/Malignant/BreaDM-Ma-1907/p-020.npy,b06cf2c60a21ad631e822379420bffa2883410af6ab7493989fd3b64f4d0c202,"(21, 19, 17)",uint8
train,Malignant,BreaDM-Ma-1907,train/Malignant/BreaDM-Ma-1907/p-021.npy,616618cfccdd88346cce87d0ce801e1c156a2a0eff2fc17047b67d1b709a2df8,"(21, 19, 17)",uint8
train,Malignant,BreaDM-Ma-1907,train/Malignant/BreaDM-Ma-1907/p-022.npy,93a33d1fd443e7cd1b74c2f36eeb08440092131fff635a44e61f974ef3e32235,"(21, 19, 17)",uint8
train,Malignant,BreaDM-Ma-1907,train/Malignant/BreaDM-Ma-1907/p-023.npy,f875af93c4a8ba2bc434cd2b019bcc9e5f7311a66235f499f4860498b955dcf8,"(21, 19, 17)",uint8
train,Malignant,BreaDM-Ma-1907,train/Malignant/BreaDM-Ma-1907/p-024.npy,0a53dc05fdae51cb6681700ebdd5645493ce423ad1834d7523a6b260b8946fe3,"(21, 19, 17)",uint8
train,Malignant,BreaDM-Ma-1907,train/Malignant/BreaDM-Ma-1907/p-025.npy,f33ea4b7d3280a4c516fe3ff05e2560e0c7bf3bde78a323102c6362cc6972d20,"(21, 19, 17)",uint8
train,Malignant,BreaDM-Ma-1911,train/Malignant/BreaDM-Ma-1911/p-028.npy,48e6746ccda8f7fcdadcf76ca13a956eb7179e5516ab11baa8ac3aaa0a077f98,"(36, 32, 17)",uint8
train,Malignant,BreaDM-Ma-1911,train/Malignant/BreaDM-Ma-1911/p-029.npy,10685047fd63bb466016cb2420349e530e17008dc1681e22763d6aa6e7ff22ac,"(36, 32, 17)",uint8
train,Malignant,BreaDM-Ma-1911,train/Malignant/BreaDM-Ma-1911/p-030.npy,72fe649ea34b1e412f76b740537c79a8a399faad32cf003d09586f4aae9f29a7,"(36, 32, 17)",uint8
train,Malignant,BreaDM-Ma-1911,train/Malignant/BreaDM-Ma-1911/p-031.npy,553ef820dd8db8849e041208f69d011fb470b06e4b00895ae8a6920adbaa8bab,"(36, 32, 17)",uint8
train,Malignant,BreaDM-Ma-1911,train/Malignant/BreaDM-Ma-1911/p-032.npy,6e7c81b33e100c54e89c61e149f6f09e9aa08a78b46a516f4137e435b9d2c89b,"(36, 32, 17)",uint8
train,Malignant,BreaDM-Ma-1911,train/Malignant/BreaDM-Ma-1911/p-033.npy,260d62c487c44b4e4b897c3d14dcf7172d94140d3f9f028de2ec8874771c7144,"(36, 32, 17)",uint8
train,Malignant,BreaDM-Ma-1911,train/Malignant/BreaDM-Ma-1911/p-034.npy,0e55b1c7558126cc308338f5ffdcdf7a99115c544344bd146d91822e3f13ab44,"(36, 32, 17)",uint8
train,Malignant,BreaDM-Ma-1911,train/Malignant/BreaDM-Ma-1911/p-035.npy,07858ba993b29916e1a507ad57301ef15bdb90f8908acb5e30b58585861bf9df,"(36, 32, 17)",uint8
train,Malignant,BreaDM-Ma-1912,train/Malignant/BreaDM-Ma-1912/p-037.npy,d58025197c267642285aa5393babd2504c6713d87a526e403e824c31f8bc6e1a,"(14, 12, 17)",uint8
train,Malignant,BreaDM-Ma-1912,train/Malignant/BreaDM-Ma-1912/p-038.npy,55f61d0be9bc15f1ea4b87e4acffa4e3478d942ffd22e5df47365122581e1780,"(14, 12, 17)",uint8
train,Malignant,BreaDM-Ma-1913,train/Malignant/BreaDM-Ma-1913/p-043.npy,f3e30f442c68126c5f90378b1a835198df4a08f68d8932048ab8d1f86b44aadd,"(14, 16, 17)",uint8
train,Malignant,BreaDM-Ma-1913,train/Malignant/BreaDM-Ma-1913/p-044.npy,7d3d47e1afc62aeee5b6d9b0fcd3b0c2e18b47f44faebf4d58e28cd50d011484,"(14, 16, 17)",uint8
train,Malignant,BreaDM-Ma-1913,train/Malignant/BreaDM-Ma-1913/p-045.npy,4aaa8fcaf3a81801d60c0bc95c53c90694964af49d278478040899e7edec1123,"(14, 16, 17)",uint8
train,Malignant,BreaDM-Ma-1914,train/Malignant/BreaDM-Ma-1914/p-021.npy,282abed73597390d59e3cb0067c403d15fe797587a1f0def8f7710c94c56d509,"(28, 27, 17)",uint8
train,Malignant,BreaDM-Ma-1914,train/Malignant/BreaDM-Ma-1914/p-022.npy,f5e586fda1c5e5fe2ed2c933a538fdf8e7fc727cc41718fd48a8ade08341002f,"(28, 27, 17)",uint8
train,Malignant,BreaDM-Ma-1914,train/Malignant/BreaDM-Ma-1914/p-023.npy,24e802594098d0d77b8eddeb05ce0b1eb7a1b4014c7deb93e80a1d8fa4282c7d,"(28, 27, 17)",uint8
train,Malignant,BreaDM-Ma-1914,train/Malignant/BreaDM-Ma-1914/p-024.npy,1de5d82726d0d273f080748bf3f95c5e9a5d4bfd2f40976571e53843661863ae,"(28, 27, 17)",uint8
train,Malignant,BreaDM-Ma-1914,train/Malignant/BreaDM-Ma-1914/p-025.npy,9528a5c43bbae2f57a13f89bb17701b76d263f6e24ce4d3b08d787c2db30505b,"(28, 27, 17)",uint8
train,Malignant,BreaDM-Ma-1914,train/Malignant/BreaDM-Ma-1914/p-026.npy,46884e3c1728eedd82d7ad169c14f9e42af1f4d79b5e88d5e5636224cdca9b96,"(28, 27, 17)",uint8
train,Malignant,BreaDM-Ma-1914,train/Malignant/BreaDM-Ma-1914/p-027.npy,48df863242c51d4dc93f498f10203b85865de63ced64dd08e876360d57e5b6cb,"(28, 27, 17)",uint8
train,Malignant,BreaDM-Ma-1917,train/Malignant/BreaDM-Ma-1917/p-043.npy,bebe3acb38686ed8b6408e271693bf2d2dc5b0241a9edcfdcdc17aba24d31573,"(21, 23, 17)",uint8
train,Malignant,BreaDM-Ma-1917,train/Malignant/BreaDM-Ma-1917/p-044.npy,cce9595d88e4bbda0ffa50daa811db8d86676ecd8948f41c1b6a72c99a451670,"(21, 23, 17)",uint8
train,Malignant,BreaDM-Ma-1917,train/Malignant/BreaDM-Ma-1917/p-045.npy,004eb16dba4be702cbc4773855f6fad5deec6168c5e3a53de885383513e79626,"(21, 23, 17)",uint8
train,Malignant,BreaDM-Ma-1917,train/Malignant/BreaDM-Ma-1917/p-046.npy,cda5b8305d92a4337347974440511c22686ea35db75b5389fa91dcf9b6baa972,"(21, 23, 17)",uint8
train,Malignant,BreaDM-Ma-1917,train/Malignant/BreaDM-Ma-1917/p-047.npy,1183bc552348d0b996e1201f6cf420112103f66e3fd4c4875c666ca758e96ab8,"(21, 23, 17)",uint8
train,Malignant,BreaDM-Ma-1917,train/Malignant/BreaDM-Ma-1917/p-048.npy,a49041b73f80ff48435744d7d99be0321241a784dbdffb083406ac1b8fdf1df6,"(21, 23, 17)",uint8
train,Malignant,BreaDM-Ma-1917,train/Malignant/BreaDM-Ma-1917/p-049.npy,6937827539b1a29b20d74d57ac0e41cea66b8fcec2ab1ddb893e75a9328eff10,"(21, 23, 17)",uint8
train,Malignant,BreaDM-Ma-1918,train/Malignant/BreaDM-Ma-1918/p-038.npy,ed1539196817cecd748dd1bfd15ba5280dd6251d5c86193d751a24c2228571ef,"(24, 25, 17)",uint8
train,Malignant,BreaDM-Ma-1918,train/Malignant/BreaDM-Ma-1918/p-039.npy,cae9ced1509c05e4df80a8a37da7c8a6bdecbbfd85c462563355adccd752dd5f,"(24, 25, 17)",uint8
train,Malignant,BreaDM-Ma-1918,train/Malignant/BreaDM-Ma-1918/p-040.npy,f6cd3291bf6a58a5ccd3940f1101b6cefe2776fa75eb5d7af0bceee8bb26925c,"(24, 25, 17)",uint8
train,Malignant,BreaDM-Ma-1918,train/Malignant/BreaDM-Ma-1918/p-041.npy,5e7fd0e46d00d3318371a252342a8ba30b2bb5eb13ce4b2df13727238684ce60,"(24, 25, 17)",uint8
train,Malignant,BreaDM-Ma-1918,train/Malignant/BreaDM-Ma-1918/p-042.npy,1d8623afc1a5668a6f21cc986ebb595bfdac955d31c53fe233f477acaa3124c5,"(24, 25, 17)",uint8
train,Malignant,BreaDM-Ma-1918,train/Malignant/BreaDM-Ma-1918/p-043.npy,18670daf44b72d888824336b726c38d4968b2458da1be0e9f4e15de08fa72fd5,"(24, 25, 17)",uint8
train,Malignant,BreaDM-Ma-1920,train/Malignant/BreaDM-Ma-1920/p-046.npy,234ec63e26c575f4dacff3048e34182de4f072651a4ac23909c4fa9bf9f750a0,"(16, 19, 17)",uint8
train,Malignant,BreaDM-Ma-1920,train/Malignant/BreaDM-Ma-1920/p-047.npy,aeb1d9276ec474c6fe00844c76452603b149812785c448c1947a931437f150f6,"(16, 19, 17)",uint8
train,Malignant,BreaDM-Ma-1920,train/Malignant/BreaDM-Ma-1920/p-048.npy,b5471614a31e9317e0ae86d96817ed124ab38b376d6bbcf0bcd0d884898e2506,"(16, 19, 17)",uint8
train,Malignant,BreaDM-Ma-1922,train/Malignant/BreaDM-Ma-1922/p-023.npy,0807f021a9f58b8f4dc359bd7b6b844e29ce76be13d14d52b50bbfea76c5d0cb,"(18, 25, 17)",uint8
train,Malignant,BreaDM-Ma-1922,train/Malignant/BreaDM-Ma-1922/p-024.npy,3923f79280ec0ac537ec2e3b6f4f7d0754b4d8012dfb6b93b11dee439f05a0d9,"(18, 25, 17)",uint8
train,Malignant,BreaDM-Ma-1922,train/Malignant/BreaDM-Ma-1922/p-025.npy,76eb29d5d9b4f477be4bdd7f0e14c74a5639a178b98b73ceedfcee35d250bac8,"(18, 25, 17)",uint8
train,Malignant,BreaDM-Ma-1922,train/Malignant/BreaDM-Ma-1922/p-026.npy,5373e3f8cb356cba2682ea3b67113d1e2f5c0c530a13a38efefca1f1d6fc0637,"(18, 25, 17)",uint8
train,Malignant,BreaDM-Ma-1922,train/Malignant/BreaDM-Ma-1922/p-027.npy,93b97c49d350caa9de559cd7551565e5f0581e612bc791129c1e159d47d0269b,"(18, 25, 17)",uint8
train,Malignant,BreaDM-Ma-1922,train/Malignant/BreaDM-Ma-1922/p-028.npy,4ebae204cbb0c2b9792192ec353924e48b08332aac328ce7fce5102dda183ab8,"(18, 25, 17)",uint8
train,Malignant,BreaDM-Ma-1924,train/Malignant/BreaDM-Ma-1924/p-006.npy,e9341b8d196240b9092ca5eddc2612f8dcaa96b6c0ebe8d7220d07b88cfffa0b,"(26, 27, 17)",uint8
train,Malignant,BreaDM-Ma-1924,train/Malignant/BreaDM-Ma-1924/p-007.npy,d8dfc44e9d976682f3ac681f3ccb00dbc993704cb14b22e4b385b6b3afcc3085,"(26, 27, 17)",uint8
train,Malignant,BreaDM-Ma-1924,train/Malignant/BreaDM-Ma-1924/p-008.npy,53c9cd620477b41ae8df041b689609bc3f5bc2c86484427a8424b3fa25cea511,"(26, 27, 17)",uint8
train,Malignant,BreaDM-Ma-1924,train/Malignant/BreaDM-Ma-1924/p-009.npy,74cfb18fbcb086872281b25b9ba5ca3199a55f7bc97017f173d4691b066c997d,"(26, 27, 17)",uint8
train,Malignant,BreaDM-Ma-1924,train/Malignant/BreaDM-Ma-1924/p-010.npy,d1edc14bf0601d2cc2de0c11e840dc8e835d50f0418db707c2c2e44a82177a81,"(26, 27, 17)",uint8
train,Malignant,BreaDM-Ma-1924,train/Malignant/BreaDM-Ma-1924/p-011.npy,5bdf52ade09c197f0944c7e9a43a09fcfc2a9aae6f950c07ccebb1fd531b7a54,"(26, 27, 17)",uint8
train,Malignant,BreaDM-Ma-1924,train/Malignant/BreaDM-Ma-1924/p-012.npy,65c22724a8b565adb03dcb2e2bc8d8ca000d90037298296fe2b231e629ecadce,"(26, 27, 17)",uint8
train,Malignant,BreaDM-Ma-1924,train/Malignant/BreaDM-Ma-1924/p-016.npy,1efa32254a4bb0c4b9292e96e1639b3fad8d462859c2d1b7dda8bb47bfb0a778,"(26, 27, 17)",uint8
train,Malignant,BreaDM-Ma-1924,train/Malignant/BreaDM-Ma-1924/p-017.npy,eea804b5973dfbeb8e76dbbb0daf089feaf131e52a40912b9314d735c9dd7eb6,"(26, 27, 17)",uint8
train,Malignant,BreaDM-Ma-1924,train/Malignant/BreaDM-Ma-1924/p-018.npy,b2ebf7701a1320a88165869a50043dd4735969c26dbfa731165d8e12e87d78bd,"(26, 27, 17)",uint8
train,Malignant,BreaDM-Ma-1924,train/Malignant/BreaDM-Ma-1924/p-019.npy,772caa3ae221447ebd10417d6b6caaf5c486b17bf812903f270e0de76f1a5dea,"(26, 27, 17)",uint8
train,Malignant,BreaDM-Ma-1924,train/Malignant/BreaDM-Ma-1924/p-026.npy,ed22a89624014807aabf0800fd497916512f36052a499774cf4a94b114735224,"(26, 27, 17)",uint8
train,Malignant,BreaDM-Ma-1924,train/Malignant/BreaDM-Ma-1924/p-027.npy,93fb67f93368cc11101b5c5d7bcca719e96d7d81e3c1e21c852f08e400ddf52b,"(26, 27, 17)",uint8
train,Malignant,BreaDM-Ma-1924,train/Malignant/BreaDM-Ma-1924/p-028.npy,6556fa9dbeea38f0daba199de9a5cd639dc26e017e0936e6eaafc5f6d6591a9f,"(26, 27, 17)",uint8
train,Malignant,BreaDM-Ma-1924,train/Malignant/BreaDM-Ma-1924/p-029.npy,072eec23c53c2b0c6a0f93c48b7ccb3bc6ef5819891233814281b08458499655,"(26, 27, 17)",uint8
train,Malignant,BreaDM-Ma-1924,train/Malignant/BreaDM-Ma-1924/p-036.npy,c1c259e03c97e1898ea00a3f8373515d2ce85ece3ff485d5a8a181f7a13e51bc,"(26, 27, 17)",uint8
train,Malignant,BreaDM-Ma-1924,train/Malignant/BreaDM-Ma-1924/p-037.npy,daf1510b6e8c2455b15d268de8069ad78257ebddba2e7064b64f219b4639a7c6,"(26, 27, 17)",uint8
train,Malignant,BreaDM-Ma-1924,train/Malignant/BreaDM-Ma-1924/p-038.npy,06e30da1031f2e91ae928df15d608c31d0d36d1469c28336cc8d10cf5a81414e,"(26, 27, 17)",uint8
train,Malignant,BreaDM-Ma-1924,train/Malignant/BreaDM-Ma-1924/p-039.npy,ada6f590e15a84afbffee65aaee92a934dcf4076517d16f0a2ff4e9be2ed680c,"(26, 27, 17)",uint8
train,Malignant,BreaDM-Ma-1924,train/Malignant/BreaDM-Ma-1924/p-046.npy,a8988370cf984857848f1ccef80793fcc9f576bf9f00a898d1095ea43f97dc94,"(26, 27, 17)",uint8
train,Malignant,BreaDM-Ma-1924,train/Malignant/BreaDM-Ma-1924/p-047.npy,45ab72b4f4484e3d9f035935948af981f293e9f2febe8888b3dc26028c7976cb,"(26, 27, 17)",uint8
train,Malignant,BreaDM-Ma-1924,train/Malignant/BreaDM-Ma-1924/p-048.npy,5d0869b6617ec611c82b8afa168459b38957460767150b388300211ccfeb0eb2,"(26, 27, 17)",uint8
train,Malignant,BreaDM-Ma-1924,train/Malignant/BreaDM-Ma-1924/p-049.npy,d0587f04c7e3e101ad95a9d019ecac1886a1d57d5bf631248ae3b8e376ae27df,"(26, 27, 17)",uint8
train,Malignant,BreaDM-Ma-1924,train/Malignant/BreaDM-Ma-1924/p-056.npy,0286f621afa8841a1d68012c21115bec33de1b7afb77eec0124403834cbbe7bd,"(26, 27, 17)",uint8
train,Malignant,BreaDM-Ma-1924,train/Malignant/BreaDM-Ma-1924/p-057.npy,7a1bd5dffc13ce2852e0ee846bdce53c34bf93c56794343bd53f66dcddc6daa2,"(26, 27, 17)",uint8
train,Malignant,BreaDM-Ma-1924,train/Malignant/BreaDM-Ma-1924/p-058.npy,285d7c17fda29384eabed84bf5897ac5ecbedd7c44b462a0171c8d3b85e7375f,"(26, 27, 17)",uint8
train,Malignant,BreaDM-Ma-1924,train/Malignant/BreaDM-Ma-1924/p-059.npy,f98cc0c113cc739165736db7a4f28c6c60446a0c43e211a5349ce50ba7a1993c,"(26, 27, 17)",uint8
train,Malignant,BreaDM-Ma-1924,train/Malignant/BreaDM-Ma-1924/p-066.npy,6a16514fe02a5f483e0bff4eca4058843b8909ca22fa2e0ad2236dd64f553792,"(26, 27, 17)",uint8
train,Malignant,BreaDM-Ma-1924,train/Malignant/BreaDM-Ma-1924/p-067.npy,2a7d7fb85a29179d927565f3f7124f8af8321d2bc8fb91a9ce290c84105125c3,"(26, 27, 17)",uint8
train,Malignant,BreaDM-Ma-1924,train/Malignant/BreaDM-Ma-1924/p-068.npy,dd074ff382610f7d710989a5bf50a20d536e039924ec503a8db8766948d1d85a,"(26, 27, 17)",uint8
train,Malignant,BreaDM-Ma-1924,train/Malignant/BreaDM-Ma-1924/p-069.npy,e4553295c5a7adc7c6a8263011773a30555b430cb8b90f66db327b92c68b8bc0,"(26, 27, 17)",uint8
train,Malignant,BreaDM-Ma-1926,train/Malignant/BreaDM-Ma-1926/p-037.npy,08d88e1ca386e38be215149b1ff34e6c0addc8fb223d262c17a8da90086ec2dc,"(41, 28, 17)",uint8
train,Malignant,BreaDM-Ma-1926,train/Malignant/BreaDM-Ma-1926/p-038.npy,f1c99c4079b408b7a0b6d628ba95f01e52ae1d3e7708da85d8f5f722ad331690,"(41, 28, 17)",uint8
train,Malignant,BreaDM-Ma-1926,train/Malignant/BreaDM-Ma-1926/p-039.npy,c69236a49e441397a5b91eb6c85c554bd9160316c81fa8267bc5133eb04b02a2,"(41, 28, 17)",uint8
train,Malignant,BreaDM-Ma-1926,train/Malignant/BreaDM-Ma-1926/p-040.npy,8e7c8c1cfa6abdd3eeec94d7aa2670fd385f54b9712b2f6aa15c5893f51327fe,"(41, 28, 17)",uint8
train,Malignant,BreaDM-Ma-1926,train/Malignant/BreaDM-Ma-1926/p-041.npy,23764576a0f3805b9b656a3b245ee0d0cf59f4ad021ec56d19c75958a2917a96,"(41, 28, 17)",uint8
train,Malignant,BreaDM-Ma-1926,train/Malignant/BreaDM-Ma-1926/p-042.npy,94ab3ea094dd3357ccca43196cb688495c2baa0ac34e08b8d8efda9aaf6bbda0,"(41, 28, 17)",uint8
train,Malignant,BreaDM-Ma-1927,train/Malignant/BreaDM-Ma-1927/p-040.npy,9e31b3b843c17e0531a1b18fb9c4f950d82c31ba9deda205e1f16094c9e4e8c2,"(28, 28, 17)",uint8
train,Malignant,BreaDM-Ma-1927,train/Malignant/BreaDM-Ma-1927/p-041.npy,f65517bb99e42072596940c5032ae23c2c786da26fccf3b09d438bc1810a7b47,"(28, 28, 17)",uint8
train,Malignant,BreaDM-Ma-1927,train/Malignant/BreaDM-Ma-1927/p-042.npy,e602476517883c2e665fe5e1ad13f71fb1e3a23f23287f727713f4f0ce05b667,"(28, 28, 17)",uint8
train,Malignant,BreaDM-Ma-1927,train/Malignant/BreaDM-Ma-1927/p-043.npy,936b16f309d915bb1affb6b999f65fc0f45f3d54e25367fa4ef8a8201e458a5d,"(28, 28, 17)",uint8
train,Malignant,BreaDM-Ma-1927,train/Malignant/BreaDM-Ma-1927/p-044.npy,c7a9a21987949eb09e808995a7b8cc7571cf25f3723b48b387e14873e39906a6,"(28, 28, 17)",uint8
train,Malignant,BreaDM-Ma-1927,train/Malignant/BreaDM-Ma-1927/p-045.npy,8618eed95e2b71b9cf2ef8666cc10b61d5c699d25399d9282e213ffc6e3afbbb,"(28, 28, 17)",uint8
train,Malignant,BreaDM-Ma-1927,train/Malignant/BreaDM-Ma-1927/p-046.npy,7f0a6e97fe313db5d08b5353f178a57a6908e6513186be5068f3da7340a2e044,"(28, 28, 17)",uint8
train,Malignant,BreaDM-Ma-1927,train/Malignant/BreaDM-Ma-1927/p-047.npy,30543b21943fb52813e5c6770782e9ae2a3ba74a4a27a36c45f4afac3d5d5432,"(28, 28, 17)",uint8
train,Malignant,BreaDM-Ma-1927,train/Malignant/BreaDM-Ma-1927/p-048.npy,d814009bc5ffa00105b6e3b66747bafd2ff9cb19a6eae9143ae06b57aa0988cb,"(28, 28, 17)",uint8
train,Malignant,BreaDM-Ma-1927,train/Malignant/BreaDM-Ma-1927/p-049.npy,618efa3db219b6e343454c189232c700bb2f2ccd7002b68ee30b7fa296dca945,"(28, 28, 17)",uint8
train,Malignant,BreaDM-Ma-1928,train/Malignant/BreaDM-Ma-1928/p-039.npy,b08c0df03e49c64b3e28c0d72747e362e3a6225d390ab15822bb6938216d7a83,"(18, 23, 17)",uint8
train,Malignant,BreaDM-Ma-1928,train/Malignant/BreaDM-Ma-1928/p-040.npy,ea1a8906f9e14bdfc805e9b3e0a37dd7ef1b52ea7caeb4614179ed3a08404df1,"(18, 23, 17)",uint8
train,Malignant,BreaDM-Ma-1928,train/Malignant/BreaDM-Ma-1928/p-041.npy,4067af972e54334d0a0d08c7588332193743d741d18f22bb7972a5b7153bb4f8,"(18, 23, 17)",uint8
train,Malignant,BreaDM-Ma-1928,train/Malignant/BreaDM-Ma-1928/p-042.npy,4ef790748c6dec0a5db450d07b6807525108e8d2cfd8b25829fcf699bc21efe1,"(18, 23, 17)",uint8
train,Malignant,BreaDM-Ma-2001,train/Malignant/BreaDM-Ma-2001/p-032.npy,692e26c9ae0e82a5869f6875e06e36b6b55838b1d7fa9ed99d974d0e3c45e11b,"(16, 18, 17)",uint8
train,Malignant,BreaDM-Ma-2001,train/Malignant/BreaDM-Ma-2001/p-033.npy,6bf5115174efc5b7d5ecec46c700510045adc625e0e16ffddf53bcddd12628b4,"(16, 18, 17)",uint8
train,Malignant,BreaDM-Ma-2001,train/Malignant/BreaDM-Ma-2001/p-034.npy,2a06b78e91580cd4f321a9878ef9f16419b2d989c59f4c1dc661d0f71803fbdf,"(16, 18, 17)",uint8
train,Malignant,BreaDM-Ma-2001,train/Malignant/BreaDM-Ma-2001/p-035.npy,946604a21e2e7cc79f913d949235b4486e097733c612d49cc81d850025edfb56,"(16, 18, 17)",uint8
train,Malignant,BreaDM-Ma-2002,train/Malignant/BreaDM-Ma-2002/p-027.npy,d5a7fadd563e2ccae3aa0ce6913a5734fe9790e39a50d454d64575d4c9872f69,"(24, 27, 17)",uint8
train,Malignant,BreaDM-Ma-2002,train/Malignant/BreaDM-Ma-2002/p-028.npy,5cc9e657918d3e5d995f92bdeabf4bde0a4ed0daa68d955364261a24a46d2937,"(24, 27, 17)",uint8
train,Malignant,BreaDM-Ma-2002,train/Malignant/BreaDM-Ma-2002/p-029.npy,475429ec466d31873ef85c21059d7431114f7c413f8cacd35521d2c22a2c5aca,"(24, 27, 17)",uint8
train,Malignant,BreaDM-Ma-2002,train/Malignant/BreaDM-Ma-2002/p-030.npy,d11bb1509e3daaf2c9982c497013b8d1c6949f21de7b3d2dd37a615d94dfcf39,"(24, 27, 17)",uint8
train,Malignant,BreaDM-Ma-2002,train/Malignant/BreaDM-Ma-2002/p-031.npy,2b7f5c8a775d16382ca46458ea12cf7d069f6ef6edbeecacd3d3486ab91e365b,"(24, 27, 17)",uint8
train,Malignant,BreaDM-Ma-2002,train/Malignant/BreaDM-Ma-2002/p-032.npy,debddb8af4efc60281e2a8da7e7e0db094eba49e67116d6451a77ed40e050208,"(24, 27, 17)",uint8
train,Malignant,BreaDM-Ma-2003,train/Malignant/BreaDM-Ma-2003/p-038.npy,0678ffa6734da38e13e07c1117c7dcc897ff0962cd92b7af8a2ae664120b7336,"(34, 36, 17)",uint8
train,Malignant,BreaDM-Ma-2003,train/Malignant/BreaDM-Ma-2003/p-039.npy,b020192cf49d5606a249fac21e05eb56716a0fb0668f02d4916d3c6ae50d8a36,"(34, 36, 17)",uint8
train,Malignant,BreaDM-Ma-2003,train/Malignant/BreaDM-Ma-2003/p-040.npy,d7c977ad0bf66d80b022fdfdcaa49098229e7ed6ece3b1722308d518e029345c,"(34, 36, 17)",uint8
train,Malignant,BreaDM-Ma-2003,train/Malignant/BreaDM-Ma-2003/p-041.npy,fb445c0301e3f347dcc256a08b6366197f1771d28ffe3f2847a0faf45f4787de,"(34, 36, 17)",uint8
train,Malignant,BreaDM-Ma-2003,train/Malignant/BreaDM-Ma-2003/p-042.npy,eb67934f61b73aa905f0c4fb392bd1b1729a6204611f08bdd697d8568579c7d8,"(34, 36, 17)",uint8
train,Malignant,BreaDM-Ma-2003,train/Malignant/BreaDM-Ma-2003/p-043.npy,fc156c272da11cab10788c63c5dfae1153b54c46efcc8800f55ae96e6f73fef7,"(34, 36, 17)",uint8
train,Malignant,BreaDM-Ma-2003,train/Malignant/BreaDM-Ma-2003/p-044.npy,ec64cef14e3bc3adc1ecbb18223a248213a00c81bab112c55baafa5db87783cc,"(34, 36, 17)",uint8
train,Malignant,BreaDM-Ma-2003,train/Malignant/BreaDM-Ma-2003/p-045.npy,65c7293868bc4983da708067d5778fb41bc1e5b57870c4a70ce71c22c1131daf,"(34, 36, 17)",uint8
train,Malignant,BreaDM-Ma-2003,train/Malignant/BreaDM-Ma-2003/p-046.npy,82e8630ade3cd16ee4a1356b5e6989bc1ef30ab881e395304fa60ebb4e3b0986,"(34, 36, 17)",uint8
train,Malignant,BreaDM-Ma-2003,train/Malignant/BreaDM-Ma-2003/p-047.npy,8bb252b34672e50c700cfb26123281dfe8ce8d557d404e1debc1ddbddcde4d1b,"(34, 36, 17)",uint8
train,Malignant,BreaDM-Ma-2004,train/Malignant/BreaDM-Ma-2004/p-044.npy,a08c08c2c748e05affd3d7a46bcc176cd0a70fdfe6bf409575daa4059cd8b19d,"(42, 45, 17)",uint8
train,Malignant,BreaDM-Ma-2004,train/Malignant/BreaDM-Ma-2004/p-045.npy,b1a47ad57f6cb3676f6cb517327b241c8f008135c8d567ab6b7dd06f255eea5c,"(42, 45, 17)",uint8
train,Malignant,BreaDM-Ma-2004,train/Malignant/BreaDM-Ma-2004/p-046.npy,3569edf3eb443884103b8d3a1d4e88716b469ad52a55cdf2d0552f6d6f12f32e,"(42, 45, 17)",uint8
train,Malignant,BreaDM-Ma-2004,train/Malignant/BreaDM-Ma-2004/p-047.npy,8a19ed0804f04ecabcdf16b3f73db784bcd11801c5bf2f9fe5bcc200f660d048,"(42, 45, 17)",uint8
train,Malignant,BreaDM-Ma-2004,train/Malignant/BreaDM-Ma-2004/p-048.npy,7cbd9af277a9cd43bf65ef057afd32675c3b1260f5177c0c0a5b7f007be6ba78,"(42, 45, 17)",uint8
train,Malignant,BreaDM-Ma-2004,train/Malignant/BreaDM-Ma-2004/p-049.npy,fa81e3561d5df24009edcf0aac340fd0003c85f5995b036ee963ae0323a51f65,"(42, 45, 17)",uint8
train,Malignant,BreaDM-Ma-2005,train/Malignant/BreaDM-Ma-2005/p-017.npy,b58392e5dfc647c62d13fe425163c7b358577a0dd568da4bb2732d191500585a,"(39, 49, 17)",uint8
train,Malignant,BreaDM-Ma-2005,train/Malignant/BreaDM-Ma-2005/p-018.npy,5378f1046df11df9e241e8f9b332d7a8a1bc584fac78dd3d3673e1f54a48b859,"(39, 49, 17)",uint8
train,Malignant,BreaDM-Ma-2005,train/Malignant/BreaDM-Ma-2005/p-019.npy,401726d4d540423693dda5bdbc4d4d9a38278cd0d02b2e6cab0233a5e8e48db5,"(39, 49, 17)",uint8
train,Malignant,BreaDM-Ma-2005,train/Malignant/BreaDM-Ma-2005/p-020.npy,444c35f8cab3ddf9ecbad7c60e8eaaf2ced175331af30242803d796439f86b28,"(39, 49, 17)",uint8
train,Malignant,BreaDM-Ma-2005,train/Malignant/BreaDM-Ma-2005/p-021.npy,ae15fc76a14a0a92f9acdd807db477e58e508313bf9e9fdac583587d0159f14a,"(39, 49, 17)",uint8
train,Malignant,BreaDM-Ma-2005,train/Malignant/BreaDM-Ma-2005/p-022.npy,d8108435256d970eca8738c44c64ee3354da3308956e10d07ff7aaf230ddb47d,"(39, 49, 17)",uint8
train,Malignant,BreaDM-Ma-2005,train/Malignant/BreaDM-Ma-2005/p-023.npy,089bc0efae162f101c73cb05ab3a6d545c374b79278b70eb67d91d9125e9b113,"(39, 49, 17)",uint8
train,Malignant,BreaDM-Ma-2005,train/Malignant/BreaDM-Ma-2005/p-024.npy,728bd329b8251f035aea88657a1009e406e0508a7c642f25495f7d65caf4f43d,"(39, 49, 17)",uint8
train,Malignant,BreaDM-Ma-2005,train/Malignant/BreaDM-Ma-2005/p-025.npy,2c1733f0a5e9fb408b58ce2daf7bed450a72439c53121f02ca614727ebfce059,"(39, 49, 17)",uint8
train,Malignant,BreaDM-Ma-2005,train/Malignant/BreaDM-Ma-2005/p-026.npy,21456654860fe05c47323776e255f52b18b7d707bf55bc6eb9186003e01812c3,"(39, 49, 17)",uint8
train,Malignant,BreaDM-Ma-2005,train/Malignant/BreaDM-Ma-2005/p-027.npy,a235ad5e6d8b2bf7b18df939b08cc86eb22c6a941dcbb2e82776c80a956c59e6,"(39, 49, 17)",uint8
train,Malignant,BreaDM-Ma-2005,train/Malignant/BreaDM-Ma-2005/p-028.npy,e91ada89d553c70cfe03571e7351fbed2120a8742b10b8c98f01175c97bd8395,"(39, 49, 17)",uint8
train,Malignant,BreaDM-Ma-2005,train/Malignant/BreaDM-Ma-2005/p-029.npy,bbc00a5b3740ee3a5609fd3a070f0fbd698cef95424a4f32e3d6a0b4e669fe56,"(39, 49, 17)",uint8
train,Malignant,BreaDM-Ma-2006,train/Malignant/BreaDM-Ma-2006/p-019.npy,111c25f942edd9bdb18b57cf10a0f77f1837a33046a1e0cb3eeeb8707c0da5e4,"(25, 26, 17)",uint8
train,Malignant,BreaDM-Ma-2006,train/Malignant/BreaDM-Ma-2006/p-020.npy,3b3f8cff622361d7fc2c5c92213fc56611982d6fcf315aa90b06a077e5360b47,"(25, 26, 17)",uint8
train,Malignant,BreaDM-Ma-2006,train/Malignant/BreaDM-Ma-2006/p-021.npy,f827c6bb99a7e61f3c56674cfb9dec691b460496fb9ea9617ddff7090dbec135,"(25, 26, 17)",uint8
train,Malignant,BreaDM-Ma-2006,train/Malignant/BreaDM-Ma-2006/p-022.npy,4d082edc5826b25aba5f7199d7cbbcee45611f027a1af75cbe86e6e4f14f0310,"(25, 26, 17)",uint8
train,Malignant,BreaDM-Ma-2006,train/Malignant/BreaDM-Ma-2006/p-023.npy,752cdf944e599f60cb837daca93a0eba95546b768f2f6adbc37ce381c269dcf5,"(25, 26, 17)",uint8
train,Malignant,BreaDM-Ma-2008,train/Malignant/BreaDM-Ma-2008/p-082.npy,6706a12a47427bbf19618bdf08925e8937ca22081562a6914c351b0c557deccc,"(19, 17, 17)",uint8
train,Malignant,BreaDM-Ma-2008,train/Malignant/BreaDM-Ma-2008/p-083.npy,91cbcd27d4a1476ead1ef9b00db538cf0e70a1c830fb2d2318cf627e6c121195,"(19, 17, 17)",uint8
train,Malignant,BreaDM-Ma-2008,train/Malignant/BreaDM-Ma-2008/p-084.npy,c0665f2a0b9e6682315e175f53a545558d2e24798dc702b68c7ae1658c926f2d,"(19, 17, 17)",uint8
train,Malignant,BreaDM-Ma-2008,train/Malignant/BreaDM-Ma-2008/p-085.npy,1afb57d242858e8004032cee071fc4e87d8af14699af1e31d2f2dbef0ac5aed8,"(19, 17, 17)",uint8
train,Malignant,BreaDM-Ma-2008,train/Malignant/BreaDM-Ma-2008/p-086.npy,c9e91fbcba8e57b1583a10af095aa002a6926affa9fe0cae16e7416ac76c95dd,"(19, 17, 17)",uint8
train,Malignant,BreaDM-Ma-2008,train/Malignant/BreaDM-Ma-2008/p-087.npy,ab273c3de18d185c9bfac6eaddf08221451575b3d7c171d8a833e477dde01219,"(19, 17, 17)",uint8
train,Malignant,BreaDM-Ma-2008,train/Malignant/BreaDM-Ma-2008/p-088.npy,9e1ea1106102701f5a07fb05a44e239257f332d7f2ae074a28da1b02aae41bc4,"(19, 17, 17)",uint8
train,Malignant,BreaDM-Ma-2008,train/Malignant/BreaDM-Ma-2008/p-089.npy,88222e13cf354cd595b74327e3f937d2b3fe1f4fc06c38444519ef531249d7f1,"(19, 17, 17)",uint8
train,Malignant,BreaDM-Ma-2008,train/Malignant/BreaDM-Ma-2008/p-090.npy,9ba647bdc6975c97d6372909bd987807c33c03beb42fa2140a1ab25be0cca9c8,"(19, 17, 17)",uint8
train,Malignant,BreaDM-Ma-2008,train/Malignant/BreaDM-Ma-2008/p-091.npy,1f2fd6de999bbd7fe7c7d7433dae44ff777558eb1c3889abdada03c893125856,"(19, 17, 17)",uint8
train,Malignant,BreaDM-Ma-2008,train/Malignant/BreaDM-Ma-2008/p-092.npy,fb3160f8fcdb29e69a999cae73f32ac5ba5d8323565ed661194fccd154ca6a4f,"(19, 17, 17)",uint8
train,Malignant,BreaDM-Ma-2008,train/Malignant/BreaDM-Ma-2008/p-093.npy,40f66b88f95dfd87974870fff45f7023490543bf65a9cdd2ef1f92cd34ad9cdb,"(19, 17, 17)",uint8
train,Malignant,BreaDM-Ma-2008,train/Malignant/BreaDM-Ma-2008/p-094.npy,101a04b35005aa36468e3ce38ce76173657467b1452fb7e292290e2a79437e0f,"(19, 17, 17)",uint8
train,Malignant,BreaDM-Ma-2008,train/Malignant/BreaDM-Ma-2008/p-095.npy,5c3d367b533035517e81feb29b020a234391fcc96d90646d30a7569f33e3d491,"(19, 17, 17)",uint8
train,Malignant,BreaDM-Ma-2009,train/Malignant/BreaDM-Ma-2009/p-030.npy,29514cee90a06d4cd2a1ce02237caba9db8304a218da0a08ecadde789102b3db,"(12, 18, 17)",uint8
train,Malignant,BreaDM-Ma-2009,train/Malignant/BreaDM-Ma-2009/p-031.npy,ad8809f63bf9f6bd18a8674354a5942f23e33f61702111f0b076c5f3b6a30593,"(12, 18, 17)",uint8
train,Malignant,BreaDM-Ma-2009,train/Malignant/BreaDM-Ma-2009/p-032.npy,0cd7e1d7d641956f3ca91980addaba283df88dafd85a08dc7188817699c25d89,"(12, 18, 17)",uint8
train,Malignant,BreaDM-Ma-2009,train/Malignant/BreaDM-Ma-2009/p-033.npy,1bd510af64a8d9b622987af1781d0f4e4a923fc901fc02a0d7d5c10d487302fc,"(12, 18, 17)",uint8
train,Malignant,BreaDM-Ma-2010,train/Malignant/BreaDM-Ma-2010/p-037.npy,a90efb8e838d79ae3b9bd2d9212bc22398d2fe11f48882d321bfcaf631118ea7,"(21, 25, 17)",uint8
train,Malignant,BreaDM-Ma-2010,train/Malignant/BreaDM-Ma-2010/p-038.npy,085bcfacdf73a8aca1b5954c1ab712d4cf70113bdee5175904b58a993b77a9f0,"(21, 25, 17)",uint8
train,Malignant,BreaDM-Ma-2010,train/Malignant/BreaDM-Ma-2010/p-039.npy,63dcd3c8122b2ba705fd7455251608b161772fd7fed35ec4cc441eaaad5bf76d,"(21, 25, 17)",uint8
train,Malignant,BreaDM-Ma-2010,train/Malignant/BreaDM-Ma-2010/p-040.npy,87791c5cd8f62ea6f7efc2131e77afc0caaaf32570d690acff7e2609941707b6,"(21, 25, 17)",uint8
train,Malignant,BreaDM-Ma-2010,train/Malignant/BreaDM-Ma-2010/p-041.npy,151bfa3d4cb78f642ade81f257fb8451e822636715a5a7d70f3f8de255540d64,"(21, 25, 17)",uint8
train,Malignant,BreaDM-Ma-2011,train/Malignant/BreaDM-Ma-2011/p-030.npy,ce3b8a0a1562fbf165cbf97822c46a01e885c9453530de8742230c5a12661e53,"(17, 18, 17)",uint8
train,Malignant,BreaDM-Ma-2011,train/Malignant/BreaDM-Ma-2011/p-031.npy,c207fd3db0531f2aa339daeb44a3869025c9cace3718ed16b4584dc7eef1a714,"(17, 18, 17)",uint8
train,Malignant,BreaDM-Ma-2011,train/Malignant/BreaDM-Ma-2011/p-032.npy,d6e168acf2a32054bb70bbfa9c2243c8dddda6dfb9cb9931a5dd580d4360b409,"(17, 18, 17)",uint8
train,Malignant,BreaDM-Ma-2011,train/Malignant/BreaDM-Ma-2011/p-033.npy,b4e5c0550144f34aff7fa5c26f3d66c3a50fae4e29cba47b59263f40b360f113,"(17, 18, 17)",uint8
train,Malignant,BreaDM-Ma-2013,train/Malignant/BreaDM-Ma-2013/p-063.npy,e8a6dffffafaafa8117dba7cb0388d94c7cadaf0143a55020135a3e3d5fd2529,"(24, 20, 17)",uint8
train,Malignant,BreaDM-Ma-2013,train/Malignant/BreaDM-Ma-2013/p-064.npy,4ff3b95c53b1e7c4d09f68e5b6fdec6861ca0e9df40adf125ca0a1802bc594c3,"(24, 20, 17)",uint8
train,Malignant,BreaDM-Ma-2013,train/Malignant/BreaDM-Ma-2013/p-065.npy,6ce45a464efbb28d66a42e7e8f7eded8aa4f7f826f74b5dad81798f23b4d7240,"(24, 20, 17)",uint8
train,Malignant,BreaDM-Ma-2013,train/Malignant/BreaDM-Ma-2013/p-066.npy,6de96f0ef03bef3f69f02161f1bc29808b9563c3e9229c912ae1166348ee1841,"(24, 20, 17)",uint8
train,Malignant,BreaDM-Ma-2013,train/Malignant/BreaDM-Ma-2013/p-067.npy,36cdf02e12c18eadce910af9d4dc0931fc8fa7c61e524af441bd89d0b35050d9,"(24, 20, 17)",uint8
train,Malignant,BreaDM-Ma-2013,train/Malignant/BreaDM-Ma-2013/p-068.npy,c6d28b1ce8624a79c86ebb549579d04e2220d831fc5577f6a39cbc9e50ce7572,"(24, 20, 17)",uint8
train,Malignant,BreaDM-Ma-2013,train/Malignant/BreaDM-Ma-2013/p-069.npy,7fd990057bbb41510dbb987dd122dcd125230009e4993b66d88ae18cc45cc1f5,"(24, 20, 17)",uint8
train,Malignant,BreaDM-Ma-2013,train/Malignant/BreaDM-Ma-2013/p-070.npy,bdf6b688cb318f7d791073953aa9ddfaf81758b3c54e211b0315922b0c68bec2,"(24, 20, 17)",uint8
train,Malignant,BreaDM-Ma-2014,train/Malignant/BreaDM-Ma-2014/p-061.npy,c9eecb3d00618918fd1183e4b192f316a0be8f6a25da78d70511e5976e58260b,"(18, 17, 17)",uint8
train,Malignant,BreaDM-Ma-2014,train/Malignant/BreaDM-Ma-2014/p-062.npy,368c797abb7e13cc6dd50a82a4c624bbee228e078fda01a2b79efefdc1e6fbc6,"(18, 17, 17)",uint8
train,Malignant,BreaDM-Ma-2014,train/Malignant/BreaDM-Ma-2014/p-063.npy,4033aa266bd6426273e0bb8de093689b53dfb2b7925b39fc94fadf31a6eb6007,"(18, 17, 17)",uint8
train,Malignant,BreaDM-Ma-2014,train/Malignant/BreaDM-Ma-2014/p-064.npy,e4b211e55498bec519c3a6040938f5ef23a05d95650864a1f9d567399ecc411d,"(18, 17, 17)",uint8
train,Malignant,BreaDM-Ma-2014,train/Malignant/BreaDM-Ma-2014/p-065.npy,f6ad59d2d8f0fbc44c99433b8a952fdcf989b3b03c38ac258dca8201f85174e9,"(18, 17, 17)",uint8
train,Malignant,BreaDM-Ma-2014,train/Malignant/BreaDM-Ma-2014/p-066.npy,1bd3a77073ffe3c9a72e8b58e706e5fa049c477f7885a39eb07f5e7d8670e36e,"(18, 17, 17)",uint8
train,Malignant,BreaDM-Ma-2015,train/Malignant/BreaDM-Ma-2015/p-042.npy,e5192d361a2f99b705974342c18638ad79b3459899d355981f12c49b51ff81c6,"(33, 28, 17)",uint8
train,Malignant,BreaDM-Ma-2015,train/Malignant/BreaDM-Ma-2015/p-043.npy,3eb0dccd761eeb076e07a83fbec813f6636ff109bb24006635e058154feb7ca9,"(33, 28, 17)",uint8
train,Malignant,BreaDM-Ma-2015,train/Malignant/BreaDM-Ma-2015/p-044.npy,d1d5130e3d9a19ef4aa21128c4811050b28096785f21bc9de994076ed97e13e6,"(33, 28, 17)",uint8
train,Malignant,BreaDM-Ma-2015,train/Malignant/BreaDM-Ma-2015/p-045.npy,1b9dfba786f95f61da77da520c5dda743b513e06d37380612b80eceec4e0dfb3,"(33, 28, 17)",uint8
train,Malignant,BreaDM-Ma-2015,train/Malignant/BreaDM-Ma-2015/p-046.npy,9658d700f5738beb0b070acbb16888a14d35701a5a6eee1e5f5569fcbeea44cb,"(33, 28, 17)",uint8
train,Malignant,BreaDM-Ma-2015,train/Malignant/BreaDM-Ma-2015/p-047.npy,6ca62872efbaa4f0dc5a507bd130c52dee89210834238fdbecc813697aa2c164,"(33, 28, 17)",uint8
train,Malignant,BreaDM-Ma-2015,train/Malignant/BreaDM-Ma-2015/p-048.npy,1791a5bdaed204dd41c76ab0f2b42a64491534d83e521ae80f8185f48ec23759,"(33, 28, 17)",uint8
train,Malignant,BreaDM-Ma-2015,train/Malignant/BreaDM-Ma-2015/p-049.npy,2209fab2cf15208c8857f3e9af213402dc36ace13db171d7ac8ab6b0c3ef2af5,"(33, 28, 17)",uint8
train,Malignant,BreaDM-Ma-2016,train/Malignant/BreaDM-Ma-2016/p-019.npy,3f016e8a20c7d6928f9fbc23b3a099027bd69affb6478010d840e0bd7a69534a,"(49, 49, 17)",uint8
train,Malignant,BreaDM-Ma-2016,train/Malignant/BreaDM-Ma-2016/p-020.npy,d8b5aa73a46d2596772a8b6f3a5c48542c1e435f605295aa0d5c0d1639fab931,"(49, 49, 17)",uint8
train,Malignant,BreaDM-Ma-2016,train/Malignant/BreaDM-Ma-2016/p-021.npy,f6a2bdb45b98815236e26bada6d157d1007fcf2a1f1e3ac840359d1bc9089ba7,"(49, 49, 17)",uint8
train,Malignant,BreaDM-Ma-2016,train/Malignant/BreaDM-Ma-2016/p-022.npy,1a1fb10baa4e70afe61fb3ff75254eb2f7561766562d02a2497f47d34e3081d5,"(49, 49, 17)",uint8
train,Malignant,BreaDM-Ma-2016,train/Malignant/BreaDM-Ma-2016/p-023.npy,d361fa0f54cb4f9a1b4bde0665dc9ed28c587ae92b909d05f2c7818202fb2ca9,"(49, 49, 17)",uint8
train,Malignant,BreaDM-Ma-2016,train/Malignant/BreaDM-Ma-2016/p-024.npy,e5203cc2c6267f78ca5e34f0968d67dd56274c0a655c305f9e287f12aa0e1ac3,"(49, 49, 17)",uint8
train,Malignant,BreaDM-Ma-2016,train/Malignant/BreaDM-Ma-2016/p-025.npy,009adaf57894568a9e4b76c8d815a325d0f9e79e9caee7213b984a47e4ae6a90,"(49, 49, 17)",uint8
train,Malignant,BreaDM-Ma-2016,train/Malignant/BreaDM-Ma-2016/p-026.npy,5d3daa9ec1d523315549fe30e133eedfab7449c71666784373b1b989327976d9,"(49, 49, 17)",uint8
train,Malignant,BreaDM-Ma-2016,train/Malignant/BreaDM-Ma-2016/p-027.npy,e50d5777c94723196ba3132962d1a364ebb6929e60ecbfb85d299d1592c02b5f,"(49, 49, 17)",uint8
train,Malignant,BreaDM-Ma-2016,train/Malignant/BreaDM-Ma-2016/p-028.npy,0b965e58ed3cfec38fba90b726db2d3bd4d24da93f7afda48885afdfec61d812,"(49, 49, 17)",uint8
train,Malignant,BreaDM-Ma-2016,train/Malignant/BreaDM-Ma-2016/p-029.npy,a7a463f18b0d37fe242c673d94725388ca1061137221051607a993fc9221e5b4,"(49, 49, 17)",uint8
train,Malignant,BreaDM-Ma-2016,train/Malignant/BreaDM-Ma-2016/p-030.npy,1d7b8c7e8207bce273ba6ee66eaccca6cd8fd0ee820f122d9664aef240a3997f,"(49, 49, 17)",uint8
train,Malignant,BreaDM-Ma-2016,train/Malignant/BreaDM-Ma-2016/p-031.npy,4db2b73c24a06aacf63284f0797768d3598584cdd504d730bca0f3010901de56,"(49, 49, 17)",uint8
train,Malignant,BreaDM-Ma-2018,train/Malignant/BreaDM-Ma-2018/p-047.npy,ac80dddc8f2ef08eb42981d4de2e770e8f3fd88e34e1cdaca23730b999596022,"(17, 17, 17)",uint8
train,Malignant,BreaDM-Ma-2018,train/Malignant/BreaDM-Ma-2018/p-048.npy,231b363750153ee2d9985a4a229e43fe7846ad62b11ddc488636dca3f2d97373,"(17, 17, 17)",uint8
train,Malignant,BreaDM-Ma-2018,train/Malignant/BreaDM-Ma-2018/p-049.npy,00648dc1b547eddba3ce8b3dc7f7b0fe7ed2e80e39415c632e12918dffab7dd1,"(17, 17, 17)",uint8
train,Malignant,BreaDM-Ma-2018,train/Malignant/BreaDM-Ma-2018/p-050.npy,fc0410fa478377747439b0092b12b0c6c15f22b08e312a09edbb73ef7f7cf23f,"(17, 17, 17)",uint8
train,Malignant,BreaDM-Ma-2019,train/Malignant/BreaDM-Ma-2019/p-022.npy,b91409b9c7e8721e9094353c1ea23115f290d07e408969f4a4597743bb74d8b4,"(10, 11, 17)",uint8
train,Malignant,BreaDM-Ma-2019,train/Malignant/BreaDM-Ma-2019/p-023.npy,04da62dbc027b9fbdf3a372363bb6046f2687b95681f42b7a32e570f79018807,"(10, 11, 17)",uint8
train,Malignant,BreaDM-Ma-2019,train/Malignant/BreaDM-Ma-2019/p-024.npy,e7d608ce8806a1046d56ef15df2d1e55469bb031f3c1ec7c2211f18fdae4a2a3,"(10, 11, 17)",uint8
train,Malignant,BreaDM-Ma-2019,train/Malignant/BreaDM-Ma-2019/p-025.npy,e11ddae23d93ec2e62c8d473594ad511001c3c6b778601050c3eb71309157709,"(10, 11, 17)",uint8
train,Malignant,BreaDM-Ma-2019,train/Malignant/BreaDM-Ma-2019/p-026.npy,1282446dab39ca927dc22ef42658492a5acdc0e657f9c2653411d2b4f283b7da,"(10, 11, 17)",uint8
train,Malignant,BreaDM-Ma-2019,train/Malignant/BreaDM-Ma-2019/p-027.npy,99275a47b4d63166b1fbc1502b02949e1b889c871bb28514ff809d10e53316d6,"(10, 11, 17)",uint8
train,Malignant,BreaDM-Ma-2020,train/Malignant/BreaDM-Ma-2020/p-027.npy,828e20422f258372de3a8a345a8d0d044fbd8a15566ac2fa8ca4879abfd64f01,"(37, 33, 17)",uint8
train,Malignant,BreaDM-Ma-2020,train/Malignant/BreaDM-Ma-2020/p-028.npy,ec6c77a90a14b553f4881aee4d1265c6d4bfff52f819a1e3d1381d626e2ca136,"(37, 33, 17)",uint8
train,Malignant,BreaDM-Ma-2020,train/Malignant/BreaDM-Ma-2020/p-029.npy,2e3a14a8df50c786c1ecf56c1ab53ba6f9972ac375d52deeacfc7ff4be699718,"(37, 33, 17)",uint8
train,Malignant,BreaDM-Ma-2020,train/Malignant/BreaDM-Ma-2020/p-030.npy,5fbc7d906b5e08a69a0fdb680b2264f4d174286305cff277ce30e4f782193475,"(37, 33, 17)",uint8
train,Malignant,BreaDM-Ma-2020,train/Malignant/BreaDM-Ma-2020/p-031.npy,f602037a1dcf8c8f9a72de65b21177962add2ed0a06a25589ec6184062d565e6,"(37, 33, 17)",uint8
train,Malignant,BreaDM-Ma-2020,train/Malignant/BreaDM-Ma-2020/p-032.npy,fb0b705dc05a411fc4ddf5d8eb892de9cc6dd13885e7ed78e0eeb86779637220,"(37, 33, 17)",uint8
train,Malignant,BreaDM-Ma-2020,train/Malignant/BreaDM-Ma-2020/p-033.npy,6fa5ade88400b7f16201775a2f70b9bae8c4f31725a7ad5ac37c5c0d41c1a604,"(37, 33, 17)",uint8
train,Malignant,BreaDM-Ma-2020,train/Malignant/BreaDM-Ma-2020/p-034.npy,33bd099cf5be732ed7dbaf2456e518ce549ccf20790be1fc104b58bb4540cf4f,"(37, 33, 17)",uint8
train,Malignant,BreaDM-Ma-2020,train/Malignant/BreaDM-Ma-2020/p-035.npy,8860e3cf0ba2aa4b94fd18126a4b3d66ac1e6e939a854e98a75acf44a2746dcd,"(37, 33, 17)",uint8
train,Malignant,BreaDM-Ma-2020,train/Malignant/BreaDM-Ma-2020/p-036.npy,eaee74ab1192a02373a077524e5552f7639ff847601fe22e8fbcf48d9447055a,"(37, 33, 17)",uint8
train,Malignant,BreaDM-Ma-2020,train/Malignant/BreaDM-Ma-2020/p-037.npy,0f735ea9edba899e2523c03475bcca1f8fedcccafb62c2040be91ab0cfcc4d82,"(37, 33, 17)",uint8
train,Malignant,BreaDM-Ma-2020,train/Malignant/BreaDM-Ma-2020/p-038.npy,16d57652b488eae4c3002e44b77141ca25c65e03d6e44eb94ae79ce00a607976,"(37, 33, 17)",uint8
train,Malignant,BreaDM-Ma-2020,train/Malignant/BreaDM-Ma-2020/p-039.npy,2a406b3dbfdb89f0c4c0c946196007b4f7cc5a4d9e8f0666183fc3325d9de7e6,"(37, 33, 17)",uint8
train,Malignant,BreaDM-Ma-2020,train/Malignant/BreaDM-Ma-2020/p-040.npy,6ad353157015cf951206371e335d740f8a046c07ce3f2e0932b201417bed7259,"(37, 33, 17)",uint8
train,Malignant,BreaDM-Ma-2021,train/Malignant/BreaDM-Ma-2021/p-052.npy,851ef4904e03bb5a8de6e9de7cb24e7c05d43f2243f3545a1abd9c1e207739f4,"(24, 20, 17)",uint8
train,Malignant,BreaDM-Ma-2021,train/Malignant/BreaDM-Ma-2021/p-053.npy,db424a187faf23d770b17b748c4004b34fac51853016a3783a2ab9525c16760c,"(24, 20, 17)",uint8
train,Malignant,BreaDM-Ma-2021,train/Malignant/BreaDM-Ma-2021/p-054.npy,a6eab47d5b36d8e4cdca24e1660a90a93a4171e2f6f7e700c5532464aaa9584e,"(24, 20, 17)",uint8
train,Malignant,BreaDM-Ma-2021,train/Malignant/BreaDM-Ma-2021/p-055.npy,239734c497063b6da94f53c59d7ded07a653e5e07172d18ac8b6469dcc880b41,"(24, 20, 17)",uint8
train,Malignant,BreaDM-Ma-2021,train/Malignant/BreaDM-Ma-2021/p-056.npy,e495a11f5c3ec1dd2c1e864aa73a7078c5eacaa4b8c76e5c62064cc9650170e5,"(24, 20, 17)",uint8
train,Malignant,BreaDM-Ma-2021,train/Malignant/BreaDM-Ma-2021/p-057.npy,d94f2789af09cced218535dc8686d3a905e9007f33718e2f6ac2843bfec3179e,"(24, 20, 17)",uint8
train,Malignant,BreaDM-Ma-2022,train/Malignant/BreaDM-Ma-2022/p-063.npy,b976785002501d0401f2e9591e6c9e5aa2700a90635877631aa128e5427c41d0,"(26, 20, 17)",uint8
train,Malignant,BreaDM-Ma-2022,train/Malignant/BreaDM-Ma-2022/p-064.npy,fda4ccfa2194965bff84a1560ad2e813940e09293713c9e53886b25cb17ff737,"(26, 20, 17)",uint8
train,Malignant,BreaDM-Ma-2022,train/Malignant/BreaDM-Ma-2022/p-065.npy,81e24bc804097c3895f01a3aa424d668ab4a75c9dedb47ccb494b3d75b2b3515,"(26, 20, 17)",uint8
train,Malignant,BreaDM-Ma-2022,train/Malignant/BreaDM-Ma-2022/p-066.npy,1dcd5ca76698dfcb70fd8e66a6144f0bdd8a562656f7fadf055f6a6c4e0ac55d,"(26, 20, 17)",uint8
train,Malignant,BreaDM-Ma-2022,train/Malignant/BreaDM-Ma-2022/p-067.npy,58ac64ab03cbf1a2fde5fdbc04c24fd4a010394d04977ef481bc127c09b9c059,"(26, 20, 17)",uint8
train,Malignant,BreaDM-Ma-2022,train/Malignant/BreaDM-Ma-2022/p-068.npy,0f6b5e74642e1268770fc94032b8b9adbba58a85ab0ab9997f29e32d6c080e4f,"(26, 20, 17)",uint8
train,Malignant,BreaDM-Ma-2022,train/Malignant/BreaDM-Ma-2022/p-069.npy,bb1908b32656b63a0a39a279bcec2b299ce136d67c0bc4c78ad97e4ca79f8436,"(26, 20, 17)",uint8
train,Malignant,BreaDM-Ma-2022,train/Malignant/BreaDM-Ma-2022/p-070.npy,476acd33fe978fa3a808f1d8a2ec740262c8b7d00b4246e5a59b8d9b5b9e0c68,"(26, 20, 17)",uint8
train,Malignant,BreaDM-Ma-2022,train/Malignant/BreaDM-Ma-2022/p-071.npy,d99c1b25edc50c61f7aa12286b1e3c30409c5428529234ea91969c03bdb35030,"(26, 20, 17)",uint8
train,Malignant,BreaDM-Ma-2022,train/Malignant/BreaDM-Ma-2022/p-072.npy,aa637c04d9ea9d8203ebe59747bb8d00b03037c803d6fae008c97921bf646e04,"(26, 20, 17)",uint8
train,Malignant,BreaDM-Ma-2023,train/Malignant/BreaDM-Ma-2023/p-019.npy,cdb3ea30a2d9381de5371e8344be56e0f9f498442bac76475462846ecee4f407,"(20, 26, 17)",uint8
train,Malignant,BreaDM-Ma-2023,train/Malignant/BreaDM-Ma-2023/p-020.npy,0a50f7a834ad6d2af4a2d629fba1a3bd83897b79bde953c94d96a4474370c000,"(20, 26, 17)",uint8
train,Malignant,BreaDM-Ma-2023,train/Malignant/BreaDM-Ma-2023/p-021.npy,9d8116fffca631f0e39206ee7eb7d288219374cd3eb4791e0de6305d565881d9,"(20, 26, 17)",uint8
train,Malignant,BreaDM-Ma-2023,train/Malignant/BreaDM-Ma-2023/p-022.npy,683185ca11f51982a68b1f6b4dffdafd671dd601014b1bbd4d724f971bf74441,"(20, 26, 17)",uint8
train,Malignant,BreaDM-Ma-2023,train/Malignant/BreaDM-Ma-2023/p-023.npy,b7f59d309467458a321366e7a5763bc2a66880be4df0994d75cd0f7d34702974,"(20, 26, 17)",uint8
train,Malignant,BreaDM-Ma-2023,train/Malignant/BreaDM-Ma-2023/p-024.npy,0f255c2f9198ca17171bdef107b605d04d4753345519fef7b58923cafa1a43f9,"(20, 26, 17)",uint8
train,Malignant,BreaDM-Ma-2023,train/Malignant/BreaDM-Ma-2023/p-025.npy,da96e7f777b2bda0cfa4c2322af25b1eb0a1914c91e3218771055da6785c56dc,"(20, 26, 17)",uint8
train,Malignant,BreaDM-Ma-2023,train/Malignant/BreaDM-Ma-2023/p-026.npy,710417613127c4035402342ba2da984fc12393600cedc7cd83167ac540c3a11f,"(20, 26, 17)",uint8
train,Malignant,BreaDM-Ma-2024,train/Malignant/BreaDM-Ma-2024/p-072.npy,00b043e19de3d920a8e9b6f772c5d877aca02ca548844e2524415b827d083a83,"(31, 33, 17)",uint8
train,Malignant,BreaDM-Ma-2024,train/Malignant/BreaDM-Ma-2024/p-073.npy,97a1f1058da406be49f7e379d06f994fe1bca6735b53c76c07053cbfec31e7bb,"(31, 33, 17)",uint8
train,Malignant,BreaDM-Ma-2024,train/Malignant/BreaDM-Ma-2024/p-074.npy,2ac9a1afd0dd6369d96d3a02fcd8b075964221a2bc4477ec09dc920f238cb30f,"(31, 33, 17)",uint8
train,Malignant,BreaDM-Ma-2024,train/Malignant/BreaDM-Ma-2024/p-075.npy,e8018047263537e6550440b6dc673c3a08ec7f40431cab9351da4c3ac1f89dd3,"(31, 33, 17)",uint8
train,Malignant,BreaDM-Ma-2024,train/Malignant/BreaDM-Ma-2024/p-076.npy,a805316be959ec105110e94c3647405e45dde6f21656e0194e963754277ba587,"(31, 33, 17)",uint8
train,Malignant,BreaDM-Ma-2024,train/Malignant/BreaDM-Ma-2024/p-077.npy,c188f5149463da5ac5105b162e69438f4e493d7e2d75462451774d3bcf2b0d4d,"(31, 33, 17)",uint8
train,Malignant,BreaDM-Ma-2024,train/Malignant/BreaDM-Ma-2024/p-078.npy,be0b7fcb00c8bd33d259281d5f51348cdcad6d9dd87ba5a2e6de271531fcac8c,"(31, 33, 17)",uint8
train,Malignant,BreaDM-Ma-2024,train/Malignant/BreaDM-Ma-2024/p-079.npy,cf4a153e5b625439e36eb240cef9a48196e13f46f3e8f8ba5d0fb8d4d855c618,"(31, 33, 17)",uint8
train,Malignant,BreaDM-Ma-2024,train/Malignant/BreaDM-Ma-2024/p-080.npy,214385625bbe74048c44ac26963a99c5d0dac222399a07be4e7b724240b5ffa5,"(31, 33, 17)",uint8
train,Malignant,BreaDM-Ma-2024,train/Malignant/BreaDM-Ma-2024/p-081.npy,fb345b5f035dd602b3363db6f88484117e4cd4caa87280b49a225800eacc832c,"(31, 33, 17)",uint8
train,Malignant,BreaDM-Ma-2024,train/Malignant/BreaDM-Ma-2024/p-082.npy,816fe979fb0294485567f6e4476e8083e88e411e52f590d4aa9236e61fe4d320,"(31, 33, 17)",uint8
train,Malignant,BreaDM-Ma-2024,train/Malignant/BreaDM-Ma-2024/p-083.npy,dfcda155baf13f4ec870392b1b862d1218e2e56eb3873ee4841a8efbf42cd407,"(31, 33, 17)",uint8
train,Malignant,BreaDM-Ma-2024,train/Malignant/BreaDM-Ma-2024/p-084.npy,00d0e40a759e23fd800854e834d2876e2078dc1ab1b78a9e80e755a87da62b81,"(31, 33, 17)",uint8
train,Malignant,BreaDM-Ma-2024,train/Malignant/BreaDM-Ma-2024/p-085.npy,b81889b9e594f2aeedf08c1aafbdf7904862ea76bd73accaeef1d0e78e459e3f,"(31, 33, 17)",uint8
train,Malignant,BreaDM-Ma-2024,train/Malignant/BreaDM-Ma-2024/p-086.npy,6d7ab595ba630fdb2692e954fef41946ac3804e8204c0703d4714aab4796991a,"(31, 33, 17)",uint8
train,Malignant,BreaDM-Ma-2024,train/Malignant/BreaDM-Ma-2024/p-087.npy,ecad957f6e22070b95cf0ad5f6b969f5130fbde4ac2457d0605aef42c436e6f1,"(31, 33, 17)",uint8
train,Malignant,BreaDM-Ma-2025,train/Malignant/BreaDM-Ma-2025/p-022.npy,93ab0ddfbe75e970008a7d761f6394b42326206a375072625c4f8f1f43d7712a,"(40, 37, 17)",uint8
train,Malignant,BreaDM-Ma-2025,train/Malignant/BreaDM-Ma-2025/p-023.npy,f3fe257bf042c38d16aadbc2f86c546e17a242a17cd13133c55b961f6644f0e6,"(40, 37, 17)",uint8
train,Malignant,BreaDM-Ma-2025,train/Malignant/BreaDM-Ma-2025/p-024.npy,77c49956b81c83621000702ec019764fed0d918576b965ba060c3c95b8485f9d,"(40, 37, 17)",uint8
train,Malignant,BreaDM-Ma-2025,train/Malignant/BreaDM-Ma-2025/p-025.npy,4cd8730cc8819ced57a5afb7cf615d37a8bf69a17744df691128f5a3b75cf716,"(40, 37, 17)",uint8
train,Malignant,BreaDM-Ma-2025,train/Malignant/BreaDM-Ma-2025/p-026.npy,7e5132d6a04542f2c08e2b4f9000d47837af2c31fa4d1cde5fd5b096541a8d44,"(40, 37, 17)",uint8
train,Malignant,BreaDM-Ma-2025,train/Malignant/BreaDM-Ma-2025/p-027.npy,e0c96c92184312d3d8692f5dbb51143bff55175dc93b4968495eecfbc9bc88c7,"(40, 37, 17)",uint8
train,Malignant,BreaDM-Ma-2025,train/Malignant/BreaDM-Ma-2025/p-028.npy,0ddfc1ad171d94f0d1965461081f7beee4e29d202dfba659c0067dd577c5d624,"(40, 37, 17)",uint8
train,Malignant,BreaDM-Ma-2025,train/Malignant/BreaDM-Ma-2025/p-029.npy,44ae8d3c17128b2f70754eda8fc635e0adece7b09e495ee9cf13efb16f0649ac,"(40, 37, 17)",uint8
train,Malignant,BreaDM-Ma-2025,train/Malignant/BreaDM-Ma-2025/p-030.npy,41e47735d8cf0c28524c77c95e73b4d4ee6c82939233a09dac9110a60a3f789d,"(40, 37, 17)",uint8
train,Malignant,BreaDM-Ma-2025,train/Malignant/BreaDM-Ma-2025/p-031.npy,211f3c9cfc36578ea09412b2abf39464134ef2058000fced0179cadfaea1cc8f,"(40, 37, 17)",uint8
train,Malignant,BreaDM-Ma-2028,train/Malignant/BreaDM-Ma-2028/p-058.npy,8248940c3075a3c0f3f7217e4f984bcfb514c8468a2ed9c7a70c9ba9b33473ed,"(14, 15, 17)",uint8
train,Malignant,BreaDM-Ma-2028,train/Malignant/BreaDM-Ma-2028/p-059.npy,cf9538e1999b4cca14364c46a6e23d11064bdabda068282765cc20a54efdca7c,"(14, 15, 17)",uint8
train,Malignant,BreaDM-Ma-2028,train/Malignant/BreaDM-Ma-2028/p-060.npy,3a2379f4cabf2ab6b1912b2df81eafb3236de2534aa6ad3000a3bfa484af0747,"(14, 15, 17)",uint8
train,Malignant,BreaDM-Ma-2028,train/Malignant/BreaDM-Ma-2028/p-061.npy,b3e7b98b85137f296f0e23ace8f5a203f0022346a574769548ee281d0fef86a1,"(14, 15, 17)",uint8
train,Malignant,BreaDM-Ma-2030,train/Malignant/BreaDM-Ma-2030/p-027.npy,0922495559d6102e7cf342072347394ff28563ba067d49e991746bc0b4e435de,"(19, 19, 17)",uint8
train,Malignant,BreaDM-Ma-2030,train/Malignant/BreaDM-Ma-2030/p-028.npy,162103f0f81e6071c203756979fa433d659df1829a9eae49ccb3749c06c60262,"(19, 19, 17)",uint8
train,Malignant,BreaDM-Ma-2030,train/Malignant/BreaDM-Ma-2030/p-029.npy,21b857c397cfb03fcff7fa3278152fe8ccd122e25e67c47d2abd24acdf9b2fc8,"(19, 19, 17)",uint8
train,Malignant,BreaDM-Ma-2031,train/Malignant/BreaDM-Ma-2031/p-069.npy,369a783474b93152d26a1c9ae189c91da07d0a0cef227ec3f4ba85c756f96800,"(28, 27, 17)",uint8
train,Malignant,BreaDM-Ma-2031,train/Malignant/BreaDM-Ma-2031/p-070.npy,3bbd1127eccaea7c4df6af92ae818e96044386877a0aebf648707c792569e43f,"(28, 27, 17)",uint8
train,Malignant,BreaDM-Ma-2031,train/Malignant/BreaDM-Ma-2031/p-071.npy,c1f5ce8c673c37db58a0dfab5c3fee031ec2b9f48b997a9b772caafc284a6ab2,"(28, 27, 17)",uint8
train,Malignant,BreaDM-Ma-2031,train/Malignant/BreaDM-Ma-2031/p-072.npy,a7b0323ff81fd5462a185c0f59cd6e78c5bee6f1c9cc1fd38c570c5473dbcaa9,"(28, 27, 17)",uint8
train,Malignant,BreaDM-Ma-2031,train/Malignant/BreaDM-Ma-2031/p-073.npy,7aab2cb2b7ddc6309dc175def7a391ee73f6a2068119494782b41f66170bc697,"(28, 27, 17)",uint8
train,Malignant,BreaDM-Ma-2031,train/Malignant/BreaDM-Ma-2031/p-074.npy,80529b0449f71990fddd2f65f60eebc4aa37d63061396599a6d579a600c24488,"(28, 27, 17)",uint8
train,Malignant,BreaDM-Ma-2031,train/Malignant/BreaDM-Ma-2031/p-075.npy,111e5b6dfc50a0625ecb2f53d45147afcaa68df476ebcfe8f0b3872a4328f3e0,"(28, 27, 17)",uint8
train,Malignant,BreaDM-Ma-2031,train/Malignant/BreaDM-Ma-2031/p-076.npy,0855a5d9b27b99c24a3e2c80dd864b79e7728f998da507e3afe3151de67aa1a3,"(28, 27, 17)",uint8
train,Malignant,BreaDM-Ma-2031,train/Malignant/BreaDM-Ma-2031/p-077.npy,f32fbc91221315572207459c81de9e81656eb3930998c5604d0dd96834d5218a,"(28, 27, 17)",uint8
train,Malignant,BreaDM-Ma-2031,train/Malignant/BreaDM-Ma-2031/p-078.npy,580a52514c36edb4b34d2129a4a3e7026ee2b028c058cecccb04122ea0f57922,"(28, 27, 17)",uint8
train,Malignant,BreaDM-Ma-2031,train/Malignant/BreaDM-Ma-2031/p-079.npy,80e1afc9e11dea4971219270e1a4cc537db9c206ebb63dd5ed3f7ac12f2d0f5f,"(28, 27, 17)",uint8
train,Malignant,BreaDM-Ma-2031,train/Malignant/BreaDM-Ma-2031/p-080.npy,5bb1cd3dd24a896cc22992d6a2fd67a2c41d8ef1e2c30ed67285f7916621ff67,"(28, 27, 17)",uint8
train,Malignant,BreaDM-Ma-2032,train/Malignant/BreaDM-Ma-2032/p-063.npy,d6e3ca859b270023caed8e688d86cf8907902fb9f8626021840084f1c49a6d74,"(10, 14, 17)",uint8
train,Malignant,BreaDM-Ma-2032,train/Malignant/BreaDM-Ma-2032/p-064.npy,bd80bd2b4fb08237e37b3fb343769ca898942c4640ba547d8733e0ab4af85f1a,"(10, 14, 17)",uint8
train,Malignant,BreaDM-Ma-2032,train/Malignant/BreaDM-Ma-2032/p-065.npy,8834ceb5f8dacc54a5016222c1d1bcbb221cb8399f561c23f35e177c05573097,"(10, 14, 17)",uint8
train,Malignant,BreaDM-Ma-2032,train/Malignant/BreaDM-Ma-2032/p-066.npy,0c8ea4e2c46a3cc709ecb497806b31d2356df5bafed9f615f63bea76a289bc67,"(10, 14, 17)",uint8
train,Malignant,BreaDM-Ma-2032,train/Malignant/BreaDM-Ma-2032/p-067.npy,6eb32d162205fd1030b100a3e18997aaadbfad5219a79c4c3f82ec2d3b771525,"(10, 14, 17)",uint8
train,Malignant,BreaDM-Ma-2033,train/Malignant/BreaDM-Ma-2033/p-045.npy,d67b29a2017dd12c01683d7e70b65de147658b2d328092e873195cb74831d175,"(25, 19, 17)",uint8
train,Malignant,BreaDM-Ma-2033,train/Malignant/BreaDM-Ma-2033/p-046.npy,d0f02d70788cd73d7dbf4f3692830ccfde49d2abc905aa0fda46a8793ade5a50,"(25, 19, 17)",uint8
train,Malignant,BreaDM-Ma-2033,train/Malignant/BreaDM-Ma-2033/p-047.npy,292096ee0eb45d9583063b3117361053ed72008124d8373dac4c70e79a6ca38d,"(25, 19, 17)",uint8
train,Malignant,BreaDM-Ma-2033,train/Malignant/BreaDM-Ma-2033/p-048.npy,8a2312954b45dff96562a064d96c51d7ad2e44b65ce7ada7d6403784d65a857f,"(25, 19, 17)",uint8
train,Malignant,BreaDM-Ma-2034,train/Malignant/BreaDM-Ma-2034/p-035.npy,982be747bfb4404d4722be44220c9bac27e303915f01b6f1a0db5b7d833bc445,"(66, 39, 17)",uint8
train,Malignant,BreaDM-Ma-2034,train/Malignant/BreaDM-Ma-2034/p-036.npy,db0b238ce61dcb5ce64cff7c781557366b68babf91eabcca075432c843b007bb,"(66, 39, 17)",uint8
train,Malignant,BreaDM-Ma-2034,train/Malignant/BreaDM-Ma-2034/p-037.npy,fb4558b7deca77b80aa44ff644ceb9e58e08ef29ede31dec0f07e92f17417d4b,"(66, 39, 17)",uint8
train,Malignant,BreaDM-Ma-2034,train/Malignant/BreaDM-Ma-2034/p-038.npy,891a9827b99ac236cbdf501d0a5f7e718749d031d36f82f9609c360143171750,"(66, 39, 17)",uint8
train,Malignant,BreaDM-Ma-2034,train/Malignant/BreaDM-Ma-2034/p-039.npy,eaaf7747b8ac76db7fb90262ad11ea322161f48648dcd9798dafd7701f627832,"(66, 39, 17)",uint8
train,Malignant,BreaDM-Ma-2034,train/Malignant/BreaDM-Ma-2034/p-040.npy,392822c1703f3b2a1000164b283b048304120f9dad6286de3c42bf64c7b66a33,"(66, 39, 17)",uint8
train,Malignant,BreaDM-Ma-2034,train/Malignant/BreaDM-Ma-2034/p-041.npy,aff610833faccec852cf22ee10af32166b13e15e176700c120f176e1483081f0,"(66, 39, 17)",uint8
train,Malignant,BreaDM-Ma-2034,train/Malignant/BreaDM-Ma-2034/p-042.npy,fff3d092faa805af5beabcd60ff21c1fa92cddcf4aed1fb2daeb3bea5b2e3e0d,"(66, 39, 17)",uint8
train,Malignant,BreaDM-Ma-2034,train/Malignant/BreaDM-Ma-2034/p-043.npy,154eebe53166010ea46befb39410cba879f9833cbe9f4bb9f3829f63671b28d1,"(66, 39, 17)",uint8
train,Malignant,BreaDM-Ma-2034,train/Malignant/BreaDM-Ma-2034/p-044.npy,4c8dfd899f83fa2cfd2a15e027086cfac5c993e1f585eb1d24b5bb7af870b632,"(66, 39, 17)",uint8
train,Malignant,BreaDM-Ma-2034,train/Malignant/BreaDM-Ma-2034/p-045.npy,dcb667daefe7ba589c39232118a9a8b1a9a0666b11fd6426436c410f9e1424d2,"(66, 39, 17)",uint8
train,Malignant,BreaDM-Ma-2034,train/Malignant/BreaDM-Ma-2034/p-046.npy,7bfac7a0c8edcc622e3a19af1e7564ac311528fa79aedb1ddd7f1ccbfcd74e46,"(66, 39, 17)",uint8
train,Malignant,BreaDM-Ma-2034,train/Malignant/BreaDM-Ma-2034/p-047.npy,caeb7e303b125291746fbeb8b38f0ff7afd66ceb5d87c5ab36f3cd751ea4cdff,"(66, 39, 17)",uint8
train,Malignant,BreaDM-Ma-2034,train/Malignant/BreaDM-Ma-2034/p-048.npy,4fd05d83a8e11f3a2ea23f98a054713a1f891550361b44ac6034334c32bd9bce,"(66, 39, 17)",uint8
train,Malignant,BreaDM-Ma-2034,train/Malignant/BreaDM-Ma-2034/p-049.npy,0a633a5e8b2c32ccc37a917b58ab85f12293c484b975ed80732b9ce672ab868e,"(66, 39, 17)",uint8
train,Malignant,BreaDM-Ma-2034,train/Malignant/BreaDM-Ma-2034/p-050.npy,fe875977cddf61796c3edf5bac2403e0da113225dd3ec575a6c3e60c64828f48,"(66, 39, 17)",uint8
train,Malignant,BreaDM-Ma-2034,train/Malignant/BreaDM-Ma-2034/p-051.npy,e1b852ab2966ea9390d4ccb61c8b7c239f4f71d99a8dffc7021135432912a9ce,"(66, 39, 17)",uint8
train,Malignant,BreaDM-Ma-2034,train/Malignant/BreaDM-Ma-2034/p-052.npy,4b30bc21ad85f5a1bf86be301e0374d56e298191681afe9f5575ae18e4570423,"(66, 39, 17)",uint8
train,Malignant,BreaDM-Ma-2034,train/Malignant/BreaDM-Ma-2034/p-053.npy,750589c3ff3caf5a8f59f2f0adc25a5f3382c208d65697a3250636b658d8afca,"(66, 39, 17)",uint8
train,Malignant,BreaDM-Ma-2035,train/Malignant/BreaDM-Ma-2035/p-046.npy,9bd198a3505087c270352ce111c1cd145640045a4e9920eaaddfd06a20f8faef,"(30, 24, 17)",uint8
train,Malignant,BreaDM-Ma-2035,train/Malignant/BreaDM-Ma-2035/p-047.npy,98dd06c91f3e1f11f2a0e872be972cf82ab220435b3c30a353a2336eaebfd747,"(30, 24, 17)",uint8
train,Malignant,BreaDM-Ma-2035,train/Malignant/BreaDM-Ma-2035/p-048.npy,7eddf2e087ecb881d78b6781ace34ceaa83dd7c5fa463dfcc135b459d051a1b3,"(30, 24, 17)",uint8
train,Malignant,BreaDM-Ma-2035,train/Malignant/BreaDM-Ma-2035/p-049.npy,0d44871182d96ceeab166a22183fc848a12214ae0d48dd3a3e043ccaaaed7833,"(30, 24, 17)",uint8
train,Malignant,BreaDM-Ma-2035,train/Malignant/BreaDM-Ma-2035/p-050.npy,0378f1279d6698ca9bc23274f295af0a23f0f6579a44105e3b5005fb88a48a33,"(30, 24, 17)",uint8
train,Malignant,BreaDM-Ma-2035,train/Malignant/BreaDM-Ma-2035/p-051.npy,ef93526f57a7fbccb7e1ad735c2706f5cb8b97545080afc9d7732563efba513e,"(30, 24, 17)",uint8
train,Malignant,BreaDM-Ma-2035,train/Malignant/BreaDM-Ma-2035/p-052.npy,e99c189008030bf3c3ea6f320d69f71e4b47216aca0299eececb4ca4ba44fc6e,"(30, 24, 17)",uint8
train,Malignant,BreaDM-Ma-2035,train/Malignant/BreaDM-Ma-2035/p-053.npy,7fdba313cb1b8cf3cbdbea05be1acd91361453ad5f3e7caa9f445a2561fe3bb4,"(30, 24, 17)",uint8
train,Malignant,BreaDM-Ma-2036,train/Malignant/BreaDM-Ma-2036/p-054.npy,ba548d40ad8f4badfc7fa9f73b4137849a89cc99cb243f868c9a7732b117904e,"(19, 22, 17)",uint8
train,Malignant,BreaDM-Ma-2036,train/Malignant/BreaDM-Ma-2036/p-055.npy,0c7fd6801b64ba4749a379ab2645dee74fca0fe7e3f0e41bd2d756516b0e757f,"(19, 22, 17)",uint8
train,Malignant,BreaDM-Ma-2036,train/Malignant/BreaDM-Ma-2036/p-056.npy,86c2244c58f713fdae86453bc83d1a40a5e7a4e2896875c7ad170f39327c792f,"(19, 22, 17)",uint8
train,Malignant,BreaDM-Ma-2036,train/Malignant/BreaDM-Ma-2036/p-057.npy,2c269a997f452beb6902b65d899975bcd26941884cb843ba56a53b671fc3ca8f,"(19, 22, 17)",uint8
train,Malignant,BreaDM-Ma-2036,train/Malignant/BreaDM-Ma-2036/p-058.npy,4dd8aafda73073b1ae4e871fc28b7bb44eeec79c969592a279d409f3f37b4efe,"(19, 22, 17)",uint8
train,Malignant,BreaDM-Ma-2037,train/Malignant/BreaDM-Ma-2037/p-062.npy,2805bbb14720bdd11261a623cbd158708e8e4a614e6b917395bed38ff1e008f2,"(17, 17, 17)",uint8
train,Malignant,BreaDM-Ma-2037,train/Malignant/BreaDM-Ma-2037/p-063.npy,277af4ef9bbeb2ca9e72dc9c4085682093118a26afbfbafd80652ec9bb7380a9,"(17, 17, 17)",uint8
train,Malignant,BreaDM-Ma-2037,train/Malignant/BreaDM-Ma-2037/p-064.npy,aa3121850cd1fec0fd152a300fa85f69b8735f2f99f6b49f4876087aef513326,"(17, 17, 17)",uint8
train,Malignant,BreaDM-Ma-2037,train/Malignant/BreaDM-Ma-2037/p-065.npy,10ba3dcb9fab49913f2e74a2d70f4773e29490e3a16a804e795f79a6d2816b2b,"(17, 17, 17)",uint8
train,Malignant,BreaDM-Ma-2037,train/Malignant/BreaDM-Ma-2037/p-066.npy,6cd600274dccb12e81124b863bdcdbc089ac940ca6c0460775ff531dbffa0e1e,"(17, 17, 17)",uint8
train,Malignant,BreaDM-Ma-2040,train/Malignant/BreaDM-Ma-2040/p-024.npy,c3f9b68c046d6ab0a9874143f7720657c69ba46c53aaf5dcae580df436a0dfbe,"(61, 41, 17)",uint8
train,Malignant,BreaDM-Ma-2040,train/Malignant/BreaDM-Ma-2040/p-025.npy,7df485af99f778f0ef3cd7be482c6ba91d2f09d2d6b1eb8523f519300b79e69f,"(61, 41, 17)",uint8
train,Malignant,BreaDM-Ma-2040,train/Malignant/BreaDM-Ma-2040/p-026.npy,c7d62d2f09418826348ceef977476e131c9c361e59b1643258db669b8939e4a2,"(61, 41, 17)",uint8
train,Malignant,BreaDM-Ma-2040,train/Malignant/BreaDM-Ma-2040/p-027.npy,b217fb763ff69e34c0b5bb22b0550a1b98e7cb823fe4d8127e66d0599b37efc2,"(61, 41, 17)",uint8
train,Malignant,BreaDM-Ma-2040,train/Malignant/BreaDM-Ma-2040/p-028.npy,5f0e6e8905150d9f855ba236bc8b81f05cedb1bf18ba021d93474973d5f405f1,"(61, 41, 17)",uint8
train,Malignant,BreaDM-Ma-2040,train/Malignant/BreaDM-Ma-2040/p-029.npy,121a9443f1599241e39243b76baeb591a7ad6da3654ffbac17e407a9b679c54a,"(61, 41, 17)",uint8
train,Malignant,BreaDM-Ma-2040,train/Malignant/BreaDM-Ma-2040/p-030.npy,4d4d3c8d1b333b2d2119bb70e339d8ff1a0a44f9f3aedc230f06137f30f64333,"(61, 41, 17)",uint8
train,Malignant,BreaDM-Ma-2040,train/Malignant/BreaDM-Ma-2040/p-031.npy,e3ef4f79912be4d2512c6e5911bdf7794de6f84c754be5aea2bcce36c4b6cf26,"(61, 41, 17)",uint8
train,Malignant,BreaDM-Ma-2040,train/Malignant/BreaDM-Ma-2040/p-032.npy,84edd97372c7b5cabb7b87cabd4451241a137701f350cb2bde5d5933a3eaf6e7,"(61, 41, 17)",uint8
train,Malignant,BreaDM-Ma-2040,train/Malignant/BreaDM-Ma-2040/p-033.npy,25399e234ce19e69c2e24767720036e6d090746bf970c4acdc8cf76568d0c7b8,"(61, 41, 17)",uint8
train,Malignant,BreaDM-Ma-2040,train/Malignant/BreaDM-Ma-2040/p-034.npy,fe325df3bba33a943e7dfcc471cdb67814a90e26471ff240ee5ef35836deae52,"(61, 41, 17)",uint8
train,Malignant,BreaDM-Ma-2040,train/Malignant/BreaDM-Ma-2040/p-035.npy,c1a51187f715805c77371f9611a2bf1c5e756bc009ecf82d60e0fd398ef60536,"(61, 41, 17)",uint8
train,Malignant,BreaDM-Ma-2040,train/Malignant/BreaDM-Ma-2040/p-036.npy,7fd3295b15e0343c5bc73c44866ea91ca29d751a0ecf9e40be1e92b09b35de05,"(61, 41, 17)",uint8
train,Malignant,BreaDM-Ma-2042,train/Malignant/BreaDM-Ma-2042/p-055.npy,b4073bd5fd2188663d25a2c0f135839b8fc525b65d9c9870ddf3473c65a5c757,"(32, 34, 17)",uint8
train,Malignant,BreaDM-Ma-2042,train/Malignant/BreaDM-Ma-2042/p-056.npy,aa6f1f290ec0d23eec2b5eacf6b5b68fd84938efb10353e3f8a7be95429660a4,"(32, 34, 17)",uint8
train,Malignant,BreaDM-Ma-2042,train/Malignant/BreaDM-Ma-2042/p-057.npy,1b7f76f0c3ce979ade2fa659737c4efea801a178046dd2450ba228fb4521897a,"(32, 34, 17)",uint8
train,Malignant,BreaDM-Ma-2042,train/Malignant/BreaDM-Ma-2042/p-058.npy,c0bc709f385775f019ad0ade112755f83584e6bb8b72774181c971ee5d4168ff,"(32, 34, 17)",uint8
train,Malignant,BreaDM-Ma-2042,train/Malignant/BreaDM-Ma-2042/p-059.npy,7c9c7c996758ae329388cd8c8f4972c45b0c0df11137ed61ff5ba8b9c414f387,"(32, 34, 17)",uint8
train,Malignant,BreaDM-Ma-2042,train/Malignant/BreaDM-Ma-2042/p-060.npy,f067976b1eae42f4bf1c5e06e82f9dcea4997365cd1e31f1fd5e9b7935c3d65a,"(32, 34, 17)",uint8
train,Malignant,BreaDM-Ma-2042,train/Malignant/BreaDM-Ma-2042/p-061.npy,8f9b63ad9f942e0b6c34f436d300e4004128c8cdec0bc154437b16016279f98f,"(32, 34, 17)",uint8
train,Malignant,BreaDM-Ma-2042,train/Malignant/BreaDM-Ma-2042/p-062.npy,bef83dbba0e6a23d8efafc86a3cf0a889239d7a086963a0a10bd9c6138615bc7,"(32, 34, 17)",uint8
train,Malignant,BreaDM-Ma-2042,train/Malignant/BreaDM-Ma-2042/p-063.npy,e1bc397fc402cd0830a095b7771aa1b725e187b206ff4081a79b5f1c66665065,"(32, 34, 17)",uint8
train,Malignant,BreaDM-Ma-2042,train/Malignant/BreaDM-Ma-2042/p-064.npy,5cb8640a1930f0efb462000e8395b514e5f7952b34a28fe12fd54bcbcc1def7e,"(32, 34, 17)",uint8
train,Malignant,BreaDM-Ma-2042,train/Malignant/BreaDM-Ma-2042/p-065.npy,af6c78620de33d5304aa585a7470d672e3853a60da18ec2ba7ceeb3f4d205286,"(32, 34, 17)",uint8
train,Malignant,BreaDM-Ma-2042,train/Malignant/BreaDM-Ma-2042/p-066.npy,79dc79b2d8d8a086e22fde4d2d60a91f78c2b554df5bc71b5815270e9c85fbe6,"(32, 34, 17)",uint8
train,Malignant,BreaDM-Ma-2042,train/Malignant/BreaDM-Ma-2042/p-067.npy,023c898c5684f8d6e13f67d9a8ebfd4a9eeb496582c0d98f12dae7a6f5a8119c,"(32, 34, 17)",uint8
train,Malignant,BreaDM-Ma-2042,train/Malignant/BreaDM-Ma-2042/p-068.npy,bc1113a6133337c4a75ca6d125a839f4af0978e6bc92082fd85be8acf2a71d46,"(32, 34, 17)",uint8
train,Malignant,BreaDM-Ma-2042,train/Malignant/BreaDM-Ma-2042/p-069.npy,c828d17ed1e063214837dd20e7da1247ef2b46c915efcd7f580b78d0e35cd1d6,"(32, 34, 17)",uint8
train,Malignant,BreaDM-Ma-2042,train/Malignant/BreaDM-Ma-2042/p-070.npy,4617c8090792f41e441023145fc70491b73f9d1449485c1c0a8954d329e7145a,"(32, 34, 17)",uint8
train,Malignant,BreaDM-Ma-2042,train/Malignant/BreaDM-Ma-2042/p-071.npy,63e7e71fd0bb106ef2ca67a4d1ee69e2595c611b1d7efab57b13d6b597050c1e,"(32, 34, 17)",uint8
train,Malignant,BreaDM-Ma-2042,train/Malignant/BreaDM-Ma-2042/p-072.npy,7d18946424406ddf57aa751beabd29efcdbe37e39b4e359ced2b3499da72b31e,"(32, 34, 17)",uint8
train,Malignant,BreaDM-Ma-2042,train/Malignant/BreaDM-Ma-2042/p-073.npy,ce9fda275e66516115b6904a7faecd63fdfa150349d56fecf6d8d2cb227309a9,"(32, 34, 17)",uint8
train,Malignant,BreaDM-Ma-2045,train/Malignant/BreaDM-Ma-2045/p-063.npy,e8e57d1b34374383c89e2bbe02cd97bf14e5bab5dfef3acc6f36bba667eb159a,"(27, 29, 17)",uint8
train,Malignant,BreaDM-Ma-2045,train/Malignant/BreaDM-Ma-2045/p-064.npy,399c7436ee43778cb7ba6b338100aebe74ebfb2735ab0ec2075861a48d64b9b8,"(27, 29, 17)",uint8
train,Malignant,BreaDM-Ma-2045,train/Malignant/BreaDM-Ma-2045/p-065.npy,5af955c3cce854d3589d1be2b69971eb982367335d122c886117dcb86d1bca79,"(27, 29, 17)",uint8
train,Malignant,BreaDM-Ma-2045,train/Malignant/BreaDM-Ma-2045/p-066.npy,39cf1cd5a1f6e594c785f78140ea7aff4337a038b5966927c7143b5fe0f436f0,"(27, 29, 17)",uint8
train,Malignant,BreaDM-Ma-2045,train/Malignant/BreaDM-Ma-2045/p-067.npy,1e6e8a956d4b3c919cf5ac2a65d27bcf33144b9296f77a31d2817f7ea105adce,"(27, 29, 17)",uint8
train,Malignant,BreaDM-Ma-2045,train/Malignant/BreaDM-Ma-2045/p-068.npy,f2fbd403226ba97ea18c49f0b7b4d92ae59f72c59111be40350d54a00eafd1cb,"(27, 29, 17)",uint8
train,Malignant,BreaDM-Ma-2045,train/Malignant/BreaDM-Ma-2045/p-069.npy,da857678d24db8c4d57832b39f102959fa7203fd5e65f9d474f5f1022c075b5c,"(27, 29, 17)",uint8
train,Malignant,BreaDM-Ma-2045,train/Malignant/BreaDM-Ma-2045/p-070.npy,38bd01f226c5ca414d209b544d85a11483a2b0bbf7b3889917638ed2f0b0dba1,"(27, 29, 17)",uint8
train,Malignant,BreaDM-Ma-2045,train/Malignant/BreaDM-Ma-2045/p-071.npy,0b35de35b27b833de1920f36c58dfecded3faf9b0c41c2a2a3ea00aa384d5648,"(27, 29, 17)",uint8
train,Malignant,BreaDM-Ma-2045,train/Malignant/BreaDM-Ma-2045/p-072.npy,87dbbbe8efa7f6cbb69de99bd1d460f59d786de03f1477ab8fa28c706b993bc2,"(27, 29, 17)",uint8
train,Malignant,BreaDM-Ma-2045,train/Malignant/BreaDM-Ma-2045/p-073.npy,7767bfc80f8fa6f3e5b787b6352b7581f0361822948ffee8277e63d982093a1f,"(27, 29, 17)",uint8
train,Malignant,BreaDM-Ma-2046,train/Malignant/BreaDM-Ma-2046/p-035.npy,a058f647ca7b588c2b9590f14a7c8cc3ff7f552af68fb6e4f9bc264c070c3e36,"(24, 34, 17)",uint8
train,Malignant,BreaDM-Ma-2046,train/Malignant/BreaDM-Ma-2046/p-036.npy,54d5b1b5da0c0d58fbe6931549cccf26c996167dbccdcf8871e20367d43cb5f2,"(24, 34, 17)",uint8
train,Malignant,BreaDM-Ma-2046,train/Malignant/BreaDM-Ma-2046/p-037.npy,5ec724c72a904c422541e2c1a2cc12cc9f75b468bc5943f02c2a9ae889d193f4,"(24, 34, 17)",uint8
train,Malignant,BreaDM-Ma-2046,train/Malignant/BreaDM-Ma-2046/p-038.npy,adc1a44576eea97ec2f05336c0afb04718d2303b9948b137ce358fa97efaf3f1,"(24, 34, 17)",uint8
train,Malignant,BreaDM-Ma-2046,train/Malignant/BreaDM-Ma-2046/p-039.npy,03d66082b4e910b0d0f487f8a011e9f558ac21f977bd6e1f0f00d60f0e9b58aa,"(24, 34, 17)",uint8
train,Malignant,BreaDM-Ma-2046,train/Malignant/BreaDM-Ma-2046/p-040.npy,bf2d8bb9e418af8109d506974b181ab919fbb0153984b0a98da39eda018e6c75,"(24, 34, 17)",uint8
train,Malignant,BreaDM-Ma-2046,train/Malignant/BreaDM-Ma-2046/p-041.npy,9e5a788c8872189c7f05ff77e9341fc584e7e7ca609fc1f83bf0325ca782dac7,"(24, 34, 17)",uint8
train,Malignant,BreaDM-Ma-2047,train/Malignant/BreaDM-Ma-2047/p-050.npy,4149996f4904232719724c27f5bcf06b5220b2fd8303f7562e951d6ec0a06e5a,"(32, 35, 17)",uint8
train,Malignant,BreaDM-Ma-2047,train/Malignant/BreaDM-Ma-2047/p-051.npy,2b50294edc28c3bd8480405c4cb7828bdae17be5fc0c1164598505b00c434615,"(32, 35, 17)",uint8
train,Malignant,BreaDM-Ma-2047,train/Malignant/BreaDM-Ma-2047/p-052.npy,ff3f5ba7b2a38713334c2f281a73531633a8c05d11c68a7041b64018dc28f016,"(32, 35, 17)",uint8
train,Malignant,BreaDM-Ma-2047,train/Malignant/BreaDM-Ma-2047/p-053.npy,a316ff061318f2c56f7173dca33ec0a16dea1e3e4a29898b60b3bc1f9064957e,"(32, 35, 17)",uint8
train,Malignant,BreaDM-Ma-2047,train/Malignant/BreaDM-Ma-2047/p-054.npy,2c4e6a65ebacea099d44aa6c8deec3713196df3c39859dcd470af0eea512c242,"(32, 35, 17)",uint8
train,Malignant,BreaDM-Ma-2047,train/Malignant/BreaDM-Ma-2047/p-055.npy,0bd657f8de4c16cdf80e8c0650a219001835c286349ce3cac70851129b6bf6c4,"(32, 35, 17)",uint8
train,Malignant,BreaDM-Ma-2047,train/Malignant/BreaDM-Ma-2047/p-056.npy,8a3b4f44e8c89818933db9114f50c5c690a049d61e59d140859275fe7488bda2,"(32, 35, 17)",uint8
train,Malignant,BreaDM-Ma-2047,train/Malignant/BreaDM-Ma-2047/p-057.npy,2ed35978a5c355de7f058d00c1b072003e4341eadeb069a7fee2bb25ea72a8f7,"(32, 35, 17)",uint8
train,Malignant,BreaDM-Ma-2047,train/Malignant/BreaDM-Ma-2047/p-058.npy,53bec06eb27db3af0d0bf3de156662040ccff500dab72463d8d25d76abd3c4a8,"(32, 35, 17)",uint8
train,Malignant,BreaDM-Ma-2048,train/Malignant/BreaDM-Ma-2048/p-053.npy,30cde8f7e1ca2dce392e4b234355d5437a6c72439639bf2c6c801de76f612d15,"(25, 30, 17)",uint8
train,Malignant,BreaDM-Ma-2048,train/Malignant/BreaDM-Ma-2048/p-054.npy,3c9e15f1778f1687c8c573eb421e3c0aca533a22efcfb490029f5916e924ef75,"(25, 30, 17)",uint8
train,Malignant,BreaDM-Ma-2048,train/Malignant/BreaDM-Ma-2048/p-055.npy,ef4f020ae105f3d114a96f6cd06f47500ca34b5946cad518718ee288d834ef70,"(25, 30, 17)",uint8
train,Malignant,BreaDM-Ma-2048,train/Malignant/BreaDM-Ma-2048/p-056.npy,61708ff5b28250c85a423a9240dbc14480e59c27c9485a495cd2f6db67838fd1,"(25, 30, 17)",uint8
train,Malignant,BreaDM-Ma-2048,train/Malignant/BreaDM-Ma-2048/p-057.npy,6831de8550442e7f711392a94089a314e6b529cb7195d12b53135c74a6c4b5ca,"(25, 30, 17)",uint8
train,Malignant,BreaDM-Ma-2048,train/Malignant/BreaDM-Ma-2048/p-058.npy,013b06a27cfd6ae8a79a7ababe2a3df2c93005c004b094e5bf3ec1a4c75c8af7,"(25, 30, 17)",uint8
train,Malignant,BreaDM-Ma-2048,train/Malignant/BreaDM-Ma-2048/p-059.npy,6b74da1e83431c13f5627d02cce51bc5554bef874af1cf44b1ece216a6718008,"(25, 30, 17)",uint8
train,Malignant,BreaDM-Ma-2048,train/Malignant/BreaDM-Ma-2048/p-060.npy,5951a49742771d6ca75e3ab7098ede013d9842e99059c21f6283057fdbdf3cb9,"(25, 30, 17)",uint8
train,Malignant,BreaDM-Ma-2048,train/Malignant/BreaDM-Ma-2048/p-061.npy,d54ff9a95c08fbe607ff53ca5f87b7b7c9f71ffb5c8ca107d06ab34ab6a417e3,"(25, 30, 17)",uint8
train,Malignant,BreaDM-Ma-2048,train/Malignant/BreaDM-Ma-2048/p-062.npy,e3f1e093bb7d247ab69684c4479840366804544fe3a82866172ef00919e448cb,"(25, 30, 17)",uint8
train,Malignant,BreaDM-Ma-2048,train/Malignant/BreaDM-Ma-2048/p-063.npy,307e7e944bd8b4262c0b8833bc2074ae1409b9308315664e030b936be58be4f6,"(25, 30, 17)",uint8
train,Malignant,BreaDM-Ma-2048,train/Malignant/BreaDM-Ma-2048/p-064.npy,22af370565588690defcbb3782ce37ac39bf7918289499810177bb2c3f36aebf,"(25, 30, 17)",uint8
train,Malignant,BreaDM-Ma-2048,train/Malignant/BreaDM-Ma-2048/p-065.npy,ebb7a5daa94e7129c18472fa8793540815f2aab3497700a5c0a1f2d8d0854d7e,"(25, 30, 17)",uint8
train,Malignant,BreaDM-Ma-2049,train/Malignant/BreaDM-Ma-2049/p-075.npy,fc73ddc2cd66d4bec64d7b66a7a5f423db9a9437fba92ac88aa06f4f38919319,"(18, 28, 17)",uint8
train,Malignant,BreaDM-Ma-2049,train/Malignant/BreaDM-Ma-2049/p-076.npy,829d4e2a46838a62d667a2571203a0c6775dab3c5d22333ef5a2d320059c353c,"(18, 28, 17)",uint8
train,Malignant,BreaDM-Ma-2049,train/Malignant/BreaDM-Ma-2049/p-077.npy,c9e322a27a56b699c822048c300fe79f0812daf93d680975534586fc1aa96138,"(18, 28, 17)",uint8
train,Malignant,BreaDM-Ma-2049,train/Malignant/BreaDM-Ma-2049/p-078.npy,8cbc1ddecb91a3cc326b16b394a9442275f284de699e4848f61fbe8bb6af6fb5,"(18, 28, 17)",uint8
train,Malignant,BreaDM-Ma-2049,train/Malignant/BreaDM-Ma-2049/p-079.npy,a57b51d4340dd20d94d87f03d6f1b22e184100351cd7c9ed5e244a7fcd3ea580,"(18, 28, 17)",uint8
train,Malignant,BreaDM-Ma-2049,train/Malignant/BreaDM-Ma-2049/p-080.npy,9725fdacdbe0a081357805135becbf637de02f13595cdaae2146f70e4390dc5f,"(18, 28, 17)",uint8
train,Malignant,BreaDM-Ma-2049,train/Malignant/BreaDM-Ma-2049/p-081.npy,dab0efbdf814a25be5746be2801589a8ed62107bd3944367e3b441b776d82a50,"(18, 28, 17)",uint8
train,Malignant,BreaDM-Ma-2049,train/Malignant/BreaDM-Ma-2049/p-082.npy,18530ff76323f65cc0164006c5141df22d55c1cab51057f53826f4e790ea858a,"(18, 28, 17)",uint8
train,Malignant,BreaDM-Ma-2049,train/Malignant/BreaDM-Ma-2049/p-083.npy,9ff634290d20ed30b20d056fdbb1fd7b41615ed645821aefc3033593e8e35ec2,"(18, 28, 17)",uint8
train,Malignant,BreaDM-Ma-2049,train/Malignant/BreaDM-Ma-2049/p-084.npy,eda0c429578985419218ba1ff8f7afdf5a9724baf55abe74f6b8ca0ce79bab37,"(18, 28, 17)",uint8
train,Malignant,BreaDM-Ma-2049,train/Malignant/BreaDM-Ma-2049/p-085.npy,ac380f59e150a6ee600afc26cb49c5115f98533d38d59b4b7f1c42e31e238546,"(18, 28, 17)",uint8
train,Malignant,BreaDM-Ma-2049,train/Malignant/BreaDM-Ma-2049/p-086.npy,43d991248b0ac128829bf8ce2ced48eb300d5c2c8dd86aa878357e8b6e51950d,"(18, 28, 17)",uint8
train,Malignant,BreaDM-Ma-2049,train/Malignant/BreaDM-Ma-2049/p-087.npy,5b40b990ca9ee2f4dd16c789d4fb8f9596a4451092c4a8d6e7c8313e2b686906,"(18, 28, 17)",uint8
train,Malignant,BreaDM-Ma-2049,train/Malignant/BreaDM-Ma-2049/p-088.npy,3faace933e0c7dd67c04098fc12b7b8a0580ffd5a6e2c3bde332a6937b8eede5,"(18, 28, 17)",uint8
train,Malignant,BreaDM-Ma-2050,train/Malignant/BreaDM-Ma-2050/p-052.npy,e569c43803bb93d6c6cb77d8f19a7b477a79ad3b1005c7bdac305cbbb4c3f917,"(17, 33, 17)",uint8
train,Malignant,BreaDM-Ma-2050,train/Malignant/BreaDM-Ma-2050/p-053.npy,5aca13cda8ae16bcffca480eaa57d0db50313733b499664744e562832d597c65,"(17, 33, 17)",uint8
train,Malignant,BreaDM-Ma-2050,train/Malignant/BreaDM-Ma-2050/p-054.npy,fd2a02c8134c2e56248f045c79c0b41491a7e5c6fa4a9b7c491cfab25e5e1a8a,"(17, 33, 17)",uint8
train,Malignant,BreaDM-Ma-2050,train/Malignant/BreaDM-Ma-2050/p-055.npy,6b270f7d374417194e51658d1c1bcbc9646036f576996f01993a63ebf29da4e7,"(17, 33, 17)",uint8
train,Malignant,BreaDM-Ma-2050,train/Malignant/BreaDM-Ma-2050/p-056.npy,1c59cb4b5034dc55fd06af02f1a14a01870a88134f0a44aacd2677cedb99b7f1,"(17, 33, 17)",uint8
train,Malignant,BreaDM-Ma-2050,train/Malignant/BreaDM-Ma-2050/p-057.npy,184476305f7c62ad74c94d9dd7974a7677315e3dc847cd19befc87445492f074,"(17, 33, 17)",uint8
train,Malignant,BreaDM-Ma-2050,train/Malignant/BreaDM-Ma-2050/p-058.npy,776ca7a823da8dd6cb20a201e76e0e6e1f9a94e800d66cab5f0ffadae03934a7,"(17, 33, 17)",uint8
train,Malignant,BreaDM-Ma-2101,train/Malignant/BreaDM-Ma-2101/p-077.npy,46ec333e35e7e9721e9fa27ded2fa379731d246b453cc1c347e07db4abf39fb7,"(14, 16, 17)",uint8
train,Malignant,BreaDM-Ma-2101,train/Malignant/BreaDM-Ma-2101/p-078.npy,4af27e62107aadab34b76c9c1a2289d75baa8663adee9bb1f7288ad1597eb0d0,"(14, 16, 17)",uint8
train,Malignant,BreaDM-Ma-2101,train/Malignant/BreaDM-Ma-2101/p-079.npy,4278272626995629d658ef82d4a58be7b49ca9ce8cbff0c6cf745d5dac37f630,"(14, 16, 17)",uint8
train,Malignant,BreaDM-Ma-2101,train/Malignant/BreaDM-Ma-2101/p-080.npy,ca29e9630b114666c68213b3767040b8d41ade495196e40f2d7f97b0a442582f,"(14, 16, 17)",uint8
train,Malignant,BreaDM-Ma-2101,train/Malignant/BreaDM-Ma-2101/p-081.npy,9556d4f5db9bc2621f6833524aa7ed83da1d0170abba8738c144edb0bdcfe234,"(14, 16, 17)",uint8
train,Malignant,BreaDM-Ma-2101,train/Malignant/BreaDM-Ma-2101/p-082.npy,6006ea7e1b70d2debf6c0edbd512bb6486cc54ea35e7bba55171f834c1620bd2,"(14, 16, 17)",uint8
train,Malignant,BreaDM-Ma-2101,train/Malignant/BreaDM-Ma-2101/p-083.npy,7796e6278e5d05528a679869fe6eec55f4bd687f1908bf9188daf6ab6b05eb9e,"(14, 16, 17)",uint8
train,Malignant,BreaDM-Ma-2101,train/Malignant/BreaDM-Ma-2101/p-084.npy,234062517326d6317cb9aa37e2f75f7320ea7abf8ae57227d27f2fedc2ed5d45,"(14, 16, 17)",uint8
train,Malignant,BreaDM-Ma-2101,train/Malignant/BreaDM-Ma-2101/p-085.npy,2878cf1273cfe5bf5a5f2ed9596100cb6ca3e07c375d2d00362f654fccedb5e1,"(14, 16, 17)",uint8
train,Malignant,BreaDM-Ma-2102,train/Malignant/BreaDM-Ma-2102/p-057.npy,1bc5e10a5c397f2e4c3ef346a1bceeb33f36e589cf8923b200adccf74703c030,"(29, 17, 17)",uint8
train,Malignant,BreaDM-Ma-2102,train/Malignant/BreaDM-Ma-2102/p-058.npy,3fbdfbc93bb35d38d34a713868f641c17ee010f68bf0b6bb9d73bf91dd317eb1,"(29, 17, 17)",uint8
train,Malignant,BreaDM-Ma-2102,train/Malignant/BreaDM-Ma-2102/p-059.npy,7fd94d4098f0edb099c48f222f1ded7444ffdc746c87d8af84471d11e97eae3c,"(29, 17, 17)",uint8
train,Malignant,BreaDM-Ma-2102,train/Malignant/BreaDM-Ma-2102/p-060.npy,3254ed00d87a598f1a47d2401f9de0dcf948b7f9d9755bdfd35d12e22e4b0ce1,"(29, 17, 17)",uint8
train,Malignant,BreaDM-Ma-2102,train/Malignant/BreaDM-Ma-2102/p-061.npy,2efbfa5641d3abfb21208d1ba134ccb689be4bb09afea6e0026c68d2ec23f210,"(29, 17, 17)",uint8
train,Malignant,BreaDM-Ma-2103,train/Malignant/BreaDM-Ma-2103/p-032.npy,0d998af157b3d6f1640d734d15ff2f44838b19879324c9736a0baf328657afb5,"(30, 25, 17)",uint8
train,Malignant,BreaDM-Ma-2103,train/Malignant/BreaDM-Ma-2103/p-033.npy,145ac135e73c5f122c5585b71bdbd1398fdc0715f95956a443fa42f779ec2102,"(30, 25, 17)",uint8
train,Malignant,BreaDM-Ma-2103,train/Malignant/BreaDM-Ma-2103/p-034.npy,adf0b71482474a4a718623e030da4358b8144f2b22e2d860b7defa8f8823561e,"(30, 25, 17)",uint8
train,Malignant,BreaDM-Ma-2103,train/Malignant/BreaDM-Ma-2103/p-035.npy,9e25db56e2fcf8aaebcb7534f494b4fc792165297880b8893cc44e6cb4934c9c,"(30, 25, 17)",uint8
train,Malignant,BreaDM-Ma-2103,train/Malignant/BreaDM-Ma-2103/p-036.npy,c6ed7c41737b03362639a33adef76fa9178a3e26c13c61c9be16017bfc517622,"(30, 25, 17)",uint8
train,Malignant,BreaDM-Ma-2103,train/Malignant/BreaDM-Ma-2103/p-037.npy,0fd25e38f583fffa6dc5b7b17037cd9248b4679e75ab6cf18f2a54bee3616ef7,"(30, 25, 17)",uint8
train,Malignant,BreaDM-Ma-2103,train/Malignant/BreaDM-Ma-2103/p-038.npy,1a8dd313d83d74b325a3b8c4d51167a1b7ad4482f2ca58c3f45937083962c19e,"(30, 25, 17)",uint8
train,Malignant,BreaDM-Ma-2103,train/Malignant/BreaDM-Ma-2103/p-039.npy,05c64f78a1d0901166aa85c438b750f67676142393da9b03236f795edb17269c,"(30, 25, 17)",uint8
train,Malignant,BreaDM-Ma-2103,train/Malignant/BreaDM-Ma-2103/p-040.npy,aebb951eff7af98dcab7067c5d5435a70968025fc621e41d14499541088d3ef6,"(30, 25, 17)",uint8
train,Malignant,BreaDM-Ma-2103,train/Malignant/BreaDM-Ma-2103/p-041.npy,4114d6510c128992f5cae46e3af15ccaede3e49d16ede3a346bba62428fb28b8,"(30, 25, 17)",uint8
train,Malignant,BreaDM-Ma-2103,train/Malignant/BreaDM-Ma-2103/p-042.npy,5518b4adfd7250ba893c406f9c42c24e4302ca7c2e735fbd411d7248fc0e1990,"(30, 25, 17)",uint8
train,Malignant,BreaDM-Ma-2103,train/Malignant/BreaDM-Ma-2103/p-043.npy,b51e088ab02b681977e3e43f60d733a8f76768d1bd0a33ec37929477814befb7,"(30, 25, 17)",uint8
train,Malignant,BreaDM-Ma-2103,train/Malignant/BreaDM-Ma-2103/p-044.npy,8e1f79cb9870041ebe4313b785828c4a7f0c51ed6c1fc5eaf78a2e402f34fb2a,"(30, 25, 17)",uint8
train,Malignant,BreaDM-Ma-2103,train/Malignant/BreaDM-Ma-2103/p-045.npy,ddfb4ffc0bad668ee274db63cc8f3c508c7be4f696990302ca60d039004dab73,"(30, 25, 17)",uint8
train,Malignant,BreaDM-Ma-2103,train/Malignant/BreaDM-Ma-2103/p-046.npy,b7d80f55f275060c47a0f2f29fcd48157577b50a8a0a4de35e81e8cffe53667a,"(30, 25, 17)",uint8
train,Malignant,BreaDM-Ma-2104,train/Malignant/BreaDM-Ma-2104/p-027.npy,626f5ef04684d9382d2e159a0e805e8c78be9cc52210dbf752593b5d5d051527,"(42, 23, 17)",uint8
train,Malignant,BreaDM-Ma-2104,train/Malignant/BreaDM-Ma-2104/p-028.npy,8b0740b4432a5837a94be2edf710bcd2eaba15635870943155b209514e95c11b,"(42, 23, 17)",uint8
train,Malignant,BreaDM-Ma-2104,train/Malignant/BreaDM-Ma-2104/p-029.npy,7dd9dae656e5e8069ad6435de93e153bdbd0b36c926e3d5a455b9d0d19e01598,"(42, 23, 17)",uint8
train,Malignant,BreaDM-Ma-2104,train/Malignant/BreaDM-Ma-2104/p-030.npy,2ac815cc657ce370c9570a4aaa821ec64a8ef7e46b5179ac9abc7e8703f2b796,"(42, 23, 17)",uint8
train,Malignant,BreaDM-Ma-2104,train/Malignant/BreaDM-Ma-2104/p-031.npy,2cf11c4bb570649bf7c48d3417e8d063a913c3c521f8607382e0002aa2e9b3b7,"(42, 23, 17)",uint8
train,Malignant,BreaDM-Ma-2104,train/Malignant/BreaDM-Ma-2104/p-032.npy,82a626de32e8acfad432025b35b4a8525c0361d42bc36a969793696f49c76c2b,"(42, 23, 17)",uint8
train,Malignant,BreaDM-Ma-2104,train/Malignant/BreaDM-Ma-2104/p-033.npy,f68389895065571db736aa9f460dc0f2dad8d319e550f785a09cf16f084e555f,"(42, 23, 17)",uint8
train,Malignant,BreaDM-Ma-2104,train/Malignant/BreaDM-Ma-2104/p-034.npy,006cf196a84448369efca8a449d3ba69f8401a0443a8b0571d107afaebeb1eeb,"(42, 23, 17)",uint8
train,Malignant,BreaDM-Ma-2104,train/Malignant/BreaDM-Ma-2104/p-035.npy,d0ddec6fa0b0e4874ca4583b54fb6a6ac062ea92d887aedc509b2afb48c42223,"(42, 23, 17)",uint8
train,Malignant,BreaDM-Ma-2105,train/Malignant/BreaDM-Ma-2105/p-057.npy,da2afff7078c72247fb658eb56898aa4e2dc321ef9220db1ef63b7adeceaff2c,"(14, 12, 17)",uint8
train,Malignant,BreaDM-Ma-2105,train/Malignant/BreaDM-Ma-2105/p-058.npy,af72d2e38088c78731dcd566eac816fb12cce675996b758dc73e7a448682aeaa,"(14, 12, 17)",uint8
train,Malignant,BreaDM-Ma-2105,train/Malignant/BreaDM-Ma-2105/p-059.npy,96d5534f4d0646a014a0ea6fca0e238688b0b24666a7dd734252e44926d902cb,"(14, 12, 17)",uint8
train,Malignant,BreaDM-Ma-2105,train/Malignant/BreaDM-Ma-2105/p-060.npy,3285df19255ae5be720570048d0b93cf26767f1e88936ed50781e5d21accd80c,"(14, 12, 17)",uint8
train,Malignant,BreaDM-Ma-2105,train/Malignant/BreaDM-Ma-2105/p-061.npy,adb7ba55fc6fa1fa8bc3048d6c0d345c2856f3ef1e3a6c43421f982952cf9c9c,"(14, 12, 17)",uint8
train,Malignant,BreaDM-Ma-2105,train/Malignant/BreaDM-Ma-2105/p-062.npy,f0c3cad8498a91f35670fd1f1f714e12ed4f3caf83653632dd52be1bb95bf352,"(14, 12, 17)",uint8
train,Malignant,BreaDM-Ma-2105,train/Malignant/BreaDM-Ma-2105/p-063.npy,619eb407d23da1d7c43ea40ba0beae1c40d85e149520180092cc04f676b0eabb,"(14, 12, 17)",uint8
train,Malignant,BreaDM-Ma-2106,train/Malignant/BreaDM-Ma-2106/p-067.npy,500ccb1f46b3e6c9330f6156f4f7c48903e7c34d245b3183fa956e24bf32060b,"(30, 26, 17)",uint8
train,Malignant,BreaDM-Ma-2106,train/Malignant/BreaDM-Ma-2106/p-068.npy,d11335ed0b050273cb8e3e1cb551fe16f7950c855f1cffc7fc7fecad994fa22e,"(30, 26, 17)",uint8
train,Malignant,BreaDM-Ma-2106,train/Malignant/BreaDM-Ma-2106/p-069.npy,3d169932cc825475a4966e2d8235da82af5cb3bd9f09d6688ab5d8a0b7f02bd5,"(30, 26, 17)",uint8
train,Malignant,BreaDM-Ma-2106,train/Malignant/BreaDM-Ma-2106/p-070.npy,c01379260a12d81c54db75a78ba1b71e77285196c2d6cebd9b497aa2f85db4a0,"(30, 26, 17)",uint8
train,Malignant,BreaDM-Ma-2106,train/Malignant/BreaDM-Ma-2106/p-071.npy,f7a0b8ae501ed83314eff9dc51ecdb3c5d9f1516c0419692eb017ccd259c3de4,"(30, 26, 17)",uint8
train,Malignant,BreaDM-Ma-2106,train/Malignant/BreaDM-Ma-2106/p-072.npy,4fa51e432fa254fe076eb2b67137df9e0334fd6294937f657ded8415c514903a,"(30, 26, 17)",uint8
train,Malignant,BreaDM-Ma-2106,train/Malignant/BreaDM-Ma-2106/p-073.npy,8b6981f2b65ffa2108cfa754d1a5094eee14996d8d9bc9e024306bb27e90625d,"(30, 26, 17)",uint8
train,Malignant,BreaDM-Ma-2106,train/Malignant/BreaDM-Ma-2106/p-074.npy,1b08bfac409c736bb63aa49cdf01fd494f5a8fd50d5ba7577e72117098d23a2d,"(30, 26, 17)",uint8
train,Malignant,BreaDM-Ma-2106,train/Malignant/BreaDM-Ma-2106/p-075.npy,924e20af4b30271dffcf575b84a57382f584e7029db8f7f54fab38450fc15a35,"(30, 26, 17)",uint8
train,Malignant,BreaDM-Ma-2106,train/Malignant/BreaDM-Ma-2106/p-076.npy,79e15aa0decfb076c5245193e61f897ad1a1f06f74e6335529a985503eeb2979,"(30, 26, 17)",uint8
train,Malignant,BreaDM-Ma-2106,train/Malignant/BreaDM-Ma-2106/p-077.npy,f8ea1bfa648c8d557e71ee3381186c503699f4d2db33890062ff3240362b87f5,"(30, 26, 17)",uint8
train,Malignant,BreaDM-Ma-2110,train/Malignant/BreaDM-Ma-2110/p-046.npy,446e4987a3f6e29aa7995574791aa082d86cd23e92e305eb836caab9a95fdf2e,"(32, 25, 17)",uint8
train,Malignant,BreaDM-Ma-2110,train/Malignant/BreaDM-Ma-2110/p-047.npy,bf318ed6d3bbdf4c9a6e30e6374c8ac2e257bf588285b0848da151699058fc75,"(32, 25, 17)",uint8
train,Malignant,BreaDM-Ma-2110,train/Malignant/BreaDM-Ma-2110/p-048.npy,9fce8360e3d4b5f125d2901ab72d10f66891c8eb54f902c5ca5aa46450f53297,"(32, 25, 17)",uint8
train,Malignant,BreaDM-Ma-2110,train/Malignant/BreaDM-Ma-2110/p-049.npy,0296c7db1d694a9bb919aa2b4df4b41f0412db9d90d5b2cdc5a7ee2803f49c03,"(32, 25, 17)",uint8
train,Malignant,BreaDM-Ma-2110,train/Malignant/BreaDM-Ma-2110/p-050.npy,6e34f7397763ee010e2668be927c315797edb729f4f959797e8d2d83e1599c1c,"(32, 25, 17)",uint8
train,Malignant,BreaDM-Ma-2110,train/Malignant/BreaDM-Ma-2110/p-051.npy,5caa9d7521c10d04a3c1f332c9b5156a1734ec7d050b91f965a4cdf79f4c6541,"(32, 25, 17)",uint8
train,Malignant,BreaDM-Ma-2110,train/Malignant/BreaDM-Ma-2110/p-052.npy,c329a3f34694dffc3b9dc0c4595232f47a8b07924dfacea6cbff7c1263646aeb,"(32, 25, 17)",uint8
train,Malignant,BreaDM-Ma-2110,train/Malignant/BreaDM-Ma-2110/p-053.npy,5a6d3f0b5afa9ae4809869e30bb6e51995ff4a16458e10e1eb7835ca8cbec4e8,"(32, 25, 17)",uint8
train,Malignant,BreaDM-Ma-2110,train/Malignant/BreaDM-Ma-2110/p-054.npy,e1aeb046bc08924603bcb47ec8bfdfe7e8ae0adace6bd5ace7edbe5a32fc5ae7,"(32, 25, 17)",uint8
train,Malignant,BreaDM-Ma-2110,train/Malignant/BreaDM-Ma-2110/p-055.npy,955bd056c5008f1f2713beb37ddecef58dd63384717d422c57ef460d6fd4acbc,"(32, 25, 17)",uint8
train,Malignant,BreaDM-Ma-2110,train/Malignant/BreaDM-Ma-2110/p-056.npy,a2ef22775935d33857ae9f4157856222c785491453724c32f3994a714715e43e,"(32, 25, 17)",uint8
train,Malignant,BreaDM-Ma-2110,train/Malignant/BreaDM-Ma-2110/p-057.npy,5d3cce6bb803a6bcb505ea55878e8f0ec87f5cbae80b54720931dbab682ea38c,"(32, 25, 17)",uint8
train,Malignant,BreaDM-Ma-2111,train/Malignant/BreaDM-Ma-2111/p-047.npy,ccd89cfba52e279794ec1dd33e001b6860d471f4b051afe609709b6ef2d4f215,"(27, 20, 17)",uint8
train,Malignant,BreaDM-Ma-2111,train/Malignant/BreaDM-Ma-2111/p-048.npy,e62dc3f8d18f23f3f17d71527c184a7ae1fc7dab7610f8c70e1890fcfde662ac,"(27, 20, 17)",uint8
train,Malignant,BreaDM-Ma-2111,train/Malignant/BreaDM-Ma-2111/p-049.npy,543687bba6f42dfd5e6c20ba0c2bd33b1b0c4ba91acc7bf317275bff4ed47ca8,"(27, 20, 17)",uint8
train,Malignant,BreaDM-Ma-2111,train/Malignant/BreaDM-Ma-2111/p-050.npy,3e4471b66fbb0f8851b81f9a997a7728a4d6fab8a04b28f267f553685a7a3d2b,"(27, 20, 17)",uint8
train,Malignant,BreaDM-Ma-2111,train/Malignant/BreaDM-Ma-2111/p-051.npy,aa49ac40bdeee5c6912095c77b639ed082230eb49bea580f4385fadaf88c95be,"(27, 20, 17)",uint8
train,Malignant,BreaDM-Ma-2111,train/Malignant/BreaDM-Ma-2111/p-052.npy,80ca58e0de639af48439a38ef3f2e7e238d9a79ac20f9e08afc8dca4d57812e2,"(27, 20, 17)",uint8
train,Malignant,BreaDM-Ma-2111,train/Malignant/BreaDM-Ma-2111/p-053.npy,05c4e860b0740d2040aa153d344323d5d8397a67583c8261918d23da2c1836cc,"(27, 20, 17)",uint8
train,Malignant,BreaDM-Ma-2113,train/Malignant/BreaDM-Ma-2113/p-044.npy,ab400815274b19c6e4acbdcf40638e0e9edf8f66d127880700562316844061ed,"(23, 35, 17)",uint8
train,Malignant,BreaDM-Ma-2113,train/Malignant/BreaDM-Ma-2113/p-045.npy,ebfbbdce2e2c7562198ac2d176723321e700056c043a4f14b3cba8251696bdd5,"(23, 35, 17)",uint8
train,Malignant,BreaDM-Ma-2113,train/Malignant/BreaDM-Ma-2113/p-046.npy,c187272228d3967e779ae3c0947aa9adc6f0e798179376274b82e7e4d39b548f,"(23, 35, 17)",uint8
train,Malignant,BreaDM-Ma-2113,train/Malignant/BreaDM-Ma-2113/p-047.npy,c0396c9d453881b21229a5b55412baa32b3858851a02af120cb27d6f82ab7d07,"(23, 35, 17)",uint8
train,Malignant,BreaDM-Ma-2113,train/Malignant/BreaDM-Ma-2113/p-048.npy,3c914ec4a6826ab0ec9554fee2280b95d673a9b3dc1abd32651ea76dba338cb4,"(23, 35, 17)",uint8
train,Malignant,BreaDM-Ma-2113,train/Malignant/BreaDM-Ma-2113/p-049.npy,f434925f629826be9f1859ee85440a188a5b8567d4d1d48fda464d8564501a78,"(23, 35, 17)",uint8
train,Malignant,BreaDM-Ma-2113,train/Malignant/BreaDM-Ma-2113/p-050.npy,2e3da061bc88d44dd155cbdf80cb480114ed9dfd77dce90c9ec64c3db8fcfa06,"(23, 35, 17)",uint8
train,Malignant,BreaDM-Ma-2114,train/Malignant/BreaDM-Ma-2114/p-034.npy,53d1d08d48fb9671bc4b1745a7d39cdc4ad52179e1495408c5a46a239bbdcbbd,"(23, 31, 17)",uint8
train,Malignant,BreaDM-Ma-2114,train/Malignant/BreaDM-Ma-2114/p-035.npy,e988358f593a13002cb2cb5c0f3496ebd61b3abf2a18fd5574c04fcf49e63d66,"(23, 31, 17)",uint8
train,Malignant,BreaDM-Ma-2114,train/Malignant/BreaDM-Ma-2114/p-036.npy,425d03684146478ab2de199cbb987c5c8a485c3e022c2b7cbc6c57d11d851908,"(23, 31, 17)",uint8
train,Malignant,BreaDM-Ma-2114,train/Malignant/BreaDM-Ma-2114/p-037.npy,9af6eff6dd74f51948c0d768c2cd7efcfec2c43886776a27d6fa33919ab23f56,"(23, 31, 17)",uint8
train,Malignant,BreaDM-Ma-2114,train/Malignant/BreaDM-Ma-2114/p-038.npy,aa29eb1c08fb41afb6048c59748d91afcad650f4d2f540e397bd1873cbf605a3,"(23, 31, 17)",uint8
train,Malignant,BreaDM-Ma-2114,train/Malignant/BreaDM-Ma-2114/p-039.npy,d214e1cefe987b758b81b12881b365a1d2a6a46219650b544757f5f9ad4a0c7e,"(23, 31, 17)",uint8
train,Malignant,BreaDM-Ma-2114,train/Malignant/BreaDM-Ma-2114/p-040.npy,c7acfa9e8e87ced7c9aca22910ce2ff4c3ed811db46cf0ee8844cf9b551f7937,"(23, 31, 17)",uint8
train,Malignant,BreaDM-Ma-2115,train/Malignant/BreaDM-Ma-2115/p-044.npy,a889b90f69dfda1f61d01728e022cb89ef443c935e4d4b04962ac9ba85d727f3,"(21, 26, 17)",uint8
train,Malignant,BreaDM-Ma-2115,train/Malignant/BreaDM-Ma-2115/p-045.npy,866b0aee5ec798ab6cf2f4183371ea89f4a09675a7ec65aa50aae2a7de7a053f,"(21, 26, 17)",uint8
train,Malignant,BreaDM-Ma-2115,train/Malignant/BreaDM-Ma-2115/p-046.npy,69d1a1288af24c4089414561ed7ff0c24f7b5f578fe47734696c7f41c2612235,"(21, 26, 17)",uint8
train,Malignant,BreaDM-Ma-2115,train/Malignant/BreaDM-Ma-2115/p-047.npy,d5ddcfc4521dd9fd0faf9b0fd86bf5f1d4899d29a4cbd255f21d387ed6ca7d2d,"(21, 26, 17)",uint8
train,Malignant,BreaDM-Ma-2115,train/Malignant/BreaDM-Ma-2115/p-048.npy,a538d4d8cd2c74a7ebda4e031c4fd8f53722d6be59d6a11e099394d1fd2f78d8,"(21, 26, 17)",uint8
train,Malignant,BreaDM-Ma-2115,train/Malignant/BreaDM-Ma-2115/p-049.npy,0f2efa198c613f199bc8a6376969171174cf3f449c00ab27beb829a4f80326fe,"(21, 26, 17)",uint8
train,Malignant,BreaDM-Ma-2115,train/Malignant/BreaDM-Ma-2115/p-050.npy,83c95b39136feec217200290e0a4a9f7fd004e09d53b7b27c56a0f36f39ed116,"(21, 26, 17)",uint8
train,Malignant,BreaDM-Ma-2115,train/Malignant/BreaDM-Ma-2115/p-051.npy,cb7c2fc3d6bc37884c5b11c924ccbe6da7215175fa73f363afadfb4c7fd41bed,"(21, 26, 17)",uint8
train,Malignant,BreaDM-Ma-2115,train/Malignant/BreaDM-Ma-2115/p-052.npy,3eb814401592dc283c514e4bb69f594fdcf61955e6dc08b4cf402e8d3ffe1961,"(21, 26, 17)",uint8
train,Malignant,BreaDM-Ma-2115,train/Malignant/BreaDM-Ma-2115/p-053.npy,7c2602d188ee54229780db269a35750c4e06cd08a6ec6e8ed5cbe2c51fe1c4ed,"(21, 26, 17)",uint8
train,Malignant,BreaDM-Ma-2115,train/Malignant/BreaDM-Ma-2115/p-054.npy,6f05eec1575e8bc4baeda283f9a7afa36bb53afe7cfa249675d9ddfe0a6c0ce1,"(21, 26, 17)",uint8
train,Malignant,BreaDM-Ma-2115,train/Malignant/BreaDM-Ma-2115/p-055.npy,4f70a5aa9573ea1abc59eb6bd2f4a06d8403f8fe16622c2bd179ff313cd66b70,"(21, 26, 17)",uint8
train,Malignant,BreaDM-Ma-2115,train/Malignant/BreaDM-Ma-2115/p-056.npy,b53849dbb449491a96b039f5de81e2fc151eca69058113d74015ea572646a936,"(21, 26, 17)",uint8
train,Malignant,BreaDM-Ma-2115,train/Malignant/BreaDM-Ma-2115/p-057.npy,cf86ea19a70dfb91ae65209efcc1ab96864a223250bf33a0b1aa174fc13daa53,"(21, 26, 17)",uint8
train,Malignant,BreaDM-Ma-2117,train/Malignant/BreaDM-Ma-2117/p-084.npy,324c6d5f1ce0fc667bc4bc4d684c52a6ed9fed7ab6559e9762f3efadee799389,"(14, 21, 17)",uint8
train,Malignant,BreaDM-Ma-2117,train/Malignant/BreaDM-Ma-2117/p-085.npy,acf86dda0317335047f64f0570e0284508599bb43fc0185f1631310738c4d4b2,"(14, 21, 17)",uint8
train,Malignant,BreaDM-Ma-2117,train/Malignant/BreaDM-Ma-2117/p-086.npy,9e7ae014dd9ff2f930b292c1e1634e9d3c3a79b1552bcc2b7038787c03098db6,"(14, 21, 17)",uint8
train,Malignant,BreaDM-Ma-2117,train/Malignant/BreaDM-Ma-2117/p-087.npy,c3253f5ec396eefcf703153803f6da950d6f573e4223ab31def16d5b5f51f50a,"(14, 21, 17)",uint8
train,Malignant,BreaDM-Ma-2119,train/Malignant/BreaDM-Ma-2119/p-033.npy,7fc2bb704d41ca0a366c9ca0ad469e78d9f5b258c3b5366f95a1f4789ce7fc83,"(13, 18, 17)",uint8
train,Malignant,BreaDM-Ma-2119,train/Malignant/BreaDM-Ma-2119/p-034.npy,82e4f8e629022b0a8eed832750f5bd6ced627d62f35f9e5a353d9714a057087d,"(13, 18, 17)",uint8
train,Malignant,BreaDM-Ma-2119,train/Malignant/BreaDM-Ma-2119/p-035.npy,348eb4d6ad167dd05dbc428d13b791193ca08dd42bb7658bf8d2b12c760f7622,"(13, 18, 17)",uint8
train,Malignant,BreaDM-Ma-2119,train/Malignant/BreaDM-Ma-2119/p-036.npy,34dedca060791669aa14ad10960b1dbe2da8dba61c9f5d9ad5f8e85930df9aef,"(13, 18, 17)",uint8
train,Malignant,BreaDM-Ma-2119,train/Malignant/BreaDM-Ma-2119/p-037.npy,97b73e85b77d77fcd7eaf34d35a9018dd537eca8ef617d78bf4ba018fae12b33,"(13, 18, 17)",uint8
train,Malignant,BreaDM-Ma-2119,train/Malignant/BreaDM-Ma-2119/p-038.npy,5670cbf031b2887575cd916f553c2332beb1d27984b877a47b1a4154e6a072b5,"(13, 18, 17)",uint8
train,Malignant,BreaDM-Ma-2120,train/Malignant/BreaDM-Ma-2120/p-046.npy,3624b499af65cf42e7222b420c2f7d3fbe0577dfffc3d17d80a852b2d650dd43,"(14, 15, 17)",uint8
train,Malignant,BreaDM-Ma-2120,train/Malignant/BreaDM-Ma-2120/p-047.npy,e5f8602afe742396a56c4383dd134f308eb08a3d5c6ece3f9e8ecb4d662731e5,"(14, 15, 17)",uint8
train,Malignant,BreaDM-Ma-2120,train/Malignant/BreaDM-Ma-2120/p-048.npy,f5785a900353203d564042a4dbd5c4b9aac9e7fb1b12708903ee0b0ee45bb534,"(14, 15, 17)",uint8
train,Malignant,BreaDM-Ma-2120,train/Malignant/BreaDM-Ma-2120/p-049.npy,195baeb6488a1d545acda7750bb9cb7bc06e97d710e3f6d6cab0d69c68ffdb8d,"(14, 15, 17)",uint8
train,Malignant,BreaDM-Ma-2121,train/Malignant/BreaDM-Ma-2121/p-032.npy,a41ab07e56f1c9b56412c3ac0e6807f80abb5763f58b6e98cfbbf8a661512f48,"(18, 18, 17)",uint8
train,Malignant,BreaDM-Ma-2121,train/Malignant/BreaDM-Ma-2121/p-033.npy,8e4966844131614ab0bf7247b9701533a082053f6e32b85df76bcc2385319306,"(18, 18, 17)",uint8
train,Malignant,BreaDM-Ma-2121,train/Malignant/BreaDM-Ma-2121/p-034.npy,be142370d995714b698f6212dd7a9087634f91a3d2521698d003b2aacef5bec7,"(18, 18, 17)",uint8
train,Malignant,BreaDM-Ma-2121,train/Malignant/BreaDM-Ma-2121/p-035.npy,d54829aaa5bf177879192ed4a49c96fe5ab63e45a401d8de6fa85ae721d85c07,"(18, 18, 17)",uint8
train,Malignant,BreaDM-Ma-2121,train/Malignant/BreaDM-Ma-2121/p-036.npy,d2de54cacc55f59ef053958f16ab27db6f612bbed0753349ef7c219ac1d7fda8,"(18, 18, 17)",uint8
train,Malignant,BreaDM-Ma-2121,train/Malignant/BreaDM-Ma-2121/p-037.npy,331182b03b98c79d01bdc81c7d59b5a884ebdb45551ff985cfb6b655c109467a,"(18, 18, 17)",uint8
train,Malignant,BreaDM-Ma-2121,train/Malignant/BreaDM-Ma-2121/p-038.npy,fdd8f51d629916e93231efa61f227d37de7be853790a17b42690cc9f890451ed,"(18, 18, 17)",uint8
train,Malignant,BreaDM-Ma-2121,train/Malignant/BreaDM-Ma-2121/p-039.npy,7a8f178dcbdeb3c69a2aec60ce5e10f09c4b81ae1fa57d461b4c9bae3eee1d7c,"(18, 18, 17)",uint8
train,Malignant,BreaDM-Ma-2121,train/Malignant/BreaDM-Ma-2121/p-040.npy,a3f1568b278a8c813725db2baee3dd5b115de7954511508a23f0cc5f0c8675ff,"(18, 18, 17)",uint8
train,Malignant,BreaDM-Ma-2121,train/Malignant/BreaDM-Ma-2121/p-041.npy,6aa94e7212ba29d090ddaec4ec94f5648befbc0d39f63917bc0b3ec1b44633e9,"(18, 18, 17)",uint8
train,Malignant,BreaDM-Ma-2123,train/Malignant/BreaDM-Ma-2123/p-039.npy,4c65349e78f0e99964ac6029cce892db7bae9f7b9e57e21e477f21b9b030fffc,"(27, 29, 17)",uint8
train,Malignant,BreaDM-Ma-2123,train/Malignant/BreaDM-Ma-2123/p-040.npy,063d946ce7657342bde6cfdff60de425e3a2d16380504554f44e9b8b7c49d021,"(27, 29, 17)",uint8
train,Malignant,BreaDM-Ma-2123,train/Malignant/BreaDM-Ma-2123/p-041.npy,d76aba7bf046922235a1e2363c71ad2f00b8b2b7f5549d2354b1991686f63d3e,"(27, 29, 17)",uint8
train,Malignant,BreaDM-Ma-2123,train/Malignant/BreaDM-Ma-2123/p-042.npy,5a627809b3fb49db4f133b46a8dbcf3eb3f3386b250a291de278b83c827ae8ed,"(27, 29, 17)",uint8
train,Malignant,BreaDM-Ma-2124,train/Malignant/BreaDM-Ma-2124/p-019.npy,1fab3d15bb746cc4e9d7b49c6e37055d8ef0e281ada0898d65a24cfb5c840c94,"(48, 21, 17)",uint8
train,Malignant,BreaDM-Ma-2124,train/Malignant/BreaDM-Ma-2124/p-020.npy,2282d3ea2df636bd2f1480b32f7c0046d24a9313c68abbee66a832bbd71aba41,"(48, 21, 17)",uint8
train,Malignant,BreaDM-Ma-2124,train/Malignant/BreaDM-Ma-2124/p-021.npy,dc5126f5d3420b1f77db61dbfea610cf7a5161115164fe9497d9d17297aabe44,"(48, 21, 17)",uint8
train,Malignant,BreaDM-Ma-2124,train/Malignant/BreaDM-Ma-2124/p-022.npy,9e9f394839e869c86433d9b77d966ac701a5325f1331c1a06b38c099f32cee64,"(48, 21, 17)",uint8
train,Malignant,BreaDM-Ma-2124,train/Malignant/BreaDM-Ma-2124/p-023.npy,345767f735e0531f0fd2a83c1a49acef8924d0f93a64882f2b225810d0094e2c,"(48, 21, 17)",uint8
train,Malignant,BreaDM-Ma-2124,train/Malignant/BreaDM-Ma-2124/p-024.npy,0b13981bd0f7add8fc5e15b371e60e5c023d7d3717835901c06a445d8d648400,"(48, 21, 17)",uint8
train,Malignant,BreaDM-Ma-2124,train/Malignant/BreaDM-Ma-2124/p-025.npy,b86542cd15fd8fa248ff24c3919d1590c04f77f7bf04796bd6cfb583c91496c8,"(48, 21, 17)",uint8
train,Malignant,BreaDM-Ma-2127,train/Malignant/BreaDM-Ma-2127/p-046.npy,9cc046a82c26a65e7a219ad514098016a81f9a13690784d1d8789ae72a426633,"(26, 35, 17)",uint8
train,Malignant,BreaDM-Ma-2127,train/Malignant/BreaDM-Ma-2127/p-047.npy,d3707800be30efb2f87810c028c6092deb8f6c11fff8900bd6c1603ace2383e2,"(26, 35, 17)",uint8
train,Malignant,BreaDM-Ma-2127,train/Malignant/BreaDM-Ma-2127/p-048.npy,b8f757f1ba54ff9791d3835b45eb248eb46ac57d3ec06d4f326b70f58278587a,"(26, 35, 17)",uint8
train,Malignant,BreaDM-Ma-2127,train/Malignant/BreaDM-Ma-2127/p-049.npy,19ec7cd00ccbddf7656d7a7c5b80584c1e2e9de2b33936fd2bc4fa3c80abf277,"(26, 35, 17)",uint8
train,Malignant,BreaDM-Ma-2127,train/Malignant/BreaDM-Ma-2127/p-050.npy,ac0fcac4323e4295125937310220793dc6cde5722a10a0df8a82aaf77ed19fb3,"(26, 35, 17)",uint8
train,Malignant,BreaDM-Ma-2127,train/Malignant/BreaDM-Ma-2127/p-051.npy,6e47fc44ae67879247e1f7acb9d49f5c29e23c7ba509f92fb6b35d191c321ca0,"(26, 35, 17)",uint8
train,Malignant,BreaDM-Ma-2127,train/Malignant/BreaDM-Ma-2127/p-052.npy,90b202221c80cd44d465d2ee96efe4917d18c7158bf60fa4728e3e715296c42b,"(26, 35, 17)",uint8
train,Malignant,BreaDM-Ma-2127,train/Malignant/BreaDM-Ma-2127/p-053.npy,c9fba4302510487372be45d4b44afca005f51f3bfbafe12ce509b00e93a7d7b0,"(26, 35, 17)",uint8
train,Malignant,BreaDM-Ma-2127,train/Malignant/BreaDM-Ma-2127/p-054.npy,3addc30c81f322b2335dc1b525e86aedfab8063d3d479d36a2642526fb9b7671,"(26, 35, 17)",uint8
train,Malignant,BreaDM-Ma-2127,train/Malignant/BreaDM-Ma-2127/p-055.npy,c1f60eac3cf5449fd1885094107b4a50fe03f744cd1a1d2d0198879d5076ccf4,"(26, 35, 17)",uint8
train,Malignant,BreaDM-Ma-2128,train/Malignant/BreaDM-Ma-2128/p-037.npy,bb0419c242086f2eb9d3e734a330578d53c8308468b75a4a95ca5024e044ef45,"(21, 26, 17)",uint8
train,Malignant,BreaDM-Ma-2128,train/Malignant/BreaDM-Ma-2128/p-038.npy,fed0511d552a79b0605a2a494f6b09fcd32b7768ac9cd05d37906f8aa1f77111,"(21, 26, 17)",uint8
train,Malignant,BreaDM-Ma-2128,train/Malignant/BreaDM-Ma-2128/p-039.npy,1ab34e27cbdb47dd909e25256ba4c01cf595d7850545c450f382025d79d73a36,"(21, 26, 17)",uint8
train,Malignant,BreaDM-Ma-2128,train/Malignant/BreaDM-Ma-2128/p-040.npy,cad47a5a61b91d3f63449b104cf928adfad7f6ec8649c6adb4b2c6b4155230a0,"(21, 26, 17)",uint8
train,Malignant,BreaDM-Ma-2128,train/Malignant/BreaDM-Ma-2128/p-041.npy,2f2af8a035c98616e4a8e8bcbe15162c0c6e8b9275314ca0e8eb038a80336609,"(21, 26, 17)",uint8
train,Malignant,BreaDM-Ma-2128,train/Malignant/BreaDM-Ma-2128/p-042.npy,371b106c0f06a483ecd6a6646a3e7f205d2f2eb2f06978398e778b770b20ccbd,"(21, 26, 17)",uint8
train,Malignant,BreaDM-Ma-2128,train/Malignant/BreaDM-Ma-2128/p-043.npy,6073dc5d009f07b57f6d5489d20eb57c1d12e07dab8815a23bfb416269514663,"(21, 26, 17)",uint8
train,Malignant,BreaDM-Ma-2128,train/Malignant/BreaDM-Ma-2128/p-044.npy,29c9bd82703430200333ecda6b4f684d74f88cbc383591f0ce7144daf23c93c6,"(21, 26, 17)",uint8
train,Malignant,BreaDM-Ma-2128,train/Malignant/BreaDM-Ma-2128/p-045.npy,0cc600aae29654c656754707654db92e4cfd5e90e2272b63110e08dd029379f4,"(21, 26, 17)",uint8
train,Malignant,BreaDM-Ma-2128,train/Malignant/BreaDM-Ma-2128/p-046.npy,da0e9da498afc23015fa0058e12865df7163f6bbb8da68b0baf249cf833b5291,"(21, 26, 17)",uint8
train,Malignant,BreaDM-Ma-2128,train/Malignant/BreaDM-Ma-2128/p-047.npy,acd20abcf823b9fcc7dad0ed71d7fb387157efa32244701fc81181eb92445d09,"(21, 26, 17)",uint8
train,Malignant,BreaDM-Ma-2128,train/Malignant/BreaDM-Ma-2128/p-048.npy,6fdd732c5e2575f5729fc7666ba01f286cb5a436c8a3a20ec11d28e40d7a11fe,"(21, 26, 17)",uint8
train,Malignant,BreaDM-Ma-2128,train/Malignant/BreaDM-Ma-2128/p-049.npy,49aa341937a64fc23fc2875b0caaef4a1fa3872d8c31c683a31293a28ed143a6,"(21, 26, 17)",uint8
train,Malignant,BreaDM-Ma-2128,train/Malignant/BreaDM-Ma-2128/p-050.npy,57ce046775e38893c0f7ec3945565adec0e6833bb1c8224fc82bc5af1c413b72,"(21, 26, 17)",uint8
train,Malignant,BreaDM-Ma-2128,train/Malignant/BreaDM-Ma-2128/p-051.npy,51db1fd5d7148e0fdda09e7e49271b3ac9ed031fdde9008a1055db3bb603169b,"(21, 26, 17)",uint8
train,Malignant,BreaDM-Ma-2128,train/Malignant/BreaDM-Ma-2128/p-052.npy,3a444c0bef8a8af98d3aa37bc77559a650127c1ad67c38660e33eeda89c3ae0a,"(21, 26, 17)",uint8
train,Malignant,BreaDM-Ma-2129,train/Malignant/BreaDM-Ma-2129/p-036.npy,48a997e51622b3b938ff85e230f1eee7be74fa8c243231ee77fa0540b523d20d,"(12, 14, 17)",uint8
train,Malignant,BreaDM-Ma-2129,train/Malignant/BreaDM-Ma-2129/p-037.npy,b074f9f38a86f075e62d86e2755ef5c4fdecbe72b69a21c9e21f77c68aa5556d,"(12, 14, 17)",uint8
train,Malignant,BreaDM-Ma-2129,train/Malignant/BreaDM-Ma-2129/p-038.npy,1c2fde2f68844b6be71089a8f173d02dc43715e1930bed1142dbf34c8a36c746,"(12, 14, 17)",uint8
train,Malignant,BreaDM-Ma-2129,train/Malignant/BreaDM-Ma-2129/p-039.npy,157bd83e053526f253dce9cd4270c1267bb1619aa6742b29d5177b12c3371123,"(12, 14, 17)",uint8
train,Malignant,BreaDM-Ma-2129,train/Malignant/BreaDM-Ma-2129/p-040.npy,3a627b76c1474d2684ee23bab5b1b1cb54e07ffb89dab3505d31fca357c33330,"(12, 14, 17)",uint8
train,Malignant,BreaDM-Ma-2129,train/Malignant/BreaDM-Ma-2129/p-041.npy,a5f9f668f32b11aa94065711c3501c3a5af848c0934f60dd0676558f1e36d918,"(12, 14, 17)",uint8
train,Malignant,BreaDM-Ma-2130,train/Malignant/BreaDM-Ma-2130/p-048.npy,69fea3d7428bfefcd6f1174b6fe33de3de46828d169aa0410c93e00719460eea,"(20, 17, 17)",uint8
train,Malignant,BreaDM-Ma-2130,train/Malignant/BreaDM-Ma-2130/p-049.npy,5320abb1c6dba22f0d50743c5b8a5d0354d5fddd54c0f3a717f3df1dddf87a88,"(20, 17, 17)",uint8
train,Malignant,BreaDM-Ma-2130,train/Malignant/BreaDM-Ma-2130/p-050.npy,e88d0d61bb94bb4060c420ba65f37070531c064adceecd71971a528da12178fe,"(20, 17, 17)",uint8
train,Malignant,BreaDM-Ma-2130,train/Malignant/BreaDM-Ma-2130/p-051.npy,273b23e8773ae360663e3d7afd212225bcb813a1919c52482d8f740c1d6a33a8,"(20, 17, 17)",uint8
train,Malignant,BreaDM-Ma-2132,train/Malignant/BreaDM-Ma-2132/p-044.npy,67f319f5e16ea8256466fffa1439f6cf342dede452fd298fd5c56654c7282a06,"(14, 17, 17)",uint8
train,Malignant,BreaDM-Ma-2132,train/Malignant/BreaDM-Ma-2132/p-045.npy,c912953f3642dbb593088eb6dfb50ea7b555b20d6b5cc26f5ed836df9db5ebf1,"(14, 17, 17)",uint8
train,Malignant,BreaDM-Ma-2132,train/Malignant/BreaDM-Ma-2132/p-046.npy,1d9e4f0e57b583033f90c3856066aa7cbf210d15456e8ce1f99a3ddb72ea4e98,"(14, 17, 17)",uint8
train,Malignant,BreaDM-Ma-2132,train/Malignant/BreaDM-Ma-2132/p-047.npy,a6683451eac81d435d215df0ffe369a9b8f1a77ba0cb8f5937b6178e4e84bc52,"(14, 17, 17)",uint8
train,Malignant,BreaDM-Ma-2132,train/Malignant/BreaDM-Ma-2132/p-048.npy,9ab80608486ab9d250a2b42454d7f6dd3e94771e32ecdb64605f1426bad1ad34,"(14, 17, 17)",uint8
train,Malignant,BreaDM-Ma-2132,train/Malignant/BreaDM-Ma-2132/p-049.npy,402b1a52cc8ed1e397411861a974943df2e8e6fec92eba0f0cc5b6748700f82c,"(14, 17, 17)",uint8
train,Malignant,BreaDM-Ma-2132,train/Malignant/BreaDM-Ma-2132/p-050.npy,e6befb1a0593ab2edde027749f6cc76bc1478b666f61ed83575fc648aef94848,"(14, 17, 17)",uint8
train,Malignant,BreaDM-Ma-2133,train/Malignant/BreaDM-Ma-2133/p-064.npy,82bb2673223ca8b2daf148a5f0f41508e30c4db47c80259f2d70c61c42b59b80,"(22, 25, 17)",uint8
train,Malignant,BreaDM-Ma-2133,train/Malignant/BreaDM-Ma-2133/p-065.npy,4cbb5050f1b9a196961dad73e9dc415aa31fa0105e56cf1c885302df6467ee3b,"(22, 25, 17)",uint8
train,Malignant,BreaDM-Ma-2133,train/Malignant/BreaDM-Ma-2133/p-066.npy,bd3e8f7353a25323bc79fbedd0d2c1624124a40b7b66f36a3002eb006f657a02,"(22, 25, 17)",uint8
train,Malignant,BreaDM-Ma-2133,train/Malignant/BreaDM-Ma-2133/p-067.npy,fd8110cd1f424aac7386aa514697012b03d898d2da81bd5849c10c03f67bbcc9,"(22, 25, 17)",uint8
train,Malignant,BreaDM-Ma-2133,train/Malignant/BreaDM-Ma-2133/p-068.npy,24aa33395d5ee6d91ca9d7eee270f35202978d176189a8925c0d089f94e4e0fc,"(22, 25, 17)",uint8
train,Malignant,BreaDM-Ma-2133,train/Malignant/BreaDM-Ma-2133/p-069.npy,26b20093617312946de5c6e4626e75ded61802b49c76b2304db0a127d201e917,"(22, 25, 17)",uint8
train,Malignant,BreaDM-Ma-2133,train/Malignant/BreaDM-Ma-2133/p-070.npy,9935063fffeb90f30914fae03fa17b7900db01306205022d8af9a708d132df14,"(22, 25, 17)",uint8
train,Malignant,BreaDM-Ma-2133,train/Malignant/BreaDM-Ma-2133/p-071.npy,0d5fd09a0f1ce7af3bd2d652947033143dd8f339d2f3ce9fa4cfbbc0ee45216a,"(22, 25, 17)",uint8
train,Malignant,BreaDM-Ma-2135,train/Malignant/BreaDM-Ma-2135/p-037.npy,db68d94985edab1154d47fdef50dde74d62e066cf3c308950b6424cf9d85930b,"(18, 20, 17)",uint8
train,Malignant,BreaDM-Ma-2135,train/Malignant/BreaDM-Ma-2135/p-038.npy,d3802876275a01d19ae948de1d397402388b4e030067998d65b9661e065cf76f,"(18, 20, 17)",uint8
train,Malignant,BreaDM-Ma-2135,train/Malignant/BreaDM-Ma-2135/p-039.npy,fd74c74db8fce576d3088e3f84fc3faf0ca19b670876123bcd9e4253ddcdbafd,"(18, 20, 17)",uint8
train,Malignant,BreaDM-Ma-2135,train/Malignant/BreaDM-Ma-2135/p-040.npy,9f4a5a9d969b5c128173651996c2abaaae29b76a8c3a019e0901c5a53d15aecb,"(18, 20, 17)",uint8
train,Malignant,BreaDM-Ma-2135,train/Malignant/BreaDM-Ma-2135/p-041.npy,183c240bd6bf3a035ee7b1500d787d460f09967aacdb5b05366ef592e77617b1,"(18, 20, 17)",uint8
train,Malignant,BreaDM-Ma-2135,train/Malignant/BreaDM-Ma-2135/p-042.npy,968cf384945ed81c8c2755be2c9c1252fe962bcb12f21a4f8e0f145d3e376252,"(18, 20, 17)",uint8
train,Malignant,BreaDM-Ma-2136,train/Malignant/BreaDM-Ma-2136/p-042.npy,3d8e3ab07f459954415577ba77c8f8458dc4bbf7840240c226ac54f515b27347,"(29, 31, 17)",uint8
train,Malignant,BreaDM-Ma-2136,train/Malignant/BreaDM-Ma-2136/p-043.npy,7bd79cfc4a69cc55accbd6292b2481cd7bcaf0792e4de1362ddbcfed9e188dc9,"(29, 31, 17)",uint8
train,Malignant,BreaDM-Ma-2136,train/Malignant/BreaDM-Ma-2136/p-044.npy,cb3704c9f9bba726c5c422e6534622a53a00464c47a1dea6f55eaf24b01b26de,"(29, 31, 17)",uint8
train,Malignant,BreaDM-Ma-2136,train/Malignant/BreaDM-Ma-2136/p-045.npy,449aeef99c94637211e99837e93c2d5ff2d8275bdd2522e2f269fb5298b8b955,"(29, 31, 17)",uint8
train,Malignant,BreaDM-Ma-2136,train/Malignant/BreaDM-Ma-2136/p-046.npy,800d6372a683a21e795e625a444a1c8ff525cfb6471162858092177aa1b65480,"(29, 31, 17)",uint8
train,Malignant,BreaDM-Ma-2136,train/Malignant/BreaDM-Ma-2136/p-047.npy,7eaeaf600b7048abcd9dbbe9502d71f5409db8aaa8cbb56e53cff38912015671,"(29, 31, 17)",uint8
train,Malignant,BreaDM-Ma-2137,train/Malignant/BreaDM-Ma-2137/p-034.npy,cfbd32b4cbeed141b3ebbb75159d9e4d2f4afcacb10cf68eb7448ef5f1d17281,"(34, 34, 17)",uint8
train,Malignant,BreaDM-Ma-2137,train/Malignant/BreaDM-Ma-2137/p-035.npy,da24d3eeeeed47f45f4f4e846d5ea8375a2654392506ab6d36587b85e2f75c9a,"(34, 34, 17)",uint8
train,Malignant,BreaDM-Ma-2137,train/Malignant/BreaDM-Ma-2137/p-036.npy,43ccad5ca698cdebbd6ec169106d05d8565f50e6acd588b12dfa8c90f1f1a76d,"(34, 34, 17)",uint8
train,Malignant,BreaDM-Ma-2137,train/Malignant/BreaDM-Ma-2137/p-037.npy,b259532af376058699939745168d06f0b34b12f5d7cd56da6fa1b78d301eacf4,"(34, 34, 17)",uint8
train,Malignant,BreaDM-Ma-2137,train/Malignant/BreaDM-Ma-2137/p-038.npy,5166e9537c7bff788a1af0489422e9a38d8948000ec47fd3578a7b3596b7b3e8,"(34, 34, 17)",uint8
train,Malignant,BreaDM-Ma-2137,train/Malignant/BreaDM-Ma-2137/p-039.npy,55b974d9802e97eb7b75b4ea31a43ab061b703747ae1eb3fc8b2749976728156,"(34, 34, 17)",uint8
train,Malignant,BreaDM-Ma-2137,train/Malignant/BreaDM-Ma-2137/p-040.npy,6501840a2840abff2afcdef36b65ac05eeae0888d495b1c049049dd19e3ba86e,"(34, 34, 17)",uint8
train,Malignant,BreaDM-Ma-2137,train/Malignant/BreaDM-Ma-2137/p-041.npy,138ddf79dbd4b31f225ae747df15990885de1eae4c208f28c21642aeab7d27a0,"(34, 34, 17)",uint8
train,Malignant,BreaDM-Ma-2137,train/Malignant/BreaDM-Ma-2137/p-042.npy,c8acd6365baeb01513ff3de4be23c32128c4461221fe484b90c6ce7f8233ccae,"(34, 34, 17)",uint8
train,Malignant,BreaDM-Ma-2137,train/Malignant/BreaDM-Ma-2137/p-043.npy,9eca2dfde04d4b857790b853ce3e9b16b00c4bb0676cbb9f45c9c205cfc5cb35,"(34, 34, 17)",uint8
train,Malignant,BreaDM-Ma-2137,train/Malignant/BreaDM-Ma-2137/p-044.npy,e1a69caa445f675590e1ed09dbbe341ac96b9e0d36e35f9484e4f9cbd3d1189f,"(34, 34, 17)",uint8
train,Malignant,BreaDM-Ma-2137,train/Malignant/BreaDM-Ma-2137/p-045.npy,5b9f9fbabdb13d5a05f6bd18cc501e7ae3ebede9afddd2a64cbc127889fc5b97,"(34, 34, 17)",uint8
train,Malignant,BreaDM-Ma-2137,train/Malignant/BreaDM-Ma-2137/p-046.npy,4178ffc6435ca5f6a2fa6aa6ddf0fba4268bd8739c8e76ef68d1de6f5c0dbdfe,"(34, 34, 17)",uint8
train,Malignant,BreaDM-Ma-2137,train/Malignant/BreaDM-Ma-2137/p-047.npy,25735a5badd8e00710ec96abdc61bc944b84b9d401c62d69b1481cddc5735680,"(34, 34, 17)",uint8
train,Malignant,BreaDM-Ma-2137,train/Malignant/BreaDM-Ma-2137/p-048.npy,81aee59fc3101d830967a7d9b46b7068acdd6fa5b9d8ea35c874461789e1d9de,"(34, 34, 17)",uint8
train,Malignant,BreaDM-Ma-2137,train/Malignant/BreaDM-Ma-2137/p-049.npy,58792062131858600fdd91e3fdfe08d6147638e210d2c28bf4515bf17b74ba81,"(34, 34, 17)",uint8
train,Malignant,BreaDM-Ma-2137,train/Malignant/BreaDM-Ma-2137/p-050.npy,d9a9714958cc299292c4efda9ba2115a2ec711f7f679fe413cba23f3793a6c93,"(34, 34, 17)",uint8
train,Malignant,BreaDM-Ma-2137,train/Malignant/BreaDM-Ma-2137/p-051.npy,b71f6214a5ddc2eb9bc26e02eac559498179b93d6159bf76e55ec6c6e4efbf8c,"(34, 34, 17)",uint8
train,Malignant,BreaDM-Ma-2137,train/Malignant/BreaDM-Ma-2137/p-052.npy,391b83e6570cf3916a774022ec64a1f642dcb7ab35599feb05563e6feb957513,"(34, 34, 17)",uint8
train,Malignant,BreaDM-Ma-2137,train/Malignant/BreaDM-Ma-2137/p-053.npy,5c4ced8c2f0fbc261070e0ab3bcce1dc1e86f22d4d43585b915e379a44cf175e,"(34, 34, 17)",uint8
train,Malignant,BreaDM-Ma-2137,train/Malignant/BreaDM-Ma-2137/p-054.npy,4c752e53065b7c345bd05e6db061678a6e8eb9ed68d9ad85a443f218ddcf48c3,"(34, 34, 17)",uint8
train,Malignant,BreaDM-Ma-2138,train/Malignant/BreaDM-Ma-2138/p-068.npy,2a38ea8ab8301175a3419792c55a06a1ae8d58fe7f829a29f20ac66c9f6b7a0f,"(24, 20, 17)",uint8
train,Malignant,BreaDM-Ma-2138,train/Malignant/BreaDM-Ma-2138/p-069.npy,28d5628dae3180519ea16b4ba4ddd42d0b7d5f044043d8dab709fc9d030c4ff7,"(24, 20, 17)",uint8
train,Malignant,BreaDM-Ma-2138,train/Malignant/BreaDM-Ma-2138/p-070.npy,14a864225146014b5f824eb535e9b9f6f3141ea20a150cc761fa46dc0a2f27df,"(24, 20, 17)",uint8
train,Malignant,BreaDM-Ma-2138,train/Malignant/BreaDM-Ma-2138/p-071.npy,0ded2e97d48539d9092b158add1a7e6bcf260f51a30f5220b4beedf9b051dd23,"(24, 20, 17)",uint8
train,Malignant,BreaDM-Ma-2138,train/Malignant/BreaDM-Ma-2138/p-072.npy,7ed14a05e329f2adda7f886f97ac012abc553239c6e8d75c359cf8a7fbf1fd7a,"(24, 20, 17)",uint8
train,Malignant,BreaDM-Ma-2138,train/Malignant/BreaDM-Ma-2138/p-073.npy,d074a0da1ba838cbcba5154968fa67bcb81f3749270fb4386f712c542fd909a4,"(24, 20, 17)",uint8
train,Malignant,BreaDM-Ma-2138,train/Malignant/BreaDM-Ma-2138/p-074.npy,d8fe9c48ce2b74926daa771c103f83c1928bb79411d0e3d533749cedd69f9a10,"(24, 20, 17)",uint8
train,Malignant,BreaDM-Ma-2138,train/Malignant/BreaDM-Ma-2138/p-075.npy,294deb55f194b21b17c898e7ce4b529c67bfde32f8d21c9fe8e27287af8323c1,"(24, 20, 17)",uint8
train,Malignant,BreaDM-Ma-2138,train/Malignant/BreaDM-Ma-2138/p-076.npy,4b371d0f24ea216721d41b8dede5949aa55fa7392f14d43d242e48c8f3954c3f,"(24, 20, 17)",uint8
train,Malignant,BreaDM-Ma-2138,train/Malignant/BreaDM-Ma-2138/p-077.npy,67a25f7b4e71588f105bfab9bbd5b23ee32da392642d4f88929c88426f18b379,"(24, 20, 17)",uint8
train,Malignant,BreaDM-Ma-2138,train/Malignant/BreaDM-Ma-2138/p-078.npy,e3bf3a4b7d8b081f3f508e78d1d05c23fdb076f945818d33a5b3ca848a5231a8,"(24, 20, 17)",uint8
train,Malignant,BreaDM-Ma-2138,train/Malignant/BreaDM-Ma-2138/p-079.npy,a6dc55c3d65e637e3dbff1481797309e838af936cdff23f4546db7037574d24f,"(24, 20, 17)",uint8
train,Malignant,BreaDM-Ma-2139,train/Malignant/BreaDM-Ma-2139/p-031.npy,80da19c1796ab96a150706ec40243cbdcccb079887805a45af231566c6043c8f,"(35, 33, 17)",uint8
train,Malignant,BreaDM-Ma-2139,train/Malignant/BreaDM-Ma-2139/p-032.npy,6f266254ad9208df3e9fb27824e094cb8ba09d89023056b9fe077c97ca4cda62,"(35, 33, 17)",uint8
train,Malignant,BreaDM-Ma-2139,train/Malignant/BreaDM-Ma-2139/p-033.npy,71dc41777a3a4e1a411de5818eb5dad8cb024713127f52709b8a7f13e54f8320,"(35, 33, 17)",uint8
train,Malignant,BreaDM-Ma-2139,train/Malignant/BreaDM-Ma-2139/p-034.npy,fe350d9063789e76af094f4825f2b0e6abf80d50af4dc61e233dbfbc939b4731,"(35, 33, 17)",uint8
train,Malignant,BreaDM-Ma-2139,train/Malignant/BreaDM-Ma-2139/p-035.npy,4525407d372c55ef2d66fabb28727b2d89711f6e491d7033d97f4ccd0dfe0478,"(35, 33, 17)",uint8
train,Malignant,BreaDM-Ma-2139,train/Malignant/BreaDM-Ma-2139/p-036.npy,38aa08fcebf92a7a968aeb621d600f146eddc878a2773b87170858370f757067,"(35, 33, 17)",uint8
val,Benign,BreaDM-Be-1802,val/Benign/BreaDM-Be-1802/p-040.npy,110d2c3e3871e9cd48452d0d2fb7f7073ec33fd0fa3f4f5986aadaccdc3dc954,"(23, 19, 17)",uint8
val,Benign,BreaDM-Be-1802,val/Benign/BreaDM-Be-1802/p-041.npy,9f3c5b77bcf84fd355b80a69cd7ef4cf90e0c22479007ccb41d636108cc26a78,"(23, 19, 17)",uint8
val,Benign,BreaDM-Be-1815,val/Benign/BreaDM-Be-1815/p-046.npy,095fa11d1b54c7642104e4b705633e93b4edb5bdb70f7bc84e5a8504b40b7179,"(12, 17, 17)",uint8
val,Benign,BreaDM-Be-1815,val/Benign/BreaDM-Be-1815/p-047.npy,e04aef6467154a359b529f9819e51d872ab12850a5b38d7a2dc41682c3dd3246,"(12, 17, 17)",uint8
val,Benign,BreaDM-Be-1815,val/Benign/BreaDM-Be-1815/p-048.npy,6ed4f09ae786de72979981ec880904f3c0f44728c7eecd300dfd709951b751f7,"(12, 17, 17)",uint8
val,Benign,BreaDM-Be-1905,val/Benign/BreaDM-Be-1905/p-030.npy,9a44e11a6de490070fa69404da5af193cf0e7eeb4ee96a38fe68c7593bc07f67,"(14, 17, 17)",uint8
val,Benign,BreaDM-Be-1905,val/Benign/BreaDM-Be-1905/p-031.npy,80b7eb3d404b479711692e3287daf91a86d7ef80a0daca0f77cc998d9f30241d,"(14, 17, 17)",uint8
val,Benign,BreaDM-Be-1905,val/Benign/BreaDM-Be-1905/p-032.npy,10ab5bff2dbde45a61756f93d48d9d7d5b8c30122145494996f63f692798896c,"(14, 17, 17)",uint8
val,Benign,BreaDM-Be-2005,val/Benign/BreaDM-Be-2005/p-055.npy,47ea60cc1e32dacad7bd0b10ec1a049191190dac389fa7701317027eaef64e9f,"(10, 11, 17)",uint8
val,Benign,BreaDM-Be-2005,val/Benign/BreaDM-Be-2005/p-056.npy,18673bd2d19c35c426aaafc6ded62cdedffdeba9f53900a0ea8140d90139a621,"(10, 11, 17)",uint8
val,Benign,BreaDM-Be-2005,val/Benign/BreaDM-Be-2005/p-057.npy,94e79ba48262ffef6c4ba5b6340e82bfa2d1eb0e880bf143ae7d975e1369adec,"(10, 11, 17)",uint8
val,Benign,BreaDM-Be-2105,val/Benign/BreaDM-Be-2105/p-026.npy,8460c52ebdf49bd206bf72a16ebc09a803e3daa1adacea5e43fe9303ddc53ae2,"(13, 14, 17)",uint8
val,Benign,BreaDM-Be-2105,val/Benign/BreaDM-Be-2105/p-027.npy,25f6ab136cd93bdaf4e7d668d76b6fdbf9d5e77ac3868185e0337f0f0fc9c746,"(13, 14, 17)",uint8
val,Benign,BreaDM-Be-2105,val/Benign/BreaDM-Be-2105/p-028.npy,6add9e23174676037071b6df76d7419f9b8cff448e3d51859b210d13939fe667,"(13, 14, 17)",uint8
val,Benign,BreaDM-Be-2110,val/Benign/BreaDM-Be-2110/p-043.npy,801fa04fb842472183eddd02987811854be5d5e6d0d5550a3e899248e0d271e6,"(6, 9, 17)",uint8
val,Benign,BreaDM-Be-2110,val/Benign/BreaDM-Be-2110/p-044.npy,ed8eb4717c249750e53531a00184d029e97ab8ff1d38722fc085a900078594d9,"(6, 9, 17)",uint8
val,Benign,BreaDM-Be-2110,val/Benign/BreaDM-Be-2110/p-045.npy,118efcf2b7d4f977ea294abdaeaabb3524a2fe0983a454300f45c1395b5ae8b7,"(6, 9, 17)",uint8
val,Benign,BreaDM-Be-2110,val/Benign/BreaDM-Be-2110/p-046.npy,c00289cd2db867ae0ecc661d25c3d05c2cdef6d79d7acd1828c51fb10293e673,"(6, 9, 17)",uint8
val,Benign,BreaDM-Be-2110,val/Benign/BreaDM-Be-2110/p-047.npy,93e3a4138ec3db061a08c3fe662a18c50a721eb4bec033fd9edb716dd8e1c96c,"(6, 9, 17)",uint8
val,Benign,BreaDM-Be-2110,val/Benign/BreaDM-Be-2110/p-048.npy,5d7d6565ba6b24802e1f48ad57f18ba4f28767e63788f944b6898500243f83e6,"(6, 9, 17)",uint8
val,Benign,BreaDM-Be-2112,val/Benign/BreaDM-Be-2112/p-054.npy,7ad218e347427ea75a71084a0540a841109c19f34e737460636a58b972104fb2,"(12, 10, 17)",uint8
val,Benign,BreaDM-Be-2112,val/Benign/BreaDM-Be-2112/p-055.npy,c9a512701b330ebde9d7c7874e7a23f087b6d5df27164a23908f08894d8b8c64,"(12, 10, 17)",uint8
val,Benign,BreaDM-Be-2112,val/Benign/BreaDM-Be-2112/p-056.npy,f7ac4495fbac19b32ea47ba63f46722a5e44727b37ab0e7fbb055f5154c7663d,"(12, 10, 17)",uint8
val,Benign,BreaDM-Be-2112,val/Benign/BreaDM-Be-2112/p-057.npy,0352894a9c438a3b6fd80f8ebe51f6b87bbea176718ffd3731f978a7e046c52a,"(12, 10, 17)",uint8
val,Malignant,BreaDM-Ma-1805,val/Malignant/BreaDM-Ma-1805/p-032.npy,b1348cd164a7d58f55807cfc516680b9f3a723cb55ec1bc9bc4f1346049da813,"(29, 21, 17)",uint8
val,Malignant,BreaDM-Ma-1805,val/Malignant/BreaDM-Ma-1805/p-033.npy,466013922d04296de9e0cac95c986148d51b662a4da3180e1ee42652dbc6c36f,"(29, 21, 17)",uint8
val,Malignant,BreaDM-Ma-1805,val/Malignant/BreaDM-Ma-1805/p-034.npy,8d7b309a8771a51a3cc69d6051045245a0bc54e2c03de76f451be6556628bf03,"(29, 21, 17)",uint8
val,Malignant,BreaDM-Ma-1805,val/Malignant/BreaDM-Ma-1805/p-035.npy,9336ed952ee43a65fb0f49303c1159e5e4f781deb6b5c665495ff4b453003437,"(29, 21, 17)",uint8
val,Malignant,BreaDM-Ma-1805,val/Malignant/BreaDM-Ma-1805/p-036.npy,00aef3452d427c1f8d8659794413b02cbc50a262ad7d3a673bf23a0b480b589e,"(29, 21, 17)",uint8
val,Malignant,BreaDM-Ma-1805,val/Malignant/BreaDM-Ma-1805/p-037.npy,ec5769a875c9147b5c95b79a92857fa19353ac44810064248ff3c7c62e1cacde,"(29, 21, 17)",uint8
val,Malignant,BreaDM-Ma-1805,val/Malignant/BreaDM-Ma-1805/p-038.npy,28c1659b606205bdd69f8e5218a2f2ec632f45ef7e39e2873b0dbea6e32028b7,"(29, 21, 17)",uint8
val,Malignant,BreaDM-Ma-1805,val/Malignant/BreaDM-Ma-1805/p-039.npy,fb868759fb13de1f77e0e6d53eeb1fceeef4a8f6086a87cbcb2c77b3ca4b31f1,"(29, 21, 17)",uint8
val,Malignant,BreaDM-Ma-1809,val/Malignant/BreaDM-Ma-1809/p-038.npy,2427c2726ad116299ae87cac59204f211db7f3ffcbe7334ace48db6d9a5650e3,"(54, 37, 17)",uint8
val,Malignant,BreaDM-Ma-1809,val/Malignant/BreaDM-Ma-1809/p-039.npy,893e0323d17f96d5317ae6031f651991910c49f0d6350c578d68a764e1db368f,"(54, 37, 17)",uint8
val,Malignant,BreaDM-Ma-1809,val/Malignant/BreaDM-Ma-1809/p-040.npy,3278daae6afef99f763924fbe037699ed5e1a278aff11e2e3710a6614348295c,"(54, 37, 17)",uint8
val,Malignant,BreaDM-Ma-1809,val/Malignant/BreaDM-Ma-1809/p-041.npy,d87d8e6388ce42bb2710dec5518a2d8c62547657e4848780d4f348f78881a21a,"(54, 37, 17)",uint8
val,Malignant,BreaDM-Ma-1809,val/Malignant/BreaDM-Ma-1809/p-042.npy,a50aa44ad11a220c20f990bbe5ec026c825389c2023b2e5cba875e3b19fdad2f,"(54, 37, 17)",uint8
val,Malignant,BreaDM-Ma-1809,val/Malignant/BreaDM-Ma-1809/p-043.npy,0d10f53c7ba5c50a57191a30e9eb7be7c4c4629dd231048556cb0d2421e56f4e,"(54, 37, 17)",uint8
val,Malignant,BreaDM-Ma-1809,val/Malignant/BreaDM-Ma-1809/p-044.npy,8078971691d771f47366a15d22cbfc9b4fe6ea5d75b4d4fc2818f4572ca57597,"(54, 37, 17)",uint8
val,Malignant,BreaDM-Ma-1809,val/Malignant/BreaDM-Ma-1809/p-045.npy,e822699d90f9ba70b8292bc7c52612782c6ae83fd030bb47aac2e4584ceaf51a,"(54, 37, 17)",uint8
val,Malignant,BreaDM-Ma-1809,val/Malignant/BreaDM-Ma-1809/p-046.npy,387104ab7270d09d83a066963153625a52c5d4780d5956d2b421268a6435590f,"(54, 37, 17)",uint8
val,Malignant,BreaDM-Ma-1809,val/Malignant/BreaDM-Ma-1809/p-047.npy,2e7f3a179cfb73101af18bc3726ae531d076073fadc0c981c088d25351a8620f,"(54, 37, 17)",uint8
val,Malignant,BreaDM-Ma-1809,val/Malignant/BreaDM-Ma-1809/p-048.npy,5df10d0d2cbda700097379352b4dcebc74ca6840a52be7c5890c71ffd8554940,"(54, 37, 17)",uint8
val,Malignant,BreaDM-Ma-1809,val/Malignant/BreaDM-Ma-1809/p-049.npy,0cf3aff053a6114679d4d8c170c6dcc6ae0aff805114e44fc6cdb708f2d74162,"(54, 37, 17)",uint8
val,Malignant,BreaDM-Ma-1809,val/Malignant/BreaDM-Ma-1809/p-050.npy,4a799c9338b4b1849404d070a1c9e3aee2bd68ca6d2d79e4df118858ad49d8fc,"(54, 37, 17)",uint8
val,Malignant,BreaDM-Ma-1809,val/Malignant/BreaDM-Ma-1809/p-051.npy,f7bea5cd3b387d0c97542c8ec8d4d2566df95316e3fc94f4e07c03a17909ef6b,"(54, 37, 17)",uint8
val,Malignant,BreaDM-Ma-1809,val/Malignant/BreaDM-Ma-1809/p-052.npy,21ddbf1d6f48714ed42c230afa4a76b0fc6552ebef8a61401b44ea778ea1a75a,"(54, 37, 17)",uint8
val,Malignant,BreaDM-Ma-1809,val/Malignant/BreaDM-Ma-1809/p-053.npy,bf04dd2a9704537237da7a50b7126f5be26b0539af5cf07590ef1e3b6034d73b,"(54, 37, 17)",uint8
val,Malignant,BreaDM-Ma-1809,val/Malignant/BreaDM-Ma-1809/p-054.npy,5b2dde3ff69bb021ac4ec5c19f71dcf627c36d2165c4a963926789acff6800c7,"(54, 37, 17)",uint8
val,Malignant,BreaDM-Ma-1809,val/Malignant/BreaDM-Ma-1809/p-055.npy,5a59f16b0722028286e69db1338b43dff29d14b8ce5d3aa9e098f9d7523d3139,"(54, 37, 17)",uint8
val,Malignant,BreaDM-Ma-1809,val/Malignant/BreaDM-Ma-1809/p-056.npy,1bca30092dd26088911e61f57457d6f1a16b9c6f0d7f80ddeeab6b81cdec7509,"(54, 37, 17)",uint8
val,Malignant,BreaDM-Ma-1810,val/Malignant/BreaDM-Ma-1810/p-019.npy,26ea615ed29329385452578719eb8a982abe31ef51c7a697113444161d5fc107,"(13, 23, 17)",uint8
val,Malignant,BreaDM-Ma-1810,val/Malignant/BreaDM-Ma-1810/p-020.npy,5a4227757b4c04297c5e57d6d3d4ae4fdf3968b9694aa166c372145a0d253145,"(13, 23, 17)",uint8
val,Malignant,BreaDM-Ma-1810,val/Malignant/BreaDM-Ma-1810/p-021.npy,b574fa7079da2d453b2e0a5aaecf4df4dbcb30c516fd206bb7ef5b45686e773f,"(13, 23, 17)",uint8
val,Malignant,BreaDM-Ma-1810,val/Malignant/BreaDM-Ma-1810/p-022.npy,16fe6442fb5ec3b87c71e301d00726b2ae9054a81e28be6d79971a045e23e742,"(13, 23, 17)",uint8
val,Malignant,BreaDM-Ma-1810,val/Malignant/BreaDM-Ma-1810/p-023.npy,e3a9ac44940ec112774041022709f954c1299d7e4408b148617ca4c080a37b95,"(13, 23, 17)",uint8
val,Malignant,BreaDM-Ma-1812,val/Malignant/BreaDM-Ma-1812/p-053.npy,338ec443b8c07cb79265967991deb3da7f96b244ead13bdb80354af85a464208,"(17, 28, 17)",uint8
val,Malignant,BreaDM-Ma-1812,val/Malignant/BreaDM-Ma-1812/p-054.npy,abb35c23a76d806ab92f4375df632af5543a6e1e7a5c31a3408b3ea38aacb2b2,"(17, 28, 17)",uint8
val,Malignant,BreaDM-Ma-1812,val/Malignant/BreaDM-Ma-1812/p-055.npy,efc93a034bd8d258d014cdd7c5b78d6b5b3a2aa970bcbb847d188a8a1a5b60da,"(17, 28, 17)",uint8
val,Malignant,BreaDM-Ma-1812,val/Malignant/BreaDM-Ma-1812/p-056.npy,4748c6469bbdd3c75c39d20f001a67d153be015fc67b92efb799fa51296783fd,"(17, 28, 17)",uint8
val,Malignant,BreaDM-Ma-1826,val/Malignant/BreaDM-Ma-1826/p-035.npy,9e10ce20a3fc14c4ae439a9436fe1d2f4d925af9465f41e5d6bde776969fdfad,"(18, 19, 17)",uint8
val,Malignant,BreaDM-Ma-1826,val/Malignant/BreaDM-Ma-1826/p-036.npy,b9303561a34d6cf67bfb034ff85f04e5af1a19ff4bf27384e8367deae3564d6d,"(18, 19, 17)",uint8
val,Malignant,BreaDM-Ma-1826,val/Malignant/BreaDM-Ma-1826/p-037.npy,69800354537aacbf522f02dcf71b07ae6704db475aa1423c4f004269028a05ca,"(18, 19, 17)",uint8
val,Malignant,BreaDM-Ma-1826,val/Malignant/BreaDM-Ma-1826/p-038.npy,c3108bc9ad17ad7995a6e22a303f3fd952e376b8600b390c1880a937cf2b7cf5,"(18, 19, 17)",uint8
val,Malignant,BreaDM-Ma-1826,val/Malignant/BreaDM-Ma-1826/p-039.npy,f1a74a4dace00b24cedafdef2a85525819e40c9b586bd9121422c0cd2497c7a1,"(18, 19, 17)",uint8
val,Malignant,BreaDM-Ma-1826,val/Malignant/BreaDM-Ma-1826/p-040.npy,167e3c4931bb88d580cc83ef28942330afc403d3185d1767643f6e9d3db9e224,"(18, 19, 17)",uint8
val,Malignant,BreaDM-Ma-1826,val/Malignant/BreaDM-Ma-1826/p-041.npy,a450d6fcaa63a9e7dee1149cacd8d6c9d17b4612fe56c9d7d077bf654580347f,"(18, 19, 17)",uint8
val,Malignant,BreaDM-Ma-1827,val/Malignant/BreaDM-Ma-1827/p-044.npy,e5fe58a418ddfed755bff507a3f6537a1126b609110046fa32aa0806581b6c45,"(12, 13, 17)",uint8
val,Malignant,BreaDM-Ma-1827,val/Malignant/BreaDM-Ma-1827/p-045.npy,8a930075af41604ca4f3479862226fa68acb891d476ae060969253fab501d678,"(12, 13, 17)",uint8
val,Malignant,BreaDM-Ma-1827,val/Malignant/BreaDM-Ma-1827/p-046.npy,cc192a3affe3e2333831877ebcc20a4c8c5f4c8c37a134e89180bd94c09c4a60,"(12, 13, 17)",uint8
val,Malignant,BreaDM-Ma-1910,val/Malignant/BreaDM-Ma-1910/p-035.npy,40ec92427800b43973f313535403896b31e0679b45d5747976c52388b0e89e53,"(12, 18, 17)",uint8
val,Malignant,BreaDM-Ma-1910,val/Malignant/BreaDM-Ma-1910/p-036.npy,443e983fda6ee1ae987bdd906a12ce2dd9fc2576bb8c229a02f29aa06be0b3b1,"(12, 18, 17)",uint8
val,Malignant,BreaDM-Ma-1910,val/Malignant/BreaDM-Ma-1910/p-037.npy,c893f4bac8c3f96e008adfe106efa5f5cb8f96261c52e4a684a371f50cd2f969,"(12, 18, 17)",uint8
val,Malignant,BreaDM-Ma-1910,val/Malignant/BreaDM-Ma-1910/p-038.npy,8872cbfe3903966637efababfe632b64afae724d7e59fe558884e4ac61b97954,"(12, 18, 17)",uint8
val,Malignant,BreaDM-Ma-1910,val/Malignant/BreaDM-Ma-1910/p-039.npy,e127cb699882c6958ffe4673d4ae47ca1a240e1b875f97cc30b2327202960ca9,"(12, 18, 17)",uint8
val,Malignant,BreaDM-Ma-1910,val/Malignant/BreaDM-Ma-1910/p-040.npy,114aa6562daa22135b4aa7a09da6a924364e5c7f30b554be5431def6b1340c8c,"(12, 18, 17)",uint8
val,Malignant,BreaDM-Ma-1910,val/Malignant/BreaDM-Ma-1910/p-041.npy,61a958ac088765a83f663fbefd68117224f066f92a1b13641901db9c4c0bb197,"(12, 18, 17)",uint8
val,Malignant,BreaDM-Ma-1910,val/Malignant/BreaDM-Ma-1910/p-042.npy,d490b0581294a4b66b0d8bdf97931130bb37f59993222eae5db6c0d2b3b06d2f,"(12, 18, 17)",uint8
val,Malignant,BreaDM-Ma-1925,val/Malignant/BreaDM-Ma-1925/p-043.npy,1ed7f35ac9a7442ed0ed7d196b101d6af0a6758379bed73740da6e36811abfd0,"(24, 25, 17)",uint8
val,Malignant,BreaDM-Ma-1925,val/Malignant/BreaDM-Ma-1925/p-044.npy,d61f21c1374a3871e2bc0514473ae6f3396b17c398dabf43b856b38d66542f3b,"(24, 25, 17)",uint8
val,Malignant,BreaDM-Ma-1925,val/Malignant/BreaDM-Ma-1925/p-045.npy,ca333b0514cf67934381c2e80e5c268c0ae8c331ce3c322eae5bed23deb193e3,"(24, 25, 17)",uint8
val,Malignant,BreaDM-Ma-1925,val/Malignant/BreaDM-Ma-1925/p-046.npy,abddf105bd91355afff9ca0860e249363821a790df6d8b386723ae701da1eed3,"(24, 25, 17)",uint8
val,Malignant,BreaDM-Ma-1925,val/Malignant/BreaDM-Ma-1925/p-047.npy,210b27f6f9f6bba79e53f9f9112cfaa81ce7be46da51b50bd5bf4919b1874c0f,"(24, 25, 17)",uint8
val,Malignant,BreaDM-Ma-1925,val/Malignant/BreaDM-Ma-1925/p-048.npy,cd129398301b00f7f6401cc8016caf930d1711abdfe167c0401e3e8dc0c42ce4,"(24, 25, 17)",uint8
val,Malignant,BreaDM-Ma-2017,val/Malignant/BreaDM-Ma-2017/p-073.npy,14535d54a11fc5d205d0aaec2a1fe52f440421689b0e087d697f6b99105300a8,"(22, 27, 17)",uint8
val,Malignant,BreaDM-Ma-2017,val/Malignant/BreaDM-Ma-2017/p-074.npy,20900c0ee06e5013df5a67a3ac0d420ccc1a18684a339bebcfbab799106f73aa,"(22, 27, 17)",uint8
val,Malignant,BreaDM-Ma-2017,val/Malignant/BreaDM-Ma-2017/p-075.npy,b7c7db1ec216d434e78699220d7865baf73672e18ec8d75e69876d08b54f25e9,"(22, 27, 17)",uint8
val,Malignant,BreaDM-Ma-2017,val/Malignant/BreaDM-Ma-2017/p-076.npy,5777afc6df64b66617fe68287803e204ed6530f228696a0957e9f46c13548caf,"(22, 27, 17)",uint8
val,Malignant,BreaDM-Ma-2017,val/Malignant/BreaDM-Ma-2017/p-077.npy,d99d98be0c4a4286ecf9a0ddb8846da44eca286d3980e16571e387d686fe1e37,"(22, 27, 17)",uint8
val,Malignant,BreaDM-Ma-2017,val/Malignant/BreaDM-Ma-2017/p-078.npy,10b6aaadfb0d4b0b66c7d5774a54868c04f92bcae5902fa2878e18400f31e788,"(22, 27, 17)",uint8
val,Malignant,BreaDM-Ma-2017,val/Malignant/BreaDM-Ma-2017/p-079.npy,f4aa92d37dae7fcf5e60e292e075f404f603e1fa44a480f0b84d061b13f9a8cf,"(22, 27, 17)",uint8
val,Malignant,BreaDM-Ma-2017,val/Malignant/BreaDM-Ma-2017/p-080.npy,8b479e4ceea78d65e451bdde5ce65014586b5842e6a9645f22e6dab56a89bd64,"(22, 27, 17)",uint8
val,Malignant,BreaDM-Ma-2017,val/Malignant/BreaDM-Ma-2017/p-081.npy,08108f343338622d6f5b6133c01a441aa8ec0508933fa9e3de8f7a124b79ae15,"(22, 27, 17)",uint8
val,Malignant,BreaDM-Ma-2017,val/Malignant/BreaDM-Ma-2017/p-082.npy,e8ab67c5a37a2667f52e7bc187adcc0961a7f0947efb9d8fd9daadc97b06d242,"(22, 27, 17)",uint8
val,Malignant,BreaDM-Ma-2017,val/Malignant/BreaDM-Ma-2017/p-083.npy,bb05bc01fbfe4372bd8cd2a21773b7242d73df2c4fe2b17a974548d484ddecf4,"(22, 27, 17)",uint8
val,Malignant,BreaDM-Ma-2029,val/Malignant/BreaDM-Ma-2029/p-043.npy,d26629da01adc2c75c22d93d49d6afdfe1aa410db02dba2ddf5a2c5d8c3b6b6d,"(21, 19, 17)",uint8
val,Malignant,BreaDM-Ma-2029,val/Malignant/BreaDM-Ma-2029/p-044.npy,798ea692ad91fed1106fbc413d6101c40cd661300a1ad19d188f228e502f6e01,"(21, 19, 17)",uint8
val,Malignant,BreaDM-Ma-2029,val/Malignant/BreaDM-Ma-2029/p-045.npy,244880e55cf237ad196e8d5da78c5024f3d61df75ecfa02eb97f17e62b2bb955,"(21, 19, 17)",uint8
val,Malignant,BreaDM-Ma-2029,val/Malignant/BreaDM-Ma-2029/p-046.npy,ab43bf835bd50c9ce27721b594fb925bf4447fa76cd5af7f4cc7b1b5de44f848,"(21, 19, 17)",uint8
val,Malignant,BreaDM-Ma-2029,val/Malignant/BreaDM-Ma-2029/p-047.npy,85e81d44ca72fb6026bceff074283e91f8c2bc831f023c41ea37380a9ffdb426,"(21, 19, 17)",uint8
val,Malignant,BreaDM-Ma-2029,val/Malignant/BreaDM-Ma-2029/p-048.npy,c433df7b1b1c91b674d831de2cb87a4fee699ffb1b76bc4902f069f80ca25adf,"(21, 19, 17)",uint8
val,Malignant,BreaDM-Ma-2029,val/Malignant/BreaDM-Ma-2029/p-049.npy,fee776b2659aa82339d65d12346a337973aee039d03113873b5c0d93af104692,"(21, 19, 17)",uint8
val,Malignant,BreaDM-Ma-2029,val/Malignant/BreaDM-Ma-2029/p-050.npy,84c792314d0d57c1f6e39d8e988298d9ede25100a4e370883c63973f24030a00,"(21, 19, 17)",uint8
val,Malignant,BreaDM-Ma-2041,val/Malignant/BreaDM-Ma-2041/p-069.npy,07ca4bafaad071819c8c1bba4bb3c167e5f7a1123dc831efbfc21070293f946d,"(20, 19, 17)",uint8
val,Malignant,BreaDM-Ma-2041,val/Malignant/BreaDM-Ma-2041/p-070.npy,b6fa93f81c607176eda9be2a9e17023cd73853a353042851f1c2c60999b75374,"(20, 19, 17)",uint8
val,Malignant,BreaDM-Ma-2041,val/Malignant/BreaDM-Ma-2041/p-071.npy,36cc487406e277c96ee628774d319784c036450f509ee1117d0e86113cec3b37,"(20, 19, 17)",uint8
val,Malignant,BreaDM-Ma-2041,val/Malignant/BreaDM-Ma-2041/p-072.npy,ef8ab860cee42c302e36534edff240ff144d4cdb09fa1bbd352391141a4f80ed,"(20, 19, 17)",uint8
val,Malignant,BreaDM-Ma-2041,val/Malignant/BreaDM-Ma-2041/p-073.npy,86b5f0dd0ebc1793c9a9db31953976fa256ccbac0cf6ec387b748115f95d3505,"(20, 19, 17)",uint8
val,Malignant,BreaDM-Ma-2041,val/Malignant/BreaDM-Ma-2041/p-074.npy,6f13d0435ff590a70311dd3022ab8ea580a85d0e7005dc7e11736aa46de2ceea,"(20, 19, 17)",uint8
val,Malignant,BreaDM-Ma-2041,val/Malignant/BreaDM-Ma-2041/p-075.npy,c4f56140d4f3ee88a0c15804078add672e2f94906237882caedd01e697ab06b1,"(20, 19, 17)",uint8
val,Malignant,BreaDM-Ma-2112,val/Malignant/BreaDM-Ma-2112/p-020.npy,7296496d999c0ac66b4d295685a77910382f479a16de9e2b7d8250544da21dc4,"(24, 32, 17)",uint8
val,Malignant,BreaDM-Ma-2112,val/Malignant/BreaDM-Ma-2112/p-021.npy,bd42e6970662604170d2d41d9b112cd8e5b77918095ab142ca3a560c709903d1,"(24, 32, 17)",uint8
val,Malignant,BreaDM-Ma-2112,val/Malignant/BreaDM-Ma-2112/p-022.npy,0c8f4b74a5195ce5cababe05e59ab42eea50bc6391e3a3d2bd1392dd95d7f0ff,"(24, 32, 17)",uint8
val,Malignant,BreaDM-Ma-2112,val/Malignant/BreaDM-Ma-2112/p-023.npy,b60e5ecbc1d4f0d16bf8d883f0c335f7e0363fc5717f9406aeb34ce44ab54af2,"(24, 32, 17)",uint8
val,Malignant,BreaDM-Ma-2112,val/Malignant/BreaDM-Ma-2112/p-024.npy,2b9a01a6742c0e1f0ab331eac0dc704d0ab22c423982980fa1d60bfb147e775d,"(24, 32, 17)",uint8
val,Malignant,BreaDM-Ma-2112,val/Malignant/BreaDM-Ma-2112/p-025.npy,1738f1f0689a582edc1a872a7fe408eed4d24bcee1e6eb96be72bd4523348e91,"(24, 32, 17)",uint8
val,Malignant,BreaDM-Ma-2112,val/Malignant/BreaDM-Ma-2112/p-026.npy,642dc8a375c04b56798795ad47e32db42fbd5acc144190724d5e24a4244c5824,"(24, 32, 17)",uint8
test,Benign,BreaDM-Be-1810,test/Benign/BreaDM-Be-1810/p-030.npy,c72a27c10f03eee4f4bc7fd39c5796b0996fa7fb391ea2855c1a2eb4db4e3eb9,"(15, 16, 17)",uint8
test,Benign,BreaDM-Be-1810,test/Benign/BreaDM-Be-1810/p-031.npy,e471f22b237ba26918ff15e56c75a0abce20d0fb89acb7f2c5dffa6a959657c2,"(15, 16, 17)",uint8
test,Benign,BreaDM-Be-1813,test/Benign/BreaDM-Be-1813/p-017.npy,8887dbfe4682aff424bfb058cdf8a9ecadbaa220425713451494bf5db3cdfbbe,"(15, 14, 17)",uint8
test,Benign,BreaDM-Be-1813,test/Benign/BreaDM-Be-1813/p-018.npy,a627c7be5287b2f69839fb6ce8efea150888f958b1b7802382a2a691278cedc9,"(15, 14, 17)",uint8
test,Benign,BreaDM-Be-1813,test/Benign/BreaDM-Be-1813/p-019.npy,340ceba7e590f8cfd292e6c315f53951c9aceccaabf62cc8ae151effc6ef7a15,"(15, 14, 17)",uint8
test,Benign,BreaDM-Be-1822,test/Benign/BreaDM-Be-1822/p-029.npy,85fffafe66656dd68c3a6c9730f89cb00eb767116ea11f558b399f2cdf8908fe,"(34, 28, 17)",uint8
test,Benign,BreaDM-Be-1822,test/Benign/BreaDM-Be-1822/p-030.npy,73813e279634f89e1e874f34b54d52c474d07b66d84250508f86d1b3eaab72ca,"(34, 28, 17)",uint8
test,Benign,BreaDM-Be-1822,test/Benign/BreaDM-Be-1822/p-031.npy,8544e70a55298fbc255ae5b13a1520028b4298e47f834441f359e580261eccdb,"(34, 28, 17)",uint8
test,Benign,BreaDM-Be-1822,test/Benign/BreaDM-Be-1822/p-032.npy,4de95f20dcfcd968e39498b77a5f9655f67104e8b4db562d80b4e8248cf120a0,"(34, 28, 17)",uint8
test,Benign,BreaDM-Be-1822,test/Benign/BreaDM-Be-1822/p-033.npy,e66da7ddcb0bbf36f94171888ed4449943d10b29f5884209e7216e3b957558f7,"(34, 28, 17)",uint8
test,Benign,BreaDM-Be-1822,test/Benign/BreaDM-Be-1822/p-034.npy,ed1c4f55fb21de620d3573242680948ea0836b3dbf28beb2429f1658ae7a0f2a,"(34, 28, 17)",uint8
test,Benign,BreaDM-Be-1822,test/Benign/BreaDM-Be-1822/p-035.npy,22b780005c2a7e79689726ff02961027f34969a12bbbb6cac272871a56b75191,"(34, 28, 17)",uint8
test,Benign,BreaDM-Be-1822,test/Benign/BreaDM-Be-1822/p-036.npy,2bfd9dcda6491def6ed5342ed126d80726d41e11a24fd87cf67842846bd2616a,"(34, 28, 17)",uint8
test,Benign,BreaDM-Be-1822,test/Benign/BreaDM-Be-1822/p-037.npy,6c95664777e759569d34855654343e85a115dcecca3c861d0a1bfb32e1539374,"(34, 28, 17)",uint8
test,Benign,BreaDM-Be-1822,test/Benign/BreaDM-Be-1822/p-038.npy,c4566a1ac5cce528d2f157b0d28dadd8bf6bc8c34b3553dbf9201886c9ed016e,"(34, 28, 17)",uint8
test,Benign,BreaDM-Be-1822,test/Benign/BreaDM-Be-1822/p-039.npy,5b21058fdbf44819fedfc37034b736a3ae365042c8663529b1cc5c68943ed642,"(34, 28, 17)",uint8
test,Benign,BreaDM-Be-1826,test/Benign/BreaDM-Be-1826/p-026.npy,155d9ee5c45cac0499c84b9e6383e552c01b1e988a9a68c882121e78ef3cc2aa,"(14, 12, 17)",uint8
test,Benign,BreaDM-Be-1826,test/Benign/BreaDM-Be-1826/p-027.npy,b148c58214dbbad87ee3b12c21c034f72e02b6349863fc10ad07260588d30b94,"(14, 12, 17)",uint8
test,Benign,BreaDM-Be-1906,test/Benign/BreaDM-Be-1906/p-010.npy,672e9f75293d15e56d41cbf660538061fbb81508fa7471fbb6ebba72ef2cbd8e,"(29, 26, 17)",uint8
test,Benign,BreaDM-Be-1906,test/Benign/BreaDM-Be-1906/p-011.npy,035dbbd9059db4e9c05f0299312b3a9526d37473932ce47661d5ec0a3311404f,"(29, 26, 17)",uint8
test,Benign,BreaDM-Be-1906,test/Benign/BreaDM-Be-1906/p-012.npy,f15d67bb53cdbc9ac53298814c333c4d665d1591213ec01c38356d1945f9a804,"(29, 26, 17)",uint8
test,Benign,BreaDM-Be-1906,test/Benign/BreaDM-Be-1906/p-013.npy,853ca0c8c0400d05b097938edcceb2844ce7493ba9ca94f713fa3b12cd6b4fa7,"(29, 26, 17)",uint8
test,Benign,BreaDM-Be-1906,test/Benign/BreaDM-Be-1906/p-014.npy,a943a7499c0eaaf78cd841329708a047fc81bc7e4b8155e586ca8f78cdabcee0,"(29, 26, 17)",uint8
test,Benign,BreaDM-Be-1906,test/Benign/BreaDM-Be-1906/p-015.npy,e56c05838903367a677269b3cf858fd859494d06734824cd754ff81e0df7b620,"(29, 26, 17)",uint8
test,Benign,BreaDM-Be-1906,test/Benign/BreaDM-Be-1906/p-016.npy,940361464d44fb2fc1fcca26cb47d2588c86c58743399aaad97b5cb3fab38ca2,"(29, 26, 17)",uint8
test,Benign,BreaDM-Be-1906,test/Benign/BreaDM-Be-1906/p-017.npy,ec7ab7446e5adf00428bce9c492236796e428f3dad528376d02d851db24ae63a,"(29, 26, 17)",uint8
test,Benign,BreaDM-Be-1906,test/Benign/BreaDM-Be-1906/p-018.npy,7aa6301cf34c5eeebd91c494ee52afe5e3a609d29bd370b8e04bbe6f4bf1dd7a,"(29, 26, 17)",uint8
test,Benign,BreaDM-Be-1906,test/Benign/BreaDM-Be-1906/p-019.npy,248a5c806fbfb6237aa8c0fbb505201119d4bccd865cc2a689b693ad193c5246,"(29, 26, 17)",uint8
test,Benign,BreaDM-Be-1907,test/Benign/BreaDM-Be-1907/p-029.npy,45812b92d6f4a287a8d4a034e0aac577715eba545715c5e7f9a9bdbc561f7f91,"(13, 17, 17)",uint8
test,Benign,BreaDM-Be-1907,test/Benign/BreaDM-Be-1907/p-030.npy,4349b0cfa21c508796c92e07cc4c805c5b6a32775e0cdd7dbd6b0894e5533f7e,"(13, 17, 17)",uint8
test,Benign,BreaDM-Be-1907,test/Benign/BreaDM-Be-1907/p-031.npy,92e5cd8ff6637a95aca2cc2487f2cce0cece7f16459b7dad94695a7d731eb83c,"(13, 17, 17)",uint8
test,Benign,BreaDM-Be-1909,test/Benign/BreaDM-Be-1909/p-023.npy,a21292330a38cced4de551f16aca8a0b006dfee9813466ee64174150195cb369,"(55, 44, 17)",uint8
test,Benign,BreaDM-Be-1909,test/Benign/BreaDM-Be-1909/p-024.npy,71756514a7a88473691d3b3f1a6f82629796862ae2f5e9fa248e59b556032c47,"(55, 44, 17)",uint8
test,Benign,BreaDM-Be-1909,test/Benign/BreaDM-Be-1909/p-025.npy,eee2bb95bed08ab9b41b783ee77e52a757220e50c69de2f2e08dc72be9abd2bb,"(55, 44, 17)",uint8
test,Benign,BreaDM-Be-1909,test/Benign/BreaDM-Be-1909/p-026.npy,77ed3d4623bec59e92782868dce243faeb4fc2788d7dd9b128d216ef83dad110,"(55, 44, 17)",uint8
test,Benign,BreaDM-Be-1909,test/Benign/BreaDM-Be-1909/p-027.npy,b781957cc36d734f9360826db56d46b51fa28a506241c91bda4db6b0a711d1ee,"(55, 44, 17)",uint8
test,Benign,BreaDM-Be-1909,test/Benign/BreaDM-Be-1909/p-028.npy,ec46be526f6d93b211d2faa2db44b1a5aeae2a0a660f6eea05ebb22a37de76be,"(55, 44, 17)",uint8
test,Benign,BreaDM-Be-1909,test/Benign/BreaDM-Be-1909/p-029.npy,c1ce1e147244cafe51ad86399b0059d76498d2abd8c9b2edd180ff2971ae6968,"(55, 44, 17)",uint8
test,Benign,BreaDM-Be-1909,test/Benign/BreaDM-Be-1909/p-030.npy,d3aed16025c51ca91285577c0e13ad2d7d5536491df4e463078b7ccfcb289caa,"(55, 44, 17)",uint8
test,Benign,BreaDM-Be-1909,test/Benign/BreaDM-Be-1909/p-031.npy,3acf94db73f70b5bace3e7d467d95618ee476c120ab25477d173cc0548d672f5,"(55, 44, 17)",uint8
test,Benign,BreaDM-Be-1909,test/Benign/BreaDM-Be-1909/p-032.npy,fb92e4bbb9a9e6e93ed607e16af02c141ed74b14c4530cf01f58b1ef1e3c209e,"(55, 44, 17)",uint8
test,Benign,BreaDM-Be-1909,test/Benign/BreaDM-Be-1909/p-033.npy,f5f023df6eebec0f8c606251068711fcd63125aff776f39843ced57d780ef122,"(55, 44, 17)",uint8
test,Benign,BreaDM-Be-1909,test/Benign/BreaDM-Be-1909/p-034.npy,abf30dbd9751cda28cd57dc5f7e5e3f12022619c91a1c0a2c4cf2e9606492e30,"(55, 44, 17)",uint8
test,Benign,BreaDM-Be-1909,test/Benign/BreaDM-Be-1909/p-035.npy,0ef1eefe3ae0319e6ba2d9838df5fc06ffac6757be3f24d4e467f7d224329022,"(55, 44, 17)",uint8
test,Benign,BreaDM-Be-1909,test/Benign/BreaDM-Be-1909/p-036.npy,18d2fbb808c4f42d251286999e1765a16810556ea05dc634bd8f5a59670b215d,"(55, 44, 17)",uint8
test,Benign,BreaDM-Be-1909,test/Benign/BreaDM-Be-1909/p-037.npy,5efe7edd276eda35b3fb1556d107dfdff51ebc3019dce6bf33e07d800e959df9,"(55, 44, 17)",uint8
test,Benign,BreaDM-Be-1909,test/Benign/BreaDM-Be-1909/p-038.npy,f3a75574c3afe8ab28626060ec77270389b763911097bf0d371cbb33badfc915,"(55, 44, 17)",uint8
test,Benign,BreaDM-Be-1909,test/Benign/BreaDM-Be-1909/p-039.npy,3f2c28c941a944d722def086ccbaf3d8e75023ec47aa5f9fe3ae107c6c796a77,"(55, 44, 17)",uint8
test,Benign,BreaDM-Be-1909,test/Benign/BreaDM-Be-1909/p-040.npy,23cff8150acda13005964affb4048fa99677d9ecdb25796b146d331ea4664457,"(55, 44, 17)",uint8
test,Benign,BreaDM-Be-1909,test/Benign/BreaDM-Be-1909/p-041.npy,0788ff0237f449a8f1c009598a2b524e31cc7734a213de171817796ae03a570e,"(55, 44, 17)",uint8
test,Benign,BreaDM-Be-1909,test/Benign/BreaDM-Be-1909/p-042.npy,783eb5ce8cb4ce15ba723e1f30e4cbe79ee8c9b1ef2d0cac829bec625461e14a,"(55, 44, 17)",uint8
test,Benign,BreaDM-Be-1909,test/Benign/BreaDM-Be-1909/p-043.npy,540964686a8af8de9f46afdf8afb70989b7516c0fc64ca6183ac3f1eaadfc463,"(55, 44, 17)",uint8
test,Benign,BreaDM-Be-1909,test/Benign/BreaDM-Be-1909/p-044.npy,5d19117297e3e78650ac867e6f65fa537745832edc0c048d9de72104a9dc0254,"(55, 44, 17)",uint8
test,Benign,BreaDM-Be-1909,test/Benign/BreaDM-Be-1909/p-045.npy,d76d95aeefd62865e9dab4e5718fbbf4959888059dee2cc621e6daff2e3febe3,"(55, 44, 17)",uint8
test,Benign,BreaDM-Be-1909,test/Benign/BreaDM-Be-1909/p-046.npy,c173aeb5ecd2e9c8cb4e434adf565df3f2ec8805421063d38b204c6857640e47,"(55, 44, 17)",uint8
test,Benign,BreaDM-Be-1914,test/Benign/BreaDM-Be-1914/p-030.npy,47bfa8d79229556b96dc279748274252e639d6c19945fb5fc9b26e949d8f2616,"(14, 17, 17)",uint8
test,Benign,BreaDM-Be-1914,test/Benign/BreaDM-Be-1914/p-031.npy,1b2b692b37b74e4a6041b848a63b8141feb6b5b9ab6fb3c262e649f20341b0af,"(14, 17, 17)",uint8
test,Benign,BreaDM-Be-1914,test/Benign/BreaDM-Be-1914/p-032.npy,a8b369cec788f4c1eb974d9171256ff16b69cc3faf33b4224c3e7484a346a6a9,"(14, 17, 17)",uint8
test,Benign,BreaDM-Be-2001,test/Benign/BreaDM-Be-2001/p-031.npy,3932ad1ecca7be8a3d224af5980ad767f9bde7724fc05359bf0e590446de598b,"(20, 18, 17)",uint8
test,Benign,BreaDM-Be-2001,test/Benign/BreaDM-Be-2001/p-032.npy,08d78f2a96754a87681f2a0221b31bb532ed5e7e139b762ca0248f3074ea6b7a,"(20, 18, 17)",uint8
test,Benign,BreaDM-Be-2001,test/Benign/BreaDM-Be-2001/p-033.npy,ae2b17bc2193dd470c70bcad3610554fa7edaa7161c6d837a4f416fcd1da0ee4,"(20, 18, 17)",uint8
test,Benign,BreaDM-Be-2001,test/Benign/BreaDM-Be-2001/p-034.npy,20271cb582f026a0c94e5422444772f1460b8d18d91d4a5efe50183bed71d53c,"(20, 18, 17)",uint8
test,Benign,BreaDM-Be-2002,test/Benign/BreaDM-Be-2002/p-012.npy,d6ce46ea8b251a48d116570b821337678e4e8877c56e1c1a4b4fae6b82117143,"(20, 24, 17)",uint8
test,Benign,BreaDM-Be-2002,test/Benign/BreaDM-Be-2002/p-013.npy,44540304407ce1f72c5e1398dcc1b73f159c7c877e6d4a3c84a089b213167f87,"(20, 24, 17)",uint8
test,Benign,BreaDM-Be-2002,test/Benign/BreaDM-Be-2002/p-014.npy,1460ce8fdc9de8d0446ff86d3942acb030089f86c1f3904632df43b81b0bc4bc,"(20, 24, 17)",uint8
test,Benign,BreaDM-Be-2002,test/Benign/BreaDM-Be-2002/p-015.npy,2a369ed7515c9c7f2f12184497710ccd7ab599fba53c31e5ca40896b681fb8e4,"(20, 24, 17)",uint8
test,Benign,BreaDM-Be-2002,test/Benign/BreaDM-Be-2002/p-016.npy,3ab475b1032be627430681658369bbc27d97019f42fad146d331394feeafa43e,"(20, 24, 17)",uint8
test,Benign,BreaDM-Be-2013,test/Benign/BreaDM-Be-2013/p-031.npy,e9a9c160cd5634ab0e6efc54a092eb39c9488bb21e38ba179785e95d2ffc6e67,"(20, 21, 17)",uint8
test,Benign,BreaDM-Be-2013,test/Benign/BreaDM-Be-2013/p-032.npy,1e67bee8ee9e54e2365e0e0fabeefb2cdd945d5503691e15cfc2703b01b7605a,"(20, 21, 17)",uint8
test,Benign,BreaDM-Be-2013,test/Benign/BreaDM-Be-2013/p-033.npy,3d08b0c466eeabb5eeec23136a2af301da433776fec7bea3997d25aa26de1ba6,"(20, 21, 17)",uint8
test,Benign,BreaDM-Be-2013,test/Benign/BreaDM-Be-2013/p-034.npy,da6ac718adf56b2f02be0c3dd47e11c92a5e262f9240f86f1b08efbfb40be166,"(20, 21, 17)",uint8
test,Benign,BreaDM-Be-2013,test/Benign/BreaDM-Be-2013/p-035.npy,6b4c019f9f6c1cb877e6fa514961c95517018293675d78b2edc405d593a0e80b,"(20, 21, 17)",uint8
test,Benign,BreaDM-Be-2019,test/Benign/BreaDM-Be-2019/p-052.npy,74f53580202a852a028c0ee9cf8db33239f0bf7310000c1e0b01feefd1dd396e,"(10, 11, 17)",uint8
test,Benign,BreaDM-Be-2019,test/Benign/BreaDM-Be-2019/p-053.npy,4c59b7aec572eb4a840aedefe7a544bddc20b62161608529a99f32039761e863,"(10, 11, 17)",uint8
test,Benign,BreaDM-Be-2019,test/Benign/BreaDM-Be-2019/p-054.npy,11b1742eafc0dc5c909a7f1f58f337365440409cbca376e692606b1d40bc9c90,"(10, 11, 17)",uint8
test,Benign,BreaDM-Be-2019,test/Benign/BreaDM-Be-2019/p-055.npy,936415ea09dc91ad6191aa50a6880a35a73d451efbd32d3340fcce4e9eb7c64a,"(10, 11, 17)",uint8
test,Benign,BreaDM-Be-2020,test/Benign/BreaDM-Be-2020/p-042.npy,ef3e1d2e6195a66e7d6a8853b12ea733aa1105c3cf7598b8a3b2b272aa0da0c4,"(20, 23, 17)",uint8
test,Benign,BreaDM-Be-2020,test/Benign/BreaDM-Be-2020/p-043.npy,c474151ebfbfd14e071a2b5995f4ea6e34a5ebcde8ca1bf2be799733cae8855b,"(20, 23, 17)",uint8
test,Benign,BreaDM-Be-2020,test/Benign/BreaDM-Be-2020/p-044.npy,0075c536fa4332adfa71c8659829d7565702cdb144c3dbde7ad1edb1012702f5,"(20, 23, 17)",uint8
test,Benign,BreaDM-Be-2020,test/Benign/BreaDM-Be-2020/p-045.npy,2207216d870bcf7c794f8a7bac6531f0ba8a66240dd8dbe0ddb1fa97b70a055a,"(20, 23, 17)",uint8
test,Benign,BreaDM-Be-2020,test/Benign/BreaDM-Be-2020/p-046.npy,13b882a14661ab87a2bb4c1e571b14671495280a27049cf45fd06eb1df1c3568,"(20, 23, 17)",uint8
test,Benign,BreaDM-Be-2020,test/Benign/BreaDM-Be-2020/p-047.npy,df11de3a5b0228a6ad056c2a5ced05c55bb238712ebf34a2861f2ee07a718cf1,"(20, 23, 17)",uint8
test,Benign,BreaDM-Be-2020,test/Benign/BreaDM-Be-2020/p-048.npy,e051a99a6099ec69910bcea8087e34dcd4850a7f2f7c644052fdc4584fef4499,"(20, 23, 17)",uint8
test,Benign,BreaDM-Be-2020,test/Benign/BreaDM-Be-2020/p-049.npy,ba01e197af90b95de77ffa28be72648d68d415e00b14902c92e1d54297fa7893,"(20, 23, 17)",uint8
test,Benign,BreaDM-Be-2020,test/Benign/BreaDM-Be-2020/p-050.npy,4b60319f0d4c7530a680e81c2a8ae475a3f5420a8cd29639a2b4514ca918b932,"(20, 23, 17)",uint8
test,Benign,BreaDM-Be-2022,test/Benign/BreaDM-Be-2022/p-030.npy,f4a128bb5ed8eddf87c658953d3b7e51076a39746197c2e6d8bbe42279303e5d,"(31, 21, 17)",uint8
test,Benign,BreaDM-Be-2022,test/Benign/BreaDM-Be-2022/p-031.npy,fefb4fff277b3065da0a7dcff5e7ddf8b1c6441a4be2266be06e9f81c21e7967,"(31, 21, 17)",uint8
test,Benign,BreaDM-Be-2022,test/Benign/BreaDM-Be-2022/p-032.npy,fca78765f9b75ee797a0f057abaa08277df8dc6aa8df84955e96a4dc252c874a,"(31, 21, 17)",uint8
test,Benign,BreaDM-Be-2022,test/Benign/BreaDM-Be-2022/p-033.npy,c4daa512fcd8705cd2ca3f6d16a0d5bc60e5557bd4b06fdff9001e31e8b9faaf,"(31, 21, 17)",uint8
test,Benign,BreaDM-Be-2022,test/Benign/BreaDM-Be-2022/p-034.npy,91ec8b01807102a79b72b02c4bc3a985115bcb604e3f642b1fe589a228ca40d3,"(31, 21, 17)",uint8
test,Benign,BreaDM-Be-2022,test/Benign/BreaDM-Be-2022/p-035.npy,4ef92ea38aa07d56a1248716c1ad831a5fe35e0528cf636b70b413a21f98e5d4,"(31, 21, 17)",uint8
test,Benign,BreaDM-Be-2022,test/Benign/BreaDM-Be-2022/p-036.npy,7af8f2ad31c67ebaf3d58640aee224b302f34419cd99583ee0240f3dc32ba402,"(31, 21, 17)",uint8
test,Benign,BreaDM-Be-2022,test/Benign/BreaDM-Be-2022/p-037.npy,5c1e22baaa3cff3df2dab82853c6165acbff0438ef4e9cb80268e23d349c1274,"(31, 21, 17)",uint8
test,Benign,BreaDM-Be-2102,test/Benign/BreaDM-Be-2102/p-023.npy,c6a5a547567b444c0b66b1c54d08a942d8e967b96b6b6bfb493ee664c0c6f588,"(24, 23, 17)",uint8
test,Benign,BreaDM-Be-2102,test/Benign/BreaDM-Be-2102/p-024.npy,564fc14c8ff5a0a256045fcffa25f5a7b325b666d0198c6a6aea27ce44ecb743,"(24, 23, 17)",uint8
test,Benign,BreaDM-Be-2102,test/Benign/BreaDM-Be-2102/p-025.npy,01ec82addd5eb7854bc405a29b8a03811b6c5ee3aa5cf2decbf658280997a1d2,"(24, 23, 17)",uint8
test,Benign,BreaDM-Be-2102,test/Benign/BreaDM-Be-2102/p-026.npy,7e0aab99e38e09075bda52138a914ea24c1cac4c92e8c70234e4fc07698d3af1,"(24, 23, 17)",uint8
test,Benign,BreaDM-Be-2102,test/Benign/BreaDM-Be-2102/p-027.npy,6692011faa625143c282b0b64181df57e1f1660fb8e7ef710b34c48a4dc1d584,"(24, 23, 17)",uint8
test,Benign,BreaDM-Be-2102,test/Benign/BreaDM-Be-2102/p-028.npy,8925b910e10ac4b20bbfac2eec41d39549875a13293dc8050c44c0eef95a2d57,"(24, 23, 17)",uint8
test,Benign,BreaDM-Be-2102,test/Benign/BreaDM-Be-2102/p-029.npy,4eab9854af157a5ecbe9764b1e3ad2c3f60a9f98fa260798b42517526501ef0d,"(24, 23, 17)",uint8
test,Benign,BreaDM-Be-2102,test/Benign/BreaDM-Be-2102/p-030.npy,c8da5fc8ee489b4612ce897a7767156c634fa4d8955e55e89ee06bdbc317e750,"(24, 23, 17)",uint8
test,Benign,BreaDM-Be-2102,test/Benign/BreaDM-Be-2102/p-031.npy,d3e2456cef5559b1f6195298d1061e82388c7afa7867c7504cfbd15c326ccbda,"(24, 23, 17)",uint8
test,Benign,BreaDM-Be-2111,test/Benign/BreaDM-Be-2111/p-054.npy,4d9f135fb0a2cc79baad05e3240a2a571b692ce0005cd0c0daea9a67161cc806,"(16, 18, 17)",uint8
test,Benign,BreaDM-Be-2111,test/Benign/BreaDM-Be-2111/p-055.npy,f17c258ae159a91180f30777c79729f73bdeff3f7fe08393640a1e87c0ea3873,"(16, 18, 17)",uint8
test,Benign,BreaDM-Be-2111,test/Benign/BreaDM-Be-2111/p-056.npy,8c4131050822d421ac454554cba33a114fea2ad98121fa85399173d7f0a8729e,"(16, 18, 17)",uint8
test,Benign,BreaDM-Be-2113,test/Benign/BreaDM-Be-2113/p-063.npy,839c9ed79bdd7a8fbe8d014033636eadae4e9bb4b472c7d2fb994bb834740355,"(13, 15, 17)",uint8
test,Benign,BreaDM-Be-2113,test/Benign/BreaDM-Be-2113/p-064.npy,a24e226d02c9f3cbea9ec12a36f253136010258945dba2f97c8df95b3389bf3c,"(13, 15, 17)",uint8
test,Benign,BreaDM-Be-2113,test/Benign/BreaDM-Be-2113/p-065.npy,966c5d1a62c4fee47734cae0348702f091b1f25b370f26f0a616bfbd152db6a6,"(13, 15, 17)",uint8
test,Benign,BreaDM-Be-2113,test/Benign/BreaDM-Be-2113/p-066.npy,d05781b0264492755f38e500de1547e71fe1ca9333c97acc4e62cc9952d54456,"(13, 15, 17)",uint8
test,Benign,BreaDM-Be-2113,test/Benign/BreaDM-Be-2113/p-067.npy,86ef07332996a3c7caa075fd768a2c7c97a1ab1138199df89c577b022e11b254,"(13, 15, 17)",uint8
test,Benign,BreaDM-Be-2113,test/Benign/BreaDM-Be-2113/p-068.npy,b4d62103f0d1ad307a11153b5b8d1575748fe358c4e3e477a896990290735bcd,"(13, 15, 17)",uint8
test,Benign,BreaDM-Be-2113,test/Benign/BreaDM-Be-2113/p-069.npy,8300ca093e43c4f2f365dcd9b0b5678d0818fd96f5c1af82854c49b51decc8a8,"(13, 15, 17)",uint8
test,Benign,BreaDM-Be-2113,test/Benign/BreaDM-Be-2113/p-070.npy,f9f37fe5d2ca2f7d887aa6789e9d8caa8238de2182b724aaeaafe9815e70214e,"(13, 15, 17)",uint8
test,Benign,BreaDM-Be-2113,test/Benign/BreaDM-Be-2113/p-071.npy,3e7396b71574197d6b63c41e7e1b6ec5a70cdccf6e1e8ff910cd77b2bb165d6c,"(13, 15, 17)",uint8
test,Malignant,BreaDM-Ma-1801,test/Malignant/BreaDM-Ma-1801/p-041.npy,9416c3b11239820927d31f5da0cca9d4253f7cd569cce5e60c43418578c2fba8,"(20, 17, 17)",uint8
test,Malignant,BreaDM-Ma-1801,test/Malignant/BreaDM-Ma-1801/p-042.npy,16821da7dcbc8c9e014311cfa3da4937e85bdb8fba8925c268e2004fb411bdc4,"(20, 17, 17)",uint8
test,Malignant,BreaDM-Ma-1801,test/Malignant/BreaDM-Ma-1801/p-043.npy,e71d37eab541e6b0b57002343e3b03ce9ef92b09459d6d761164f1fa7d18dc89,"(20, 17, 17)",uint8
test,Malignant,BreaDM-Ma-1801,test/Malignant/BreaDM-Ma-1801/p-044.npy,26a7268e64bf3ee4f4bab61659dbec6d1cdf6b405e9172f1aee82fc9ccacc7b3,"(20, 17, 17)",uint8
test,Malignant,BreaDM-Ma-1801,test/Malignant/BreaDM-Ma-1801/p-045.npy,27ac0e18d455958ecdce77f9a4825c0c8f7b4a765fdecd8b36d6388be9f672f3,"(20, 17, 17)",uint8
test,Malignant,BreaDM-Ma-1821,test/Malignant/BreaDM-Ma-1821/p-042.npy,695bf85c359618d219d60b86847a046dcf3b1ade50cdb11bec4c73a90f199f02,"(23, 21, 17)",uint8
test,Malignant,BreaDM-Ma-1821,test/Malignant/BreaDM-Ma-1821/p-043.npy,013dab4509ef076c8476f01dbf4fe3a4f75c9ca0d648163a44a1d87009543188,"(23, 21, 17)",uint8
test,Malignant,BreaDM-Ma-1821,test/Malignant/BreaDM-Ma-1821/p-044.npy,12b84947a9de562dd72f1b769df48fa36e51eb1559a098a0e07d03b6722d12ca,"(23, 21, 17)",uint8
test,Malignant,BreaDM-Ma-1821,test/Malignant/BreaDM-Ma-1821/p-045.npy,626096ab5d63025c09b8d6ee35467b8b2925be585f9e0e31d4ac10034828f8ed,"(23, 21, 17)",uint8
test,Malignant,BreaDM-Ma-1821,test/Malignant/BreaDM-Ma-1821/p-046.npy,b6a45d7ec46b2be372ff28b5890eae97d72c5d6f7c759dc666cd57945481efdb,"(23, 21, 17)",uint8
test,Malignant,BreaDM-Ma-1821,test/Malignant/BreaDM-Ma-1821/p-047.npy,57b5b160ca2b1d4f54adefc07f94e26b63c3c45ef38acb8dc2cb6ef432ecbf36,"(23, 21, 17)",uint8
test,Malignant,BreaDM-Ma-1821,test/Malignant/BreaDM-Ma-1821/p-048.npy,642169d52e29fde08a4216b137de4e6e9482036b846a11a835b7371735f875f9,"(23, 21, 17)",uint8
test,Malignant,BreaDM-Ma-1821,test/Malignant/BreaDM-Ma-1821/p-049.npy,d34fd314cf874b377c7912f5b122079c68e0f6add7f8e49412b57ac41315781e,"(23, 21, 17)",uint8
test,Malignant,BreaDM-Ma-1824,test/Malignant/BreaDM-Ma-1824/p-029.npy,4a39591d777cea6f241e0bf82ef8f10495b986f79dfc4fb4ab566f02921c36e1,"(24, 23, 17)",uint8
test,Malignant,BreaDM-Ma-1824,test/Malignant/BreaDM-Ma-1824/p-030.npy,fa298d91a8f694aa4cbbececcdfa794366654498741c786ad969a80aefabdeca,"(24, 23, 17)",uint8
test,Malignant,BreaDM-Ma-1824,test/Malignant/BreaDM-Ma-1824/p-031.npy,ba144dd3db4f2c1ac2cab39d36f32a6019328b722d4605087d0c8dc7432b875d,"(24, 23, 17)",uint8
test,Malignant,BreaDM-Ma-1824,test/Malignant/BreaDM-Ma-1824/p-032.npy,c2a9bf82c798c712bcb97efad2926cdc5a4386a1da5b53c9483ee54a1198c265,"(24, 23, 17)",uint8
test,Malignant,BreaDM-Ma-1824,test/Malignant/BreaDM-Ma-1824/p-033.npy,e8aed852be7b4f2dfb286efc4677afc2020432d80f8d1d2fdc0beb1dc0d26503,"(24, 23, 17)",uint8
test,Malignant,BreaDM-Ma-1908,test/Malignant/BreaDM-Ma-1908/p-042.npy,2fc76ca48057b492602b8edfb791473cf16ed782c4634fe892734f356304f2fe,"(17, 17, 17)",uint8
test,Malignant,BreaDM-Ma-1908,test/Malignant/BreaDM-Ma-1908/p-043.npy,2ff1e673c5099b75eb6969b1fb162e9c94c7075619abe74ce056c54ba1deabef,"(17, 17, 17)",uint8
test,Malignant,BreaDM-Ma-1908,test/Malignant/BreaDM-Ma-1908/p-044.npy,5efa72cbac9380eff2c4af61e7dfa3bdb43baecab2de0471594f3be20e561545,"(17, 17, 17)",uint8
test,Malignant,BreaDM-Ma-1908,test/Malignant/BreaDM-Ma-1908/p-045.npy,c3d3255b09767e2fb822be1cee7ec369aab99922e7871b7989b33e297de2722a,"(17, 17, 17)",uint8
test,Malignant,BreaDM-Ma-1908,test/Malignant/BreaDM-Ma-1908/p-046.npy,52f6dbc552ba97ad0e33b10564f591b6c78b831a22213ca03da738f4e495c924,"(17, 17, 17)",uint8
test,Malignant,BreaDM-Ma-1908,test/Malignant/BreaDM-Ma-1908/p-047.npy,cbbb9a670d2791bf84cdf72c7a92efb831d7b911746bee426888be42365b4c22,"(17, 17, 17)",uint8
test,Malignant,BreaDM-Ma-1909,test/Malignant/BreaDM-Ma-1909/p-045.npy,e179eeb9c3d816b9b531923d135f04664364481464dc5b86c5619ce5cdd903aa,"(12, 14, 17)",uint8
test,Malignant,BreaDM-Ma-1909,test/Malignant/BreaDM-Ma-1909/p-046.npy,02d6ad153508507cd03566a1dfe05b3fe0c307f4bb969d073d1e8d0f5087c567,"(12, 14, 17)",uint8
test,Malignant,BreaDM-Ma-1909,test/Malignant/BreaDM-Ma-1909/p-047.npy,ed22b1a74a0cbb73b23cb336f6f6bbc883110e917dca68d7d1d4a8c76e5f75c1,"(12, 14, 17)",uint8
test,Malignant,BreaDM-Ma-1915,test/Malignant/BreaDM-Ma-1915/p-019.npy,606e3ecd19fe067c30c73135ebfa610488f9dab4b41a191eef67282099defdf2,"(53, 58, 17)",uint8
test,Malignant,BreaDM-Ma-1915,test/Malignant/BreaDM-Ma-1915/p-020.npy,b9ff99337a9ede0de8a40fc4e6826f23b50b1ecb5d79022016db59f595237c0e,"(53, 58, 17)",uint8
test,Malignant,BreaDM-Ma-1915,test/Malignant/BreaDM-Ma-1915/p-021.npy,50f3f3762d2def3149c063fc8db40dfcd1f768e856a28c3749e5d4bc9e02159b,"(53, 58, 17)",uint8
test,Malignant,BreaDM-Ma-1915,test/Malignant/BreaDM-Ma-1915/p-022.npy,299a687ff942438a7457af3cbe26d3061de711f5b772423e6d6eabff4c0f9cb3,"(53, 58, 17)",uint8
test,Malignant,BreaDM-Ma-1915,test/Malignant/BreaDM-Ma-1915/p-023.npy,4730a836262ad68cfe83fd828dc8aeb7a62812b088084b394b6f5a5cc23680a3,"(53, 58, 17)",uint8
test,Malignant,BreaDM-Ma-1915,test/Malignant/BreaDM-Ma-1915/p-024.npy,ecd97a31c3fdc091b1d9c5dc75112789509e24aad5d72b0a9e6978abc86a4cf8,"(53, 58, 17)",uint8
test,Malignant,BreaDM-Ma-1915,test/Malignant/BreaDM-Ma-1915/p-025.npy,4c3aac6fb887488755ca99ef28d410ddc73bc0f516de30cccc01584b0a319e73,"(53, 58, 17)",uint8
test,Malignant,BreaDM-Ma-1915,test/Malignant/BreaDM-Ma-1915/p-026.npy,53d153ccfb1d95a0825fff150b00e790aee74e3037e72c97051ce0c0f4a8fcca,"(53, 58, 17)",uint8
test,Malignant,BreaDM-Ma-1915,test/Malignant/BreaDM-Ma-1915/p-027.npy,3d3dfdc2e13f5bf436d95fb4823b79b2d389afe1274f968158c02b5bf017ff3c,"(53, 58, 17)",uint8
test,Malignant,BreaDM-Ma-1915,test/Malignant/BreaDM-Ma-1915/p-028.npy,d8204277aab6997c52c63ed58bf8af2c373bb031e5596bf0a5ca0329db5f74ba,"(53, 58, 17)",uint8
test,Malignant,BreaDM-Ma-1915,test/Malignant/BreaDM-Ma-1915/p-029.npy,ee2b48c2116654bd7614f097c2bcee6589a0486dfaec8e97783f57cd944627eb,"(53, 58, 17)",uint8
test,Malignant,BreaDM-Ma-1915,test/Malignant/BreaDM-Ma-1915/p-030.npy,c432d8f79914c0ccbb234b3c9305941c501c070c1926cf4553a5e745daa9414a,"(53, 58, 17)",uint8
test,Malignant,BreaDM-Ma-1915,test/Malignant/BreaDM-Ma-1915/p-031.npy,135d8dc25ffbd34cf5e23a722ecf2e5b60fd637b3bb5a824f046999848a20ecd,"(53, 58, 17)",uint8
test,Malignant,BreaDM-Ma-1915,test/Malignant/BreaDM-Ma-1915/p-032.npy,16e9725412cef1b3c0a8e135c98c9510066a79575ae310d4c3339e331b90a9e4,"(53, 58, 17)",uint8
test,Malignant,BreaDM-Ma-1915,test/Malignant/BreaDM-Ma-1915/p-033.npy,fceaf3eec666a631687545e8e4d36caeb82c6a8cff06efce0f7ef7cf1b0fd097,"(53, 58, 17)",uint8
test,Malignant,BreaDM-Ma-1915,test/Malignant/BreaDM-Ma-1915/p-034.npy,eb41aa542fb212f9f2659ffd4da01ba81acdf401d1319b6c624ecb3a992d99eb,"(53, 58, 17)",uint8
test,Malignant,BreaDM-Ma-1916,test/Malignant/BreaDM-Ma-1916/p-036.npy,a2f3b77a015899044f9d7527ef6a424c1870d64bcfac584ee75c5baafc5f3e9a,"(29, 30, 17)",uint8
test,Malignant,BreaDM-Ma-1916,test/Malignant/BreaDM-Ma-1916/p-037.npy,b310a54a7ca12c37755669e1dae823be7b2dd545797ff4952d89c8b14140f650,"(29, 30, 17)",uint8
test,Malignant,BreaDM-Ma-1916,test/Malignant/BreaDM-Ma-1916/p-038.npy,abea28b8c0fc12a49c93e10f860fa40732c2f03a1c22fe5a351705ef0139aa6d,"(29, 30, 17)",uint8
test,Malignant,BreaDM-Ma-1916,test/Malignant/BreaDM-Ma-1916/p-039.npy,972349ca76efd039a60205ba5246d7bfe08649bccf7b644c18a38b633009f188,"(29, 30, 17)",uint8
test,Malignant,BreaDM-Ma-1916,test/Malignant/BreaDM-Ma-1916/p-040.npy,c135b6e525c376f59c24857b9c5294c85fd919648ae31bef93cf2dfc4e61ca47,"(29, 30, 17)",uint8
test,Malignant,BreaDM-Ma-1916,test/Malignant/BreaDM-Ma-1916/p-041.npy,0d8090801d544004d34f49fe15e7c7f84a6173c1bbad6a479b42961a713f925e,"(29, 30, 17)",uint8
test,Malignant,BreaDM-Ma-1916,test/Malignant/BreaDM-Ma-1916/p-042.npy,0ffb88ea43e4ff221c5ea102a3cf719551e9ec1f7ef6a0edd8d207fa435bc511,"(29, 30, 17)",uint8
test,Malignant,BreaDM-Ma-1916,test/Malignant/BreaDM-Ma-1916/p-043.npy,f7777e55a16ce3b5079d3b4e5fe329ad653096af77b2d5111678afa2cdeb9acb,"(29, 30, 17)",uint8
test,Malignant,BreaDM-Ma-1919,test/Malignant/BreaDM-Ma-1919/p-038.npy,475fe8b54ae82c1bed7970b8d63dca8d10b9d17250ff51e80f362b46897e492c,"(35, 32, 17)",uint8
test,Malignant,BreaDM-Ma-1919,test/Malignant/BreaDM-Ma-1919/p-039.npy,580785afa8449f3b90c5a1c09acf5e08d54966b48f348b6fde0705c1f6232406,"(35, 32, 17)",uint8
test,Malignant,BreaDM-Ma-1919,test/Malignant/BreaDM-Ma-1919/p-040.npy,41da1784210fa92755ffedc8ef3db55d82bae90d61f66568bd8a25341b418e71,"(35, 32, 17)",uint8
test,Malignant,BreaDM-Ma-1919,test/Malignant/BreaDM-Ma-1919/p-041.npy,b41302fbba51709e93aac2475805dc4ed84f08b1784eb2b411253853a755c4f4,"(35, 32, 17)",uint8
test,Malignant,BreaDM-Ma-1919,test/Malignant/BreaDM-Ma-1919/p-042.npy,22502b332a2d16198050ada1b77c00e2a372ba82750beb2fc39dadbd8778f073,"(35, 32, 17)",uint8
test,Malignant,BreaDM-Ma-1919,test/Malignant/BreaDM-Ma-1919/p-043.npy,d4d8cc27795becad3f2584fad2717bb1a3c44daf404cf9922ea0325435fc29c2,"(35, 32, 17)",uint8
test,Malignant,BreaDM-Ma-1919,test/Malignant/BreaDM-Ma-1919/p-044.npy,1941c8368de05468439f70217b847162125250ba92e84b61cbf33812d8f81656,"(35, 32, 17)",uint8
test,Malignant,BreaDM-Ma-1919,test/Malignant/BreaDM-Ma-1919/p-045.npy,93accd30905863e0e6a995d5e28cb5601a43e45712ada8db2b39034dc128db8a,"(35, 32, 17)",uint8
test,Malignant,BreaDM-Ma-1919,test/Malignant/BreaDM-Ma-1919/p-046.npy,b5331b146f0d72472bd8b8e67398abb793668adf00f31e71954b656c63f1a69b,"(35, 32, 17)",uint8
test,Malignant,BreaDM-Ma-1919,test/Malignant/BreaDM-Ma-1919/p-047.npy,8540544433ecaf7095ea83faeb18d9bf0e60dcf822a83395b9629a2b116432d5,"(35, 32, 17)",uint8
test,Malignant,BreaDM-Ma-1921,test/Malignant/BreaDM-Ma-1921/p-049.npy,764b1d7ceeff2b571ccebd44a90d653973830433d46d02f234a2fe537ae29923,"(17, 20, 17)",uint8
test,Malignant,BreaDM-Ma-1921,test/Malignant/BreaDM-Ma-1921/p-050.npy,df74ab3e68b6ed1a3a2ce4e0ac0646f6faed19df5fddaacb0adbebe4caac41b8,"(17, 20, 17)",uint8
test,Malignant,BreaDM-Ma-1921,test/Malignant/BreaDM-Ma-1921/p-051.npy,487d26c7c44526e809a3ab0ee3885e7f548852f39e8eac84474ac03110f02483,"(17, 20, 17)",uint8
test,Malignant,BreaDM-Ma-1921,test/Malignant/BreaDM-Ma-1921/p-052.npy,6bf9c655681f80f99f15a6756e8c3fe7451270365eb9ffd4be7dd4f086710019,"(17, 20, 17)",uint8
test,Malignant,BreaDM-Ma-1921,test/Malignant/BreaDM-Ma-1921/p-053.npy,361be74001644e9c4e75298e695c71ca846d7e19c2145f9cae6ef02d0e60d24e,"(17, 20, 17)",uint8
test,Malignant,BreaDM-Ma-1923,test/Malignant/BreaDM-Ma-1923/p-022.npy,95782fab1e78ba3de4b6dc4ceb2ec85c62b4bb924e7b665aada6bc76ecc4225a,"(38, 40, 17)",uint8
test,Malignant,BreaDM-Ma-1923,test/Malignant/BreaDM-Ma-1923/p-023.npy,837a5dce9c6f73839444daca0d14309502514530ff41e06241d5d6862a232a9c,"(38, 40, 17)",uint8
test,Malignant,BreaDM-Ma-1923,test/Malignant/BreaDM-Ma-1923/p-024.npy,5f9dc64ecc67e25390411ab3c1cae2dab003bcc67ac3bae8414e7ed164193706,"(38, 40, 17)",uint8
test,Malignant,BreaDM-Ma-1923,test/Malignant/BreaDM-Ma-1923/p-025.npy,f1f0322ffef99afa0178a8132765e59fb072c656c3e55bbeefda5ad393ef065e,"(38, 40, 17)",uint8
test,Malignant,BreaDM-Ma-1923,test/Malignant/BreaDM-Ma-1923/p-026.npy,4f41d0d3114c7492e010800fca7ee5909a179eaa7ab5ed085715bce0b37ec9ac,"(38, 40, 17)",uint8
test,Malignant,BreaDM-Ma-1923,test/Malignant/BreaDM-Ma-1923/p-027.npy,36b0d6829ff8710374143ded1dbbdfd208cc559791d0b581d76af3e33d094de1,"(38, 40, 17)",uint8
test,Malignant,BreaDM-Ma-1923,test/Malignant/BreaDM-Ma-1923/p-028.npy,6b791f448b826fd65c01a9cf822f50f063633ff4f7da5c1a8159357e4d28833c,"(38, 40, 17)",uint8
test,Malignant,BreaDM-Ma-1923,test/Malignant/BreaDM-Ma-1923/p-029.npy,7874c7db63b457216f3041e4549bc7009ce6470080277b86aee7c75b282a1082,"(38, 40, 17)",uint8
test,Malignant,BreaDM-Ma-1923,test/Malignant/BreaDM-Ma-1923/p-030.npy,fb60730d5f4d23c97993d4739d4d41e3731aff48211285108d73b82821def948,"(38, 40, 17)",uint8
test,Malignant,BreaDM-Ma-1923,test/Malignant/BreaDM-Ma-1923/p-031.npy,c48611ada9b2da0430a1b988d8e0083d23d246a5658503e047db5cdf2ec10302,"(38, 40, 17)",uint8
test,Malignant,BreaDM-Ma-1923,test/Malignant/BreaDM-Ma-1923/p-032.npy,1ebcca6d1a7e80e648eb5d1a731a28062835cb4f70f263b39f032c55fddd5c4c,"(38, 40, 17)",uint8
test,Malignant,BreaDM-Ma-1923,test/Malignant/BreaDM-Ma-1923/p-033.npy,05962621aed1cfc863f235327dbd83c4c0d2ebbd1ea21e08136b8b050b19c159,"(38, 40, 17)",uint8
test,Malignant,BreaDM-Ma-1923,test/Malignant/BreaDM-Ma-1923/p-034.npy,410ef6d78a99e913748f92553968a6eb5006329643e0152f685e3e5f407d862d,"(38, 40, 17)",uint8
test,Malignant,BreaDM-Ma-2007,test/Malignant/BreaDM-Ma-2007/p-033.npy,f07a95d21fe04dc42880d63d11166892ec6bf26ea41e26403938429cb42e8736,"(21, 28, 17)",uint8
test,Malignant,BreaDM-Ma-2007,test/Malignant/BreaDM-Ma-2007/p-034.npy,e9bd8489262012abae4acf0a974caa8b8b5ace35608b77621f7f0b42e9f2bf47,"(21, 28, 17)",uint8
test,Malignant,BreaDM-Ma-2007,test/Malignant/BreaDM-Ma-2007/p-035.npy,1953762d285fee2471da3158f8fc64523aa9b7c9a408f18076d209e7a0e9a6a9,"(21, 28, 17)",uint8
test,Malignant,BreaDM-Ma-2007,test/Malignant/BreaDM-Ma-2007/p-036.npy,02436b004e3a61bc71c21d537e05e6b234c3b572b742b6b8c6bf169bc53446fb,"(21, 28, 17)",uint8
test,Malignant,BreaDM-Ma-2007,test/Malignant/BreaDM-Ma-2007/p-037.npy,e4c13fe8e696042a0a10d94631e7eada5326cbdf9b81871a5b4e38a818a70c64,"(21, 28, 17)",uint8
test,Malignant,BreaDM-Ma-2007,test/Malignant/BreaDM-Ma-2007/p-038.npy,b0c0387992967ba7892e2efc3a29c2acd463948940eb972b9bd61bdf3d8ced9e,"(21, 28, 17)",uint8
test,Malignant,BreaDM-Ma-2007,test/Malignant/BreaDM-Ma-2007/p-039.npy,bc6465546822d4a970ccd0b590e5b2a59fbb1a62523f5219438bc4f296cc5734,"(21, 28, 17)",uint8
test,Malignant,BreaDM-Ma-2007,test/Malignant/BreaDM-Ma-2007/p-040.npy,749a18734d79209bfc97569e93aeade183e2b296d373bfce8cbd53092d537602,"(21, 28, 17)",uint8
test,Malignant,BreaDM-Ma-2007,test/Malignant/BreaDM-Ma-2007/p-041.npy,eebf6abc04807bf074fe74785950176f8c1b19955175e5800910faa37ac7db00,"(21, 28, 17)",uint8
test,Malignant,BreaDM-Ma-2007,test/Malignant/BreaDM-Ma-2007/p-042.npy,fc3ab543f9d3971341fd2b8066982da1fab77bdf26f0aa423adc066043f2c520,"(21, 28, 17)",uint8
test,Malignant,BreaDM-Ma-2007,test/Malignant/BreaDM-Ma-2007/p-043.npy,6873470e429b4f5b561bafa3641681a51d19dacbf3ad1163ee14a47cac49a604,"(21, 28, 17)",uint8
test,Malignant,BreaDM-Ma-2007,test/Malignant/BreaDM-Ma-2007/p-044.npy,572ec4d933c5ba13d08351c29290470d4805f7c050db5b69e04b0708ec560da5,"(21, 28, 17)",uint8
test,Malignant,BreaDM-Ma-2007,test/Malignant/BreaDM-Ma-2007/p-045.npy,f94ccf5999c1592530815926106bc0ee74c4906d6c7ef8f2acfdc003e997d45f,"(21, 28, 17)",uint8
test,Malignant,BreaDM-Ma-2007,test/Malignant/BreaDM-Ma-2007/p-046.npy,53871eda440387cd8200cb5803e3aa40952d42ad4452b7e65155d7361dfd48dc,"(21, 28, 17)",uint8
test,Malignant,BreaDM-Ma-2007,test/Malignant/BreaDM-Ma-2007/p-047.npy,c23ef9052df406d2e94e977b13144528d0994833efacbba0cd7dec3ff5a415d4,"(21, 28, 17)",uint8
test,Malignant,BreaDM-Ma-2012,test/Malignant/BreaDM-Ma-2012/p-039.npy,3cc0b208688ad6195832f161926370425f0148d51d33f30f5524453714948b4a,"(44, 42, 17)",uint8
test,Malignant,BreaDM-Ma-2012,test/Malignant/BreaDM-Ma-2012/p-040.npy,14b14db71d14524ecebade741ba85bbab592d9db51093bf17654ed8dea87684d,"(44, 42, 17)",uint8
test,Malignant,BreaDM-Ma-2012,test/Malignant/BreaDM-Ma-2012/p-041.npy,8bc54a5d0449a3adcd760c6f9af5fd87617624f16f716f16a0e8661ac4668501,"(44, 42, 17)",uint8
test,Malignant,BreaDM-Ma-2012,test/Malignant/BreaDM-Ma-2012/p-042.npy,e99eb12510d9927d88fe3a1ee878c29500832bdb9e2dacc424382318baa40628,"(44, 42, 17)",uint8
test,Malignant,BreaDM-Ma-2012,test/Malignant/BreaDM-Ma-2012/p-043.npy,269d846dc0ad46d1c675fced708cd6d8109a58e16cb743288c0d92999c8f8254,"(44, 42, 17)",uint8
test,Malignant,BreaDM-Ma-2012,test/Malignant/BreaDM-Ma-2012/p-044.npy,66026cbde2887c8843e06375c2926089060b4e08dfb7ecf4d1f84534a293aa89,"(44, 42, 17)",uint8
test,Malignant,BreaDM-Ma-2012,test/Malignant/BreaDM-Ma-2012/p-045.npy,1b865b7e780908b5324088c83ced7d5a1bd324421eac5a9580e9d83ea40fafc9,"(44, 42, 17)",uint8
test,Malignant,BreaDM-Ma-2012,test/Malignant/BreaDM-Ma-2012/p-046.npy,66d2ea92e2b24be6f44975c4a25e76aad10aa25d3221d3f1149201ce94a75fc2,"(44, 42, 17)",uint8
test,Malignant,BreaDM-Ma-2012,test/Malignant/BreaDM-Ma-2012/p-047.npy,aa6e4bdef83414792b57d640003bf281495d97be9a25345400bf2cc84f64912a,"(44, 42, 17)",uint8
test,Malignant,BreaDM-Ma-2012,test/Malignant/BreaDM-Ma-2012/p-048.npy,4756215850459f1d051370ab5da0b1625e19e793a2608fcfab08853c3168dfe2,"(44, 42, 17)",uint8
test,Malignant,BreaDM-Ma-2012,test/Malignant/BreaDM-Ma-2012/p-049.npy,9634eb2c3022ec6bc945f4f2d5072eff7ec017b700eb24b6178730403348f315,"(44, 42, 17)",uint8
test,Malignant,BreaDM-Ma-2012,test/Malignant/BreaDM-Ma-2012/p-050.npy,349445ee1c838ba3de987523f32cf317566d95a23a0c83bc54fca1e9da7f7274,"(44, 42, 17)",uint8
test,Malignant,BreaDM-Ma-2012,test/Malignant/BreaDM-Ma-2012/p-051.npy,7e92a4f191c2f96e0187bc51fe665e3bb2812a6d5227961566d611b2c34c66d9,"(44, 42, 17)",uint8
test,Malignant,BreaDM-Ma-2012,test/Malignant/BreaDM-Ma-2012/p-052.npy,345d08bb6d27e09f05d6796c0f7e73c28973cff0136aa4b32b9c2053de745708,"(44, 42, 17)",uint8
test,Malignant,BreaDM-Ma-2012,test/Malignant/BreaDM-Ma-2012/p-053.npy,099e8c6b548051c2acb4c9bc4e00f13a316e1e9d48629b6a1222d8cd4554eadd,"(44, 42, 17)",uint8
test,Malignant,BreaDM-Ma-2026,test/Malignant/BreaDM-Ma-2026/p-060.npy,0e25e1143ef0d5fd4e27664dc43db52c8958c14a81015021882bd44410e6634b,"(17, 28, 17)",uint8
test,Malignant,BreaDM-Ma-2026,test/Malignant/BreaDM-Ma-2026/p-061.npy,625384e208e97b62f011428afae562604728f035ff0e379f9438a824179f8b4e,"(17, 28, 17)",uint8
test,Malignant,BreaDM-Ma-2026,test/Malignant/BreaDM-Ma-2026/p-062.npy,1b06fcafb85f2b71cc191b2090fac738a0a03dbbf3dd1fecbf37ae1a3506d488,"(17, 28, 17)",uint8
test,Malignant,BreaDM-Ma-2026,test/Malignant/BreaDM-Ma-2026/p-063.npy,98188553343debdee5d5ba301fe4ffba9f83ce814453b8bc6eef31e9e5958286,"(17, 28, 17)",uint8
test,Malignant,BreaDM-Ma-2026,test/Malignant/BreaDM-Ma-2026/p-064.npy,50f82aa62816e37e91f6d8264aa21f73179d90d613dc59eb6a65fdc5241cbdba,"(17, 28, 17)",uint8
test,Malignant,BreaDM-Ma-2026,test/Malignant/BreaDM-Ma-2026/p-065.npy,018b385091c7fae8c4bc45c677c0382d2cd15af895faf89203accd969095f40f,"(17, 28, 17)",uint8
test,Malignant,BreaDM-Ma-2026,test/Malignant/BreaDM-Ma-2026/p-066.npy,f2fab8e9db7bc510b92a10e73adb77dddb05da7640d6e49fc885b3ae3104e82b,"(17, 28, 17)",uint8
test,Malignant,BreaDM-Ma-2026,test/Malignant/BreaDM-Ma-2026/p-067.npy,2298a6ed1d94aacad0a3207e99321ab46cf56e213708971aa933ccb9260af26a,"(17, 28, 17)",uint8
test,Malignant,BreaDM-Ma-2026,test/Malignant/BreaDM-Ma-2026/p-068.npy,a13737d0628a081881f5869a411c93778667ec552dfc81bfb17b09d7abb104f0,"(17, 28, 17)",uint8
test,Malignant,BreaDM-Ma-2026,test/Malignant/BreaDM-Ma-2026/p-069.npy,fb6a4a7801057ac2a73a44aa0e94831a2b18b477868f4cf78ea2994a4681423b,"(17, 28, 17)",uint8
test,Malignant,BreaDM-Ma-2026,test/Malignant/BreaDM-Ma-2026/p-070.npy,345b2eb46bb59ef03ccaa797a8e10d28865354e8faa829353d808a1cc6133529,"(17, 28, 17)",uint8
test,Malignant,BreaDM-Ma-2026,test/Malignant/BreaDM-Ma-2026/p-071.npy,cf820e1fbc965b11c65d598cf67668eeb46e7f84f75342d909ee70f18514f615,"(17, 28, 17)",uint8
test,Malignant,BreaDM-Ma-2027,test/Malignant/BreaDM-Ma-2027/p-055.npy,221e120ef7a4906ae3c276a4b0617db9aac7676bc7cce2082fbfc4a4fefd3783,"(24, 37, 17)",uint8
test,Malignant,BreaDM-Ma-2027,test/Malignant/BreaDM-Ma-2027/p-056.npy,6b84bf9cc1013db65ef08beeccb61720c83f5dce1725374d2aa71abb37b9a6da,"(24, 37, 17)",uint8
test,Malignant,BreaDM-Ma-2027,test/Malignant/BreaDM-Ma-2027/p-057.npy,5a77685e85be8c3f47d73ea9ba069127c3ef5dcc279d058b36f28ebd04230c70,"(24, 37, 17)",uint8
test,Malignant,BreaDM-Ma-2027,test/Malignant/BreaDM-Ma-2027/p-058.npy,5a995fd085be76eae4693893edbee87a723bd92aecafe0e867116db37983e057,"(24, 37, 17)",uint8
test,Malignant,BreaDM-Ma-2027,test/Malignant/BreaDM-Ma-2027/p-059.npy,363613858a842982ea1f37fc4d110e8483218a20fd5d9612b2b96940d9930d2b,"(24, 37, 17)",uint8
test,Malignant,BreaDM-Ma-2027,test/Malignant/BreaDM-Ma-2027/p-060.npy,78402a06794b156d61b6dc11c453b00ee6808ea92701f57dd854be60ce9e35fa,"(24, 37, 17)",uint8
test,Malignant,BreaDM-Ma-2027,test/Malignant/BreaDM-Ma-2027/p-061.npy,5551d1411427ffc1b8bae6573518b8cd619ee251d5e33d8eec1a4261f3c769ce,"(24, 37, 17)",uint8
test,Malignant,BreaDM-Ma-2027,test/Malignant/BreaDM-Ma-2027/p-062.npy,aa8efb5539c65112448ac4f575edee8c91f95e4ef2761a86d2a9b655fb784d1c,"(24, 37, 17)",uint8
test,Malignant,BreaDM-Ma-2027,test/Malignant/BreaDM-Ma-2027/p-063.npy,d533f8af3ce387bc60a01f25183c2beffbf49fc2cce3e59c3f379fb123009239,"(24, 37, 17)",uint8
test,Malignant,BreaDM-Ma-2027,test/Malignant/BreaDM-Ma-2027/p-064.npy,38255e6ab74d69021fec131ca761aad763cbbf01de345fe7d713a5eb069a0bc7,"(24, 37, 17)",uint8
test,Malignant,BreaDM-Ma-2027,test/Malignant/BreaDM-Ma-2027/p-065.npy,06a091b6356b488172f953f7636cf6d2796753b86ed6d3d86c868ca60967a9d6,"(24, 37, 17)",uint8
test,Malignant,BreaDM-Ma-2027,test/Malignant/BreaDM-Ma-2027/p-066.npy,3462d81a313bc73710d15b77d71ec0ab31e2c43ce711193edfc579fec3be8519,"(24, 37, 17)",uint8
test,Malignant,BreaDM-Ma-2027,test/Malignant/BreaDM-Ma-2027/p-067.npy,b14da6fa34d3a78b506ed3591bb96429fa35cfb0fc8c67a94fb12c8ab8f341e4,"(24, 37, 17)",uint8
test,Malignant,BreaDM-Ma-2027,test/Malignant/BreaDM-Ma-2027/p-068.npy,cf91ed116a54cd563032bc7f9b410095b0c781a395bd870d8a5d7ec0484117a8,"(24, 37, 17)",uint8
test,Malignant,BreaDM-Ma-2027,test/Malignant/BreaDM-Ma-2027/p-069.npy,4cca5d7f8ccf48779182df31a88769ec3a04b8fb9641aea6b38688f4ab98905a,"(24, 37, 17)",uint8
test,Malignant,BreaDM-Ma-2027,test/Malignant/BreaDM-Ma-2027/p-070.npy,2599ff4a4b0f19112c1252b50f67fd3a35332338e201d8b1152e423f8c79d5e1,"(24, 37, 17)",uint8
test,Malignant,BreaDM-Ma-2027,test/Malignant/BreaDM-Ma-2027/p-071.npy,7b09c9a8d5c5673a5eb4d745b22ff39041679b72b841878735d27c35a25e9a03,"(24, 37, 17)",uint8
test,Malignant,BreaDM-Ma-2027,test/Malignant/BreaDM-Ma-2027/p-072.npy,bdb52c0c67e15018f0d481f4e8bf655faead3a896e884aba7a535d12cf7f1926,"(24, 37, 17)",uint8
test,Malignant,BreaDM-Ma-2027,test/Malignant/BreaDM-Ma-2027/p-073.npy,838146270cbcdd747af8ce0fb3e35be913e008147ce1bcd5842723cb86a38b92,"(24, 37, 17)",uint8
test,Malignant,BreaDM-Ma-2027,test/Malignant/BreaDM-Ma-2027/p-074.npy,2fba894923fbc7ceefefaf1542670b5e3d308ecb7958bb86098dcba6b6abaef0,"(24, 37, 17)",uint8
test,Malignant,BreaDM-Ma-2027,test/Malignant/BreaDM-Ma-2027/p-075.npy,7670e43007350c5cd996be91391e4ac7d9fc3b1d774849da53703a5f06c4cc00,"(24, 37, 17)",uint8
test,Malignant,BreaDM-Ma-2027,test/Malignant/BreaDM-Ma-2027/p-076.npy,0d96c9eb83a793500ba872fa62a0510b867b8605763eeccb60e46568d7e4be19,"(24, 37, 17)",uint8
test,Malignant,BreaDM-Ma-2038,test/Malignant/BreaDM-Ma-2038/p-026.npy,ab07950d361cabb9323352076bef22013a7954f0485b39ad8a84a52045b62e70,"(13, 12, 17)",uint8
test,Malignant,BreaDM-Ma-2038,test/Malignant/BreaDM-Ma-2038/p-027.npy,65643a4f3f8006f9b26719230bb22a1f4e8d1213ba65372865601c4c89c59a48,"(13, 12, 17)",uint8
test,Malignant,BreaDM-Ma-2039,test/Malignant/BreaDM-Ma-2039/p-028.npy,7a08944e27b28a1ac44c45dd821f14cefdd5ca2c9bb4d6ab486a5b1c8a8db9cf,"(16, 17, 17)",uint8
test,Malignant,BreaDM-Ma-2039,test/Malignant/BreaDM-Ma-2039/p-029.npy,715ccf4c8e898a29c3577ae8679ae0ef8128bcd1b6bf60948d7860e02131fbc9,"(16, 17, 17)",uint8
test,Malignant,BreaDM-Ma-2039,test/Malignant/BreaDM-Ma-2039/p-030.npy,1f83d80b93449c663510851c55c7bf0008fd4663c06e1ea71b1225bf77cb99ec,"(16, 17, 17)",uint8
test,Malignant,BreaDM-Ma-2039,test/Malignant/BreaDM-Ma-2039/p-031.npy,0b7c55c37f4e48ce36d892a8959613c076c147dfdc061a8d3696b841a3a63704,"(16, 17, 17)",uint8
test,Malignant,BreaDM-Ma-2039,test/Malignant/BreaDM-Ma-2039/p-032.npy,7fb4d2ab3666b468064b410d06a817498b10331086e12cc90dd2452d18ecdd1b,"(16, 17, 17)",uint8
test,Malignant,BreaDM-Ma-2039,test/Malignant/BreaDM-Ma-2039/p-033.npy,09efe3baf39f3d9cb6c123c192e1572924da00cf9141db1224541e198de662d9,"(16, 17, 17)",uint8
test,Malignant,BreaDM-Ma-2039,test/Malignant/BreaDM-Ma-2039/p-034.npy,b876a6eed3e8dd17270893da195281e1585144b713423e7866b795d5bdbfc7ad,"(16, 17, 17)",uint8
test,Malignant,BreaDM-Ma-2039,test/Malignant/BreaDM-Ma-2039/p-035.npy,105af7b038b90dea92f5977d75abb625ad204aaa2c7cb5a1c122f32f4466d816,"(16, 17, 17)",uint8
test,Malignant,BreaDM-Ma-2039,test/Malignant/BreaDM-Ma-2039/p-036.npy,dd46597d1450f54b7a1012feb6a1de96d37ed27756eba0bd8a74fcd559421acf,"(16, 17, 17)",uint8
test,Malignant,BreaDM-Ma-2043,test/Malignant/BreaDM-Ma-2043/p-055.npy,9cd9a2146d807cf57d7cf9dcc42f695fca9510ee2ebbe7140be3a50bf0eca78e,"(24, 18, 17)",uint8
test,Malignant,BreaDM-Ma-2043,test/Malignant/BreaDM-Ma-2043/p-056.npy,7863412008c5966fd1b603a1bfa9566902bdf0f62477bbfd46c0c759527ed134,"(24, 18, 17)",uint8
test,Malignant,BreaDM-Ma-2043,test/Malignant/BreaDM-Ma-2043/p-057.npy,08647c4530bcfe29342abfe9fd5115cf08ef9e0992205c52d60121237d63eb41,"(24, 18, 17)",uint8
test,Malignant,BreaDM-Ma-2043,test/Malignant/BreaDM-Ma-2043/p-058.npy,ae2984580e88b29c32ea33456647fa27a89daf837efea533e9aae96b1c219c6c,"(24, 18, 17)",uint8
test,Malignant,BreaDM-Ma-2043,test/Malignant/BreaDM-Ma-2043/p-059.npy,fd5784b6dee82ac855c97753060a64f341946afa48860738d23155e4922b5a60,"(24, 18, 17)",uint8
test,Malignant,BreaDM-Ma-2043,test/Malignant/BreaDM-Ma-2043/p-060.npy,d4cc46958c4f6dedfa5a5a7bf68e6f049d6ddbd25179e6cd2ad34fcd8d175225,"(24, 18, 17)",uint8
test,Malignant,BreaDM-Ma-2043,test/Malignant/BreaDM-Ma-2043/p-061.npy,b375d4ef83ff39dc4228db1f59146accd488226debe8ec2b3f2c77d8b8b2e849,"(24, 18, 17)",uint8
test,Malignant,BreaDM-Ma-2043,test/Malignant/BreaDM-Ma-2043/p-062.npy,71a4a23755962cc72801ba9085f8c8dadebcf7ac647cba9a6cc38e32c0b66c22,"(24, 18, 17)",uint8
test,Malignant,BreaDM-Ma-2043,test/Malignant/BreaDM-Ma-2043/p-063.npy,6552938fdb6c488428eec3d6b6dda207e2d8afd9525a170659e8744d500c9a80,"(24, 18, 17)",uint8
test,Malignant,BreaDM-Ma-2043,test/Malignant/BreaDM-Ma-2043/p-064.npy,0c5962ffbc54ae78bf20db9380a231e5909e3334d829b4bc33d5d6ab5b13995f,"(24, 18, 17)",uint8
test,Malignant,BreaDM-Ma-2043,test/Malignant/BreaDM-Ma-2043/p-065.npy,7445c89be68e391e42fb30ab652dee73cac6054639144e1482ab0379ba0dbfbb,"(24, 18, 17)",uint8
test,Malignant,BreaDM-Ma-2044,test/Malignant/BreaDM-Ma-2044/p-054.npy,b993411c42bf5db2daeb844510691294969acff2453ecbb36a19620c958ba397,"(27, 26, 17)",uint8
test,Malignant,BreaDM-Ma-2044,test/Malignant/BreaDM-Ma-2044/p-055.npy,6c82247257633ef78044e0b10babe6ce54daca267996dac3467ffbb3c8b02bc0,"(27, 26, 17)",uint8
test,Malignant,BreaDM-Ma-2044,test/Malignant/BreaDM-Ma-2044/p-056.npy,2442379d6e0c5b66ab7a949f7406dd158bf5dd907c6ddc40b489506a1fe4a82a,"(27, 26, 17)",uint8
test,Malignant,BreaDM-Ma-2044,test/Malignant/BreaDM-Ma-2044/p-057.npy,03995178828bdb58918677f5b5c0141e2c5a07a90079eaa42c717160a1139cd3,"(27, 26, 17)",uint8
test,Malignant,BreaDM-Ma-2044,test/Malignant/BreaDM-Ma-2044/p-058.npy,daec3a904601c3f0198aa48195a7037d076756edb5517d201c3c7e934e97c7f0,"(27, 26, 17)",uint8
test,Malignant,BreaDM-Ma-2044,test/Malignant/BreaDM-Ma-2044/p-059.npy,d2c8052ce55c35cfecd30b741529046c624d713be6327ed92df88391dee4e1f5,"(27, 26, 17)",uint8
test,Malignant,BreaDM-Ma-2044,test/Malignant/BreaDM-Ma-2044/p-060.npy,b60310893b836a8d63ddb2b87b27bfab3895d30e59066880dd25bd884735294d,"(27, 26, 17)",uint8
test,Malignant,BreaDM-Ma-2044,test/Malignant/BreaDM-Ma-2044/p-061.npy,28ff7ac8dc1ab89fd0c545d65dcebdff11167fa6639eb5bd5caa7c2b0747f103,"(27, 26, 17)",uint8
test,Malignant,BreaDM-Ma-2044,test/Malignant/BreaDM-Ma-2044/p-062.npy,058cc15f8c490ba2a51670dda7bd76636918ef16423933dd51fef2d9a67bed7a,"(27, 26, 17)",uint8
test,Malignant,BreaDM-Ma-2044,test/Malignant/BreaDM-Ma-2044/p-063.npy,68dbdc61a2ce617a51182e85847ad56f81fc5070b4a6c15e1dd1040b4787ecc2,"(27, 26, 17)",uint8
test,Malignant,BreaDM-Ma-2044,test/Malignant/BreaDM-Ma-2044/p-064.npy,00b1ec2dffecb849dab733de336b7e459dc68d8eb5b1f944c0505fc33a97dc63,"(27, 26, 17)",uint8
test,Malignant,BreaDM-Ma-2107,test/Malignant/BreaDM-Ma-2107/p-058.npy,04e4dcf1563029b6a9f611fdc20a9835a8428b0c487a05dbd5e8605c1649f3c3,"(22, 26, 17)",uint8
test,Malignant,BreaDM-Ma-2107,test/Malignant/BreaDM-Ma-2107/p-059.npy,b88640d3542730316b54e2f189d953680036a527295e498d3db7505668d58b2f,"(22, 26, 17)",uint8
test,Malignant,BreaDM-Ma-2107,test/Malignant/BreaDM-Ma-2107/p-060.npy,ae4fdb3afd7e729920f3cb0b5dee6a2be5f867c95c6c0da2da1aabeeb35edaed,"(22, 26, 17)",uint8
test,Malignant,BreaDM-Ma-2107,test/Malignant/BreaDM-Ma-2107/p-061.npy,e0f515fb99065dbda1715b7af1eac3c15c827a1b5a02956664a6428606acad4e,"(22, 26, 17)",uint8
test,Malignant,BreaDM-Ma-2107,test/Malignant/BreaDM-Ma-2107/p-062.npy,6f3366895c37b490369209e4821ffa95e281eee243d05c0a44d93e693960ed07,"(22, 26, 17)",uint8
test,Malignant,BreaDM-Ma-2107,test/Malignant/BreaDM-Ma-2107/p-063.npy,41f1ea82764369cdc23bff175143299ff3b43af80c6b64c92b1a126dc4e92dc6,"(22, 26, 17)",uint8
test,Malignant,BreaDM-Ma-2107,test/Malignant/BreaDM-Ma-2107/p-064.npy,0d64f6aa3a13d5da58f8842138d40f339507f93588d14f8e2ff14bb1aed5d089,"(22, 26, 17)",uint8
test,Malignant,BreaDM-Ma-2107,test/Malignant/BreaDM-Ma-2107/p-065.npy,ec2e4f28cff4cd2059f0388bed27046d22fc80b66c8db6c95af72844e88a5a3a,"(22, 26, 17)",uint8
test,Malignant,BreaDM-Ma-2107,test/Malignant/BreaDM-Ma-2107/p-066.npy,2a8abba3379c4d4c6436bafc0f36d774c62c6f486aab1622813d775e8e408faf,"(22, 26, 17)",uint8
test,Malignant,BreaDM-Ma-2107,test/Malignant/BreaDM-Ma-2107/p-067.npy,77f3877f87d443639c7c4c3af0c84b59085f873a7ac4282f7bc51f22f4882b02,"(22, 26, 17)",uint8
test,Malignant,BreaDM-Ma-2107,test/Malignant/BreaDM-Ma-2107/p-068.npy,0709d9745e8a1c97cee4de906091c453d8b1c91c130f02db072e62308a5e7efa,"(22, 26, 17)",uint8
test,Malignant,BreaDM-Ma-2107,test/Malignant/BreaDM-Ma-2107/p-069.npy,9cc8597471bbf0b10cfcf944f7a6042c99cf7e3581a94c6bba1cc027f9dae55b,"(22, 26, 17)",uint8
test,Malignant,BreaDM-Ma-2107,test/Malignant/BreaDM-Ma-2107/p-070.npy,27863f71c130b652b8898213702c00ccf49d07fda643a7367fc55e5e2d38dcab,"(22, 26, 17)",uint8
test,Malignant,BreaDM-Ma-2108,test/Malignant/BreaDM-Ma-2108/p-061.npy,5605cc0585fc6568407c258ef421d18e286b51f11efbb68b197b07886456f32b,"(26, 26, 17)",uint8
test,Malignant,BreaDM-Ma-2108,test/Malignant/BreaDM-Ma-2108/p-062.npy,17991dfc9bf9a5b8d5ddb6bac87a5e3509786869a4a674048d6c6ea2b0f0c233,"(26, 26, 17)",uint8
test,Malignant,BreaDM-Ma-2108,test/Malignant/BreaDM-Ma-2108/p-063.npy,e90cee8d92333100e12ace61146e8288bf6037de2f13c2d14677effb3850e773,"(26, 26, 17)",uint8
test,Malignant,BreaDM-Ma-2108,test/Malignant/BreaDM-Ma-2108/p-064.npy,3d2dc502c07a4771e053e8756bec11f5146bd13ff2f7c96411805d356ed98439,"(26, 26, 17)",uint8
test,Malignant,BreaDM-Ma-2108,test/Malignant/BreaDM-Ma-2108/p-065.npy,2c792687b9a8a6299a97241e73136b7a2ae943e30ffcabe3d7a99f94147e08df,"(26, 26, 17)",uint8
test,Malignant,BreaDM-Ma-2108,test/Malignant/BreaDM-Ma-2108/p-066.npy,350b596434b37d69b58a4dd7c6d564429965dc17611798d2d7229376b1690b4d,"(26, 26, 17)",uint8
test,Malignant,BreaDM-Ma-2108,test/Malignant/BreaDM-Ma-2108/p-067.npy,fbff1c80d2a27bafb488333c5ca001f6d24fd90f9bc94e41be656e94a57bfed5,"(26, 26, 17)",uint8
test,Malignant,BreaDM-Ma-2108,test/Malignant/BreaDM-Ma-2108/p-068.npy,c5a4d382f61d60588693ae1e32a81dced5e212b2acebc0672c6630c27bb945ed,"(26, 26, 17)",uint8
test,Malignant,BreaDM-Ma-2108,test/Malignant/BreaDM-Ma-2108/p-069.npy,5aee8ca5612076b4d89a35a5f5448d5dabc5acc4589907d7c7e0fafffc7340cd,"(26, 26, 17)",uint8
test,Malignant,BreaDM-Ma-2108,test/Malignant/BreaDM-Ma-2108/p-070.npy,8d3f00cffbab8ad404df67ec2bc2391dbd79bde49239700b7e07f23e020e72c1,"(26, 26, 17)",uint8
test,Malignant,BreaDM-Ma-2108,test/Malignant/BreaDM-Ma-2108/p-071.npy,4a6764d8095c433d6ee7e232334ee64b9f819c6b8bea8fc9726a33802c678a40,"(26, 26, 17)",uint8
test,Malignant,BreaDM-Ma-2108,test/Malignant/BreaDM-Ma-2108/p-072.npy,2215af34cab46e2da77ed2a5599827cd959e0a294b4762f2575e2b07a06b53ce,"(26, 26, 17)",uint8
test,Malignant,BreaDM-Ma-2109,test/Malignant/BreaDM-Ma-2109/p-049.npy,c3eb1fd30536b86f1d56a950fd2abe3136253d09adead725e2faad59239a5c32,"(36, 25, 17)",uint8
test,Malignant,BreaDM-Ma-2109,test/Malignant/BreaDM-Ma-2109/p-050.npy,0e9645dd860be0469a0e0fdbd3f23b75c3a225ef8920aab883ddf24ac4433b9a,"(36, 25, 17)",uint8
test,Malignant,BreaDM-Ma-2109,test/Malignant/BreaDM-Ma-2109/p-051.npy,c05945ea0c5cbd464ee84d4fca52fc9f04e93cbc452d7f01ad5eeff524676a3f,"(36, 25, 17)",uint8
test,Malignant,BreaDM-Ma-2109,test/Malignant/BreaDM-Ma-2109/p-052.npy,0d11165a46efdda2aeef3a4873dab4c2e646c31bf29f6201a137f465f0f7edf1,"(36, 25, 17)",uint8
test,Malignant,BreaDM-Ma-2109,test/Malignant/BreaDM-Ma-2109/p-053.npy,a772b249b0704533e2cd95eddea59420bd082db67f327acc7d361f35712a81e5,"(36, 25, 17)",uint8
test,Malignant,BreaDM-Ma-2116,test/Malignant/BreaDM-Ma-2116/p-054.npy,ba70e7e2125b4faa14a2141b8a2605fcc753532c58677c581b629adc9d62a3b2,"(30, 25, 17)",uint8
test,Malignant,BreaDM-Ma-2116,test/Malignant/BreaDM-Ma-2116/p-055.npy,682ae341bbe5b40d01a375629cd03dacf5fd2376dd5df019c0888cb83a2f2860,"(30, 25, 17)",uint8
test,Malignant,BreaDM-Ma-2116,test/Malignant/BreaDM-Ma-2116/p-056.npy,a3906dc54c8e8c94a38dc8d56dad0a11972030ac6c962026877cf9bcc1dba977,"(30, 25, 17)",uint8
test,Malignant,BreaDM-Ma-2116,test/Malignant/BreaDM-Ma-2116/p-057.npy,43416eb820ac0d55d824beea413ff227b181c82df28bb300d0597e0552fb232d,"(30, 25, 17)",uint8
test,Malignant,BreaDM-Ma-2116,test/Malignant/BreaDM-Ma-2116/p-058.npy,460a4164fbf2051c06be0e0909ef5a7cb9c02dc7fe44eca5551da5d917964511,"(30, 25, 17)",uint8
test,Malignant,BreaDM-Ma-2116,test/Malignant/BreaDM-Ma-2116/p-059.npy,4a03eecb8e69bc6b230bd055e8b140eb16ab6fb538a2e3b94fc62c5b2e205dcc,"(30, 25, 17)",uint8
test,Malignant,BreaDM-Ma-2116,test/Malignant/BreaDM-Ma-2116/p-060.npy,2c9ca145e8cbb7e4de49ed749c2fc266f08c6e7cbe24078d77413986ec2cc9c5,"(30, 25, 17)",uint8
test,Malignant,BreaDM-Ma-2116,test/Malignant/BreaDM-Ma-2116/p-061.npy,d73d47d17bb107470a195075c7c7a0a5b00aa5970cc87ea259be72d49fbddcaf,"(30, 25, 17)",uint8
test,Malignant,BreaDM-Ma-2116,test/Malignant/BreaDM-Ma-2116/p-062.npy,40799ca85dc381bccdf57946004cf05b1f5734a72f2c6327b2dccfa95faa8129,"(30, 25, 17)",uint8
test,Malignant,BreaDM-Ma-2116,test/Malignant/BreaDM-Ma-2116/p-063.npy,f05d152e717e273aaaafab41334d5aeadd6f113b4dfb4645a01d7cfc13a9217f,"(30, 25, 17)",uint8
test,Malignant,BreaDM-Ma-2116,test/Malignant/BreaDM-Ma-2116/p-064.npy,fc48c8aaf7672325f06867226bf1c244ca9249dcc249f341cae30117a3c4d5c2,"(30, 25, 17)",uint8
test,Malignant,BreaDM-Ma-2116,test/Malignant/BreaDM-Ma-2116/p-065.npy,7f8715b92f09b8f8ac1efd64cbbdf6ad821951e980816c62b761acfb0f7582ef,"(30, 25, 17)",uint8
test,Malignant,BreaDM-Ma-2116,test/Malignant/BreaDM-Ma-2116/p-066.npy,c6ddfc9942ed83f841bc01d75bf26a892b0a6b2fab58420186be1b7916d210a8,"(30, 25, 17)",uint8
test,Malignant,BreaDM-Ma-2118,test/Malignant/BreaDM-Ma-2118/p-046.npy,fa5572aa2e42b861bac317331fa2d589593cbe962bb1ac18371c924da66c5195,"(18, 37, 17)",uint8
test,Malignant,BreaDM-Ma-2118,test/Malignant/BreaDM-Ma-2118/p-047.npy,2f4e19cc2512af233740cb59d6d29110761fc8900d2ceaee6669a212a844cfc2,"(18, 37, 17)",uint8
test,Malignant,BreaDM-Ma-2118,test/Malignant/BreaDM-Ma-2118/p-048.npy,20a60eba68f6a94c59b3f56861b5c7784ee71736ed2ab6c9c3f401e59e6aae6a,"(18, 37, 17)",uint8
test,Malignant,BreaDM-Ma-2118,test/Malignant/BreaDM-Ma-2118/p-049.npy,8b2cb93262e76f5e44dafa655cd56678d03cf6ed8753041ba81f3614b2a68a35,"(18, 37, 17)",uint8
test,Malignant,BreaDM-Ma-2118,test/Malignant/BreaDM-Ma-2118/p-050.npy,9f86b1ce82d9daaa6f698429aaace3f2139e18b817ad7b6966f911f2c115fb88,"(18, 37, 17)",uint8
test,Malignant,BreaDM-Ma-2118,test/Malignant/BreaDM-Ma-2118/p-051.npy,15325963ed469fff3f36e70262d30dca1a13aafead13a7fd029c37226b8d068e,"(18, 37, 17)",uint8
test,Malignant,BreaDM-Ma-2118,test/Malignant/BreaDM-Ma-2118/p-052.npy,a01d011ef03304befcd6514e51646d8c623c02b2a7fa43157b49e72c733ec88b,"(18, 37, 17)",uint8
test,Malignant,BreaDM-Ma-2118,test/Malignant/BreaDM-Ma-2118/p-053.npy,b08062578a83fb76b9234e57568b621730a12428c9ed4ef304baab9a4cddbfb2,"(18, 37, 17)",uint8
test,Malignant,BreaDM-Ma-2118,test/Malignant/BreaDM-Ma-2118/p-054.npy,0159cc794165bfbc6b55637f634b70d3ecdabfdcef551202c77fbb9f9ac238a8,"(18, 37, 17)",uint8
test,Malignant,BreaDM-Ma-2118,test/Malignant/BreaDM-Ma-2118/p-055.npy,a3682f528d3e70f4fa961cb06d80df4d6c2936dc266400c1e055007622e6cf45,"(18, 37, 17)",uint8
test,Malignant,BreaDM-Ma-2118,test/Malignant/BreaDM-Ma-2118/p-056.npy,924444b5de58affd5798be78741314e740cf63d6696a1df9afbce191625cbbe7,"(18, 37, 17)",uint8
test,Malignant,BreaDM-Ma-2122,test/Malignant/BreaDM-Ma-2122/p-027.npy,917fa4e647308f4b1e6e359b4d0a1d3601fac2dd4a0dbd9329c211bcc54dfd67,"(20, 14, 17)",uint8
test,Malignant,BreaDM-Ma-2122,test/Malignant/BreaDM-Ma-2122/p-028.npy,39717e67fc962747d374f6ca9ea2168eda791872be178319349cbe6871356268,"(20, 14, 17)",uint8
test,Malignant,BreaDM-Ma-2122,test/Malignant/BreaDM-Ma-2122/p-029.npy,b45435f27f6e66e47c55f09cad85ca93478088f5735f68591f22fb53c75e6fa9,"(20, 14, 17)",uint8
test,Malignant,BreaDM-Ma-2122,test/Malignant/BreaDM-Ma-2122/p-030.npy,ec3b815b50faf690eda1c9932ca17629759b1045d2e10cd7bb4cc4e1eb92c4c6,"(20, 14, 17)",uint8
test,Malignant,BreaDM-Ma-2122,test/Malignant/BreaDM-Ma-2122/p-031.npy,bf89c677aec26841f2cf3a7d289dec69bc236f75f46ee1f957607c526a8e850a,"(20, 14, 17)",uint8
test,Malignant,BreaDM-Ma-2125,test/Malignant/BreaDM-Ma-2125/p-018.npy,b59be141638b4d91d9caca205016d4d6891046a4fa629925ab08bf45ed4f8d79,"(28, 36, 17)",uint8
test,Malignant,BreaDM-Ma-2125,test/Malignant/BreaDM-Ma-2125/p-019.npy,2d2552ba3175aa45b32d9a38d52454654beb7bec174348344cfb0b0c3c8ebeaf,"(28, 36, 17)",uint8
test,Malignant,BreaDM-Ma-2125,test/Malignant/BreaDM-Ma-2125/p-020.npy,aba94c7f584172a6efbced740ec8ccb0398712906f6ba61b463276075ea3800d,"(28, 36, 17)",uint8
test,Malignant,BreaDM-Ma-2125,test/Malignant/BreaDM-Ma-2125/p-021.npy,d0ba0bd0d7228451a9a8aa08c3031ab6073a53d85391b906bd4036099e997856,"(28, 36, 17)",uint8
test,Malignant,BreaDM-Ma-2125,test/Malignant/BreaDM-Ma-2125/p-022.npy,383ee0a4bed9b3f2ff4c0684f2465a0804d6cb8a3287c26f843883904162c720,"(28, 36, 17)",uint8
test,Malignant,BreaDM-Ma-2125,test/Malignant/BreaDM-Ma-2125/p-023.npy,58300d284ca71014c1f800181517b0ee6a05c5beeab6bc5f0326efa3a2890bd2,"(28, 36, 17)",uint8
test,Malignant,BreaDM-Ma-2126,test/Malignant/BreaDM-Ma-2126/p-040.npy,928055a99fa445ee6a60d31e55880e11af19ddc64e2ce66fa2e860cd79f0b8c2,"(16, 25, 17)",uint8
test,Malignant,BreaDM-Ma-2126,test/Malignant/BreaDM-Ma-2126/p-041.npy,a75b31950b65fcec6e2425c00200b97e9a8ec77201053597625ba37f6d0c97d4,"(16, 25, 17)",uint8
test,Malignant,BreaDM-Ma-2126,test/Malignant/BreaDM-Ma-2126/p-042.npy,5462e260cdf573d9ffc01ac94c9544f7734f33e6f4d0d89e6eb26b22a5c352ef,"(16, 25, 17)",uint8
test,Malignant,BreaDM-Ma-2126,test/Malignant/BreaDM-Ma-2126/p-043.npy,a60c584271266e5ab35e000970020443a489aa4b3e11ebdf1608b2c600ca612c,"(16, 25, 17)",uint8
test,Malignant,BreaDM-Ma-2126,test/Malignant/BreaDM-Ma-2126/p-044.npy,2ee28e70d437f3a52c4b92365c2e0a149843dc2bac20ff1b2903fa2dec2681b4,"(16, 25, 17)",uint8
test,Malignant,BreaDM-Ma-2126,test/Malignant/BreaDM-Ma-2126/p-045.npy,bd8c8a99bb2a7336d9e33e957db9b65c923c6d4828a93199b61f9907bfeea34f,"(16, 25, 17)",uint8
test,Malignant,BreaDM-Ma-2126,test/Malignant/BreaDM-Ma-2126/p-046.npy,2bca6bc58075ec15cb32f157de252cb4e244db02d7c605c402cdcedf43b769b2,"(16, 25, 17)",uint8
test,Malignant,BreaDM-Ma-2131,test/Malignant/BreaDM-Ma-2131/p-051.npy,98074cc3de701b816b019de43dfabc12f6e847cbbeae28ed9f357d53bfff785a,"(24, 29, 17)",uint8
test,Malignant,BreaDM-Ma-2131,test/Malignant/BreaDM-Ma-2131/p-052.npy,d87d32bc2b5042baa19f3b164634d525dea64bf6fd116ed98417bd164c86d175,"(24, 29, 17)",uint8
test,Malignant,BreaDM-Ma-2131,test/Malignant/BreaDM-Ma-2131/p-053.npy,c38a51eb226a567d4afd5511e5a6ec368325e7ea8e3175cefcb06e64c862ea0b,"(24, 29, 17)",uint8
test,Malignant,BreaDM-Ma-2131,test/Malignant/BreaDM-Ma-2131/p-054.npy,47f23490e2081b0688686daa2cc5e50cc66e00fbeef9c2e39ddf7147180bd974,"(24, 29, 17)",uint8
test,Malignant,BreaDM-Ma-2131,test/Malignant/BreaDM-Ma-2131/p-055.npy,0140e22c309e58dccb6fa8bf6f7ff24f348ee838c4b5aec18b1cb8c9890283c8,"(24, 29, 17)",uint8
test,Malignant,BreaDM-Ma-2131,test/Malignant/BreaDM-Ma-2131/p-056.npy,88a281bdc5b4f1b5107978eee3fad83362044b73d21c221416fd0ae3d965e825,"(24, 29, 17)",uint8
test,Malignant,BreaDM-Ma-2131,test/Malignant/BreaDM-Ma-2131/p-057.npy,6cc63fed12703255971f1e7a239e51ec637df645d011e5ebf773c5e9ba4ae6ad,"(24, 29, 17)",uint8
test,Malignant,BreaDM-Ma-2131,test/Malignant/BreaDM-Ma-2131/p-058.npy,e7e4cec903767b8c243f7e986375cc72d3594ec7dfbdf1940d1c5bae9f8b1195,"(24, 29, 17)",uint8
test,Malignant,BreaDM-Ma-2131,test/Malignant/BreaDM-Ma-2131/p-059.npy,7abffb0aeb6e3023e6d481e257448af556888fe99d7bf92a3765a7408b649f3a,"(24, 29, 17)",uint8
test,Malignant,BreaDM-Ma-2131,test/Malignant/BreaDM-Ma-2131/p-060.npy,d3fd503e90e9006ce2b9573100aa146f9c07b2d08b95dad088a933e918ccdf9a,"(24, 29, 17)",uint8
test,Malignant,BreaDM-Ma-2131,test/Malignant/BreaDM-Ma-2131/p-061.npy,6a29a9834241060ed79491c86ed49a80f7ec2ee30c4e2dc127ece0fc0aca206e,"(24, 29, 17)",uint8
test,Malignant,BreaDM-Ma-2131,test/Malignant/BreaDM-Ma-2131/p-062.npy,7e3863ac94bf40cf640d5ae27717288f357d901b03284e204681aedd8b90fc66,"(24, 29, 17)",uint8
test,Malignant,BreaDM-Ma-2131,test/Malignant/BreaDM-Ma-2131/p-063.npy,2d74997b9481b7c1f06e00572f242e0e502d860a13815e7342db055996fb9f42,"(24, 29, 17)",uint8
test,Malignant,BreaDM-Ma-2131,test/Malignant/BreaDM-Ma-2131/p-064.npy,1bdc32080d95fbeb6f5524fe704a182d9a1cdab10b51d96528b4214a24a9455d,"(24, 29, 17)",uint8
test,Malignant,BreaDM-Ma-2131,test/Malignant/BreaDM-Ma-2131/p-065.npy,cb986b390aa9bded680c7ac59bdf5783196eb3da923f5b688aa3c19a2fd390f3,"(24, 29, 17)",uint8
test,Malignant,BreaDM-Ma-2134,test/Malignant/BreaDM-Ma-2134/p-042.npy,32a069d40402979cb8375f6e37fe371f7a13a32116ad824beba9187fbff7019b,"(24, 24, 17)",uint8
test,Malignant,BreaDM-Ma-2134,test/Malignant/BreaDM-Ma-2134/p-043.npy,9af687ba8c242540bde25fce89bd7060a090ed749be3503f975fc5d26ae8b730,"(24, 24, 17)",uint8
test,Malignant,BreaDM-Ma-2134,test/Malignant/BreaDM-Ma-2134/p-044.npy,00c5af64c90f2a1eae22f2c9057d9dde3377ff29f399728d5c85a04c6d1396e9,"(24, 24, 17)",uint8
test,Malignant,BreaDM-Ma-2134,test/Malignant/BreaDM-Ma-2134/p-045.npy,002ca7a276cc790353ed826d96d35ccf7ca10b05eae3d6ab3323b4c5fbb63d26,"(24, 24, 17)",uint8
test,Malignant,BreaDM-Ma-2134,test/Malignant/BreaDM-Ma-2134/p-046.npy,a7e37b5ff77ca4f476ee99b8501875571d6c9e42fa91cd1eb1b166d52d0fc847,"(24, 24, 17)",uint8
test,Malignant,BreaDM-Ma-2134,test/Malignant/BreaDM-Ma-2134/p-047.npy,1b7d6e745dd79162269c4d086a05e5db2fc036893431cb464248e916af4c94b2,"(24, 24, 17)",uint8
test,Malignant,BreaDM-Ma-2134,test/Malignant/BreaDM-Ma-2134/p-048.npy,3eb4a335d3fada597ff54e8a5cb8991ae1d95dafbcf4ec1fe7ec2abbbe1a1b2b,"(24, 24, 17)",uint8
test,Malignant,BreaDM-Ma-2134,test/Malignant/BreaDM-Ma-2134/p-049.npy,1b33661cb7d03698135a4189912010454691fe683ecfc37d1a67abfbd326791d,"(24, 24, 17)",uint8
test,Malignant,BreaDM-Ma-2134,test/Malignant/BreaDM-Ma-2134/p-050.npy,490ab459873e3b2924f44f5dd1f1fb2a026be5bafdf9bdf99b07fbc484935d35,"(24, 24, 17)",uint8
test,Malignant,BreaDM-Ma-2134,test/Malignant/BreaDM-Ma-2134/p-051.npy,3bfa7d78188985b837087043187e4bc229cdd835367b7f7dd53454ba08cf81eb,"(24, 24, 17)",uint8
test,Malignant,BreaDM-Ma-2140,test/Malignant/BreaDM-Ma-2140/p-034.npy,a39376bfcfcb18fcaea6d0b6117f1b0133f874dcd9bf4a7d8e1e4e4a764fca35,"(23, 24, 17)",uint8
test,Malignant,BreaDM-Ma-2140,test/Malignant/BreaDM-Ma-2140/p-035.npy,a618a898d0ef6b04367fd3a16fadcbe70ec5f03f64ea214f97116b861b314c36,"(23, 24, 17)",uint8
test,Malignant,BreaDM-Ma-2140,test/Malignant/BreaDM-Ma-2140/p-036.npy,c6116ded0117a2b6e21f96fdc5790b62d131d1e8b4781e0180e0a79f1b654b1f,"(23, 24, 17)",uint8
test,Malignant,BreaDM-Ma-2140,test/Malignant/BreaDM-Ma-2140/p-037.npy,b7e8e85b98e8483f09d10221d09f9123802cfef690186d74ee2ce06db4ccd9a5,"(23, 24, 17)",uint8
test,Malignant,BreaDM-Ma-2140,test/Malignant/BreaDM-Ma-2140/p-038.npy,7c4fc47873c0fe96fb1b547c2fd9d76f2d71f5997e31b89ebc545ea2b5185052,"(23, 24, 17)",uint8
test,Malignant,BreaDM-Ma-2140,test/Malignant/BreaDM-Ma-2140/p-039.npy,ee01af7038b83a04e81b7b561ca8ce97edb126b54e78ab8bedb8b08d384402ff,"(23, 24, 17)",uint8
test,Malignant,BreaDM-Ma-2140,test/Malignant/BreaDM-Ma-2140/p-040.npy,1353aa80e064c804593a4bd90f17bd0e648e1a233ae596bcefe37d41f7c0a556,"(23, 24, 17)",uint8
test,Malignant,BreaDM-Ma-2140,test/Malignant/BreaDM-Ma-2140/p-041.npy,eb777842178e17aa8c4d741085c5799c2689956a6f6a0ae2c55ad46b2b3878fe,"(23, 24, 17)",uint8
test,Malignant,BreaDM-Ma-2140,test/Malignant/BreaDM-Ma-2140/p-042.npy,210cd83dee72bd0ad5a1bf9b724f620a0a1644d58f532ae774f5e3e86a053992,"(23, 24, 17)",uint8
test,Malignant,BreaDM-Ma-2140,test/Malignant/BreaDM-Ma-2140/p-043.npy,e9da4aacd7de004fe2400a400b61a02be114cb5d1aecf9201357694bdd101132,"(23, 24, 17)",uint8
test,Malignant,BreaDM-Ma-2140,test/Malignant/BreaDM-Ma-2140/p-044.npy,a48db7eee2110f7e5d731c8c47eca6e544f057352ddc822cf825cec38dbe9576,"(23, 24, 17)",uint8
test,Malignant,BreaDM-Ma-2141,test/Malignant/BreaDM-Ma-2141/p-018.npy,57dd51e717ab7591d54cc7033cfb9453bd1d1f52f7ee62c2941ea8dfbe9267fd,"(15, 20, 17)",uint8
test,Malignant,BreaDM-Ma-2141,test/Malignant/BreaDM-Ma-2141/p-019.npy,c87f6dd444011eb487712923d543e8dfc7453a1152c835862a188ea54f278da7,"(15, 20, 17)",uint8
test,Malignant,BreaDM-Ma-2141,test/Malignant/BreaDM-Ma-2141/p-020.npy,111e83fed65dd74b17e7eb74cc25803e6e6ff130e8426f0e2b96995dcfdf7292,"(15, 20, 17)",uint8
test,Malignant,BreaDM-Ma-2141,test/Malignant/BreaDM-Ma-2141/p-021.npy,cc0f93eacade69f34c9289c30658b5c01f9f8567260339df21000ccff26e7d47,"(15, 20, 17)",uint8
test,Malignant,BreaDM-Ma-2141,test/Malignant/BreaDM-Ma-2141/p-022.npy,98cee82af9e65bf82ec2bafba2c31f0c3f0b68d4e7658408a3d9c9ac498c598d,"(15, 20, 17)",uint8
